[0.079s] DEBUG:colcon:Command line arguments: ['/usr/bin/colcon', 'build']
[0.079s] DEBUG:colcon:Parsed command line arguments: Namespace(log_base=None, log_level=None, verb_name='build', build_base='build', install_base='install', merge_install=False, symlink_install=False, test_result_base=None, continue_on_error=False, executor='parallel', parallel_workers=24, event_handlers=None, ignore_user_meta=False, metas=['./colcon.meta'], base_paths=['.'], packages_ignore=None, packages_ignore_regex=None, paths=None, packages_up_to=None, packages_up_to_regex=None, packages_above=None, packages_above_and_dependencies=None, packages_above_depth=None, packages_select_by_dep=None, packages_skip_by_dep=None, packages_skip_up_to=None, packages_select_build_failed=False, packages_skip_build_finished=False, packages_select_test_failures=False, packages_skip_test_passed=False, packages_select=None, packages_skip=None, packages_select_regex=None, packages_skip_regex=None, packages_start=None, packages_end=None, allow_overriding=[], cmake_args=None, cmake_target=None, cmake_target_skip_unavailable=False, cmake_clean_cache=False, cmake_clean_first=False, cmake_force_configure=False, ament_cmake_args=None, catkin_cmake_args=None, catkin_skip_building_tests=False, verb_parser=<colcon_defaults.argument_parser.defaults.DefaultArgumentsDecorator object at 0x72062d0799f0>, verb_extension=<colcon_core.verb.build.BuildVerb object at 0x72062d0793f0>, main=<bound method BuildVerb.main of <colcon_core.verb.build.BuildVerb object at 0x72062d0793f0>>)
[0.242s] Level 1:colcon.colcon_core.package_discovery:discover_packages(colcon_meta) check parameters
[0.242s] Level 1:colcon.colcon_core.package_discovery:discover_packages(recursive) check parameters
[0.242s] Level 1:colcon.colcon_core.package_discovery:discover_packages(ignore) check parameters
[0.242s] Level 1:colcon.colcon_core.package_discovery:discover_packages(path) check parameters
[0.242s] Level 1:colcon.colcon_core.package_discovery:discover_packages(colcon_meta) discover
[0.242s] Level 1:colcon.colcon_core.package_discovery:discover_packages(recursive) discover
[0.242s] INFO:colcon.colcon_core.package_discovery:Crawling recursively for packages in '/home/dlee/ros2_ws/src/sar_experiment'
[0.242s] Level 1:colcon.colcon_core.package_identification:_identify(.) by extensions ['ignore', 'ignore_ament_install']
[0.242s] Level 1:colcon.colcon_core.package_identification:_identify(.) by extension 'ignore'
[0.243s] Level 1:colcon.colcon_core.package_identification:_identify(.) by extension 'ignore_ament_install'
[0.243s] Level 1:colcon.colcon_core.package_identification:_identify(.) by extensions ['colcon_pkg']
[0.243s] Level 1:colcon.colcon_core.package_identification:_identify(.) by extension 'colcon_pkg'
[0.243s] Level 1:colcon.colcon_core.package_identification:_identify(.) by extensions ['colcon_meta']
[0.243s] Level 1:colcon.colcon_core.package_identification:_identify(.) by extension 'colcon_meta'
[0.243s] Level 1:colcon.colcon_core.package_identification:_identify(.) by extensions ['ros']
[0.243s] Level 1:colcon.colcon_core.package_identification:_identify(.) by extension 'ros'
[0.252s] Level 1:colcon.colcon_core.package_identification:_identify(.) by extensions ['cmake', 'python']
[0.252s] Level 1:colcon.colcon_core.package_identification:_identify(.) by extension 'cmake'
[0.252s] Level 1:colcon.colcon_core.package_identification:_identify(.) by extension 'python'
[0.252s] Level 1:colcon.colcon_core.package_identification:_identify(.) by extensions ['python_setup_py']
[0.252s] Level 1:colcon.colcon_core.package_identification:_identify(.) by extension 'python_setup_py'
[0.252s] Level 1:colcon.colcon_core.package_identification:_identify(CF_Apps) by extensions ['ignore', 'ignore_ament_install']
[0.252s] Level 1:colcon.colcon_core.package_identification:_identify(CF_Apps) by extension 'ignore'
[0.252s] Level 1:colcon.colcon_core.package_identification:_identify(CF_Apps) by extension 'ignore_ament_install'
[0.252s] Level 1:colcon.colcon_core.package_identification:_identify(CF_Apps) by extensions ['colcon_pkg']
[0.252s] Level 1:colcon.colcon_core.package_identification:_identify(CF_Apps) by extension 'colcon_pkg'
[0.252s] Level 1:colcon.colcon_core.package_identification:_identify(CF_Apps) by extensions ['colcon_meta']
[0.252s] Level 1:colcon.colcon_core.package_identification:_identify(CF_Apps) by extension 'colcon_meta'
[0.252s] Level 1:colcon.colcon_core.package_identification:_identify(CF_Apps) by extensions ['ros']
[0.252s] Level 1:colcon.colcon_core.package_identification:_identify(CF_Apps) by extension 'ros'
[0.252s] Level 1:colcon.colcon_core.package_identification:_identify(CF_Apps) ignored
[0.252s] Level 1:colcon.colcon_core.package_identification:_identify(build) by extensions ['ignore', 'ignore_ament_install']
[0.252s] Level 1:colcon.colcon_core.package_identification:_identify(build) by extension 'ignore'
[0.252s] Level 1:colcon.colcon_core.package_identification:_identify(build) ignored
[0.252s] Level 1:colcon.colcon_core.package_identification:_identify(crazyflie-firmware) by extensions ['ignore', 'ignore_ament_install']
[0.252s] Level 1:colcon.colcon_core.package_identification:_identify(crazyflie-firmware) by extension 'ignore'
[0.252s] Level 1:colcon.colcon_core.package_identification:_identify(crazyflie-firmware) by extension 'ignore_ament_install'
[0.252s] Level 1:colcon.colcon_core.package_identification:_identify(crazyflie-firmware) by extensions ['colcon_pkg']
[0.253s] Level 1:colcon.colcon_core.package_identification:_identify(crazyflie-firmware) by extension 'colcon_pkg'
[0.253s] Level 1:colcon.colcon_core.package_identification:_identify(crazyflie-firmware) by extensions ['colcon_meta']
[0.253s] Level 1:colcon.colcon_core.package_identification:_identify(crazyflie-firmware) by extension 'colcon_meta'
[0.253s] Level 1:colcon.colcon_core.package_identification:_identify(crazyflie-firmware) by extensions ['ros']
[0.253s] Level 1:colcon.colcon_core.package_identification:_identify(crazyflie-firmware) by extension 'ros'
[0.253s] Level 1:colcon.colcon_core.package_identification:_identify(crazyflie-firmware) ignored
[0.253s] Level 1:colcon.colcon_core.package_identification:_identify(crazyswarm2) by extensions ['ignore', 'ignore_ament_install']
[0.253s] Level 1:colcon.colcon_core.package_identification:_identify(crazyswarm2) by extension 'ignore'
[0.253s] Level 1:colcon.colcon_core.package_identification:_identify(crazyswarm2) by extension 'ignore_ament_install'
[0.253s] Level 1:colcon.colcon_core.package_identification:_identify(crazyswarm2) by extensions ['colcon_pkg']
[0.253s] Level 1:colcon.colcon_core.package_identification:_identify(crazyswarm2) by extension 'colcon_pkg'
[0.253s] Level 1:colcon.colcon_core.package_identification:_identify(crazyswarm2) by extensions ['colcon_meta']
[0.253s] Level 1:colcon.colcon_core.package_identification:_identify(crazyswarm2) by extension 'colcon_meta'
[0.253s] Level 1:colcon.colcon_core.package_identification:_identify(crazyswarm2) by extensions ['ros']
[0.253s] Level 1:colcon.colcon_core.package_identification:_identify(crazyswarm2) by extension 'ros'
[0.253s] Level 1:colcon.colcon_core.package_identification:_identify(crazyswarm2) by extensions ['cmake', 'python']
[0.253s] Level 1:colcon.colcon_core.package_identification:_identify(crazyswarm2) by extension 'cmake'
[0.253s] Level 1:colcon.colcon_core.package_identification:_identify(crazyswarm2) by extension 'python'
[0.253s] Level 1:colcon.colcon_core.package_identification:_identify(crazyswarm2) by extensions ['python_setup_py']
[0.253s] Level 1:colcon.colcon_core.package_identification:_identify(crazyswarm2) by extension 'python_setup_py'
[0.253s] Level 1:colcon.colcon_core.package_identification:_identify(crazyswarm2/crazyflie) by extensions ['ignore', 'ignore_ament_install']
[0.253s] Level 1:colcon.colcon_core.package_identification:_identify(crazyswarm2/crazyflie) by extension 'ignore'
[0.253s] Level 1:colcon.colcon_core.package_identification:_identify(crazyswarm2/crazyflie) by extension 'ignore_ament_install'
[0.253s] Level 1:colcon.colcon_core.package_identification:_identify(crazyswarm2/crazyflie) by extensions ['colcon_pkg']
[0.253s] Level 1:colcon.colcon_core.package_identification:_identify(crazyswarm2/crazyflie) by extension 'colcon_pkg'
[0.253s] Level 1:colcon.colcon_core.package_identification:_identify(crazyswarm2/crazyflie) by extensions ['colcon_meta']
[0.253s] Level 1:colcon.colcon_core.package_identification:_identify(crazyswarm2/crazyflie) by extension 'colcon_meta'
[0.253s] Level 1:colcon.colcon_core.package_identification:_identify(crazyswarm2/crazyflie) by extensions ['ros']
[0.254s] Level 1:colcon.colcon_core.package_identification:_identify(crazyswarm2/crazyflie) by extension 'ros'
[0.262s] DEBUG:colcon.colcon_core.package_identification:Package 'crazyswarm2/crazyflie' with type 'ros.ament_cmake' and name 'crazyflie'
[0.262s] Level 1:colcon.colcon_core.package_identification:_identify(crazyswarm2/crazyflie_examples) by extensions ['ignore', 'ignore_ament_install']
[0.262s] Level 1:colcon.colcon_core.package_identification:_identify(crazyswarm2/crazyflie_examples) by extension 'ignore'
[0.262s] Level 1:colcon.colcon_core.package_identification:_identify(crazyswarm2/crazyflie_examples) by extension 'ignore_ament_install'
[0.262s] Level 1:colcon.colcon_core.package_identification:_identify(crazyswarm2/crazyflie_examples) by extensions ['colcon_pkg']
[0.262s] Level 1:colcon.colcon_core.package_identification:_identify(crazyswarm2/crazyflie_examples) by extension 'colcon_pkg'
[0.262s] Level 1:colcon.colcon_core.package_identification:_identify(crazyswarm2/crazyflie_examples) by extensions ['colcon_meta']
[0.262s] Level 1:colcon.colcon_core.package_identification:_identify(crazyswarm2/crazyflie_examples) by extension 'colcon_meta'
[0.262s] Level 1:colcon.colcon_core.package_identification:_identify(crazyswarm2/crazyflie_examples) by extensions ['ros']
[0.262s] Level 1:colcon.colcon_core.package_identification:_identify(crazyswarm2/crazyflie_examples) by extension 'ros'
[0.263s] DEBUG:colcon.colcon_core.package_identification:Package 'crazyswarm2/crazyflie_examples' with type 'ros.ament_cmake' and name 'crazyflie_examples'
[0.263s] Level 1:colcon.colcon_core.package_identification:_identify(crazyswarm2/crazyflie_interfaces) by extensions ['ignore', 'ignore_ament_install']
[0.263s] Level 1:colcon.colcon_core.package_identification:_identify(crazyswarm2/crazyflie_interfaces) by extension 'ignore'
[0.263s] Level 1:colcon.colcon_core.package_identification:_identify(crazyswarm2/crazyflie_interfaces) by extension 'ignore_ament_install'
[0.263s] Level 1:colcon.colcon_core.package_identification:_identify(crazyswarm2/crazyflie_interfaces) by extensions ['colcon_pkg']
[0.263s] Level 1:colcon.colcon_core.package_identification:_identify(crazyswarm2/crazyflie_interfaces) by extension 'colcon_pkg'
[0.263s] Level 1:colcon.colcon_core.package_identification:_identify(crazyswarm2/crazyflie_interfaces) by extensions ['colcon_meta']
[0.263s] Level 1:colcon.colcon_core.package_identification:_identify(crazyswarm2/crazyflie_interfaces) by extension 'colcon_meta'
[0.263s] Level 1:colcon.colcon_core.package_identification:_identify(crazyswarm2/crazyflie_interfaces) by extensions ['ros']
[0.263s] Level 1:colcon.colcon_core.package_identification:_identify(crazyswarm2/crazyflie_interfaces) by extension 'ros'
[0.263s] DEBUG:colcon.colcon_core.package_identification:Package 'crazyswarm2/crazyflie_interfaces' with type 'ros.ament_cmake' and name 'crazyflie_interfaces'
[0.263s] Level 1:colcon.colcon_core.package_identification:_identify(crazyswarm2/crazyflie_py) by extensions ['ignore', 'ignore_ament_install']
[0.263s] Level 1:colcon.colcon_core.package_identification:_identify(crazyswarm2/crazyflie_py) by extension 'ignore'
[0.263s] Level 1:colcon.colcon_core.package_identification:_identify(crazyswarm2/crazyflie_py) by extension 'ignore_ament_install'
[0.264s] Level 1:colcon.colcon_core.package_identification:_identify(crazyswarm2/crazyflie_py) by extensions ['colcon_pkg']
[0.264s] Level 1:colcon.colcon_core.package_identification:_identify(crazyswarm2/crazyflie_py) by extension 'colcon_pkg'
[0.264s] Level 1:colcon.colcon_core.package_identification:_identify(crazyswarm2/crazyflie_py) by extensions ['colcon_meta']
[0.264s] Level 1:colcon.colcon_core.package_identification:_identify(crazyswarm2/crazyflie_py) by extension 'colcon_meta'
[0.264s] Level 1:colcon.colcon_core.package_identification:_identify(crazyswarm2/crazyflie_py) by extensions ['ros']
[0.264s] Level 1:colcon.colcon_core.package_identification:_identify(crazyswarm2/crazyflie_py) by extension 'ros'
[0.264s] DEBUG:colcon.colcon_core.package_identification:Package 'crazyswarm2/crazyflie_py' with type 'ros.ament_python' and name 'crazyflie_py'
[0.264s] Level 1:colcon.colcon_core.package_identification:_identify(crazyswarm2/crazyflie_sim) by extensions ['ignore', 'ignore_ament_install']
[0.264s] Level 1:colcon.colcon_core.package_identification:_identify(crazyswarm2/crazyflie_sim) by extension 'ignore'
[0.264s] Level 1:colcon.colcon_core.package_identification:_identify(crazyswarm2/crazyflie_sim) by extension 'ignore_ament_install'
[0.264s] Level 1:colcon.colcon_core.package_identification:_identify(crazyswarm2/crazyflie_sim) by extensions ['colcon_pkg']
[0.264s] Level 1:colcon.colcon_core.package_identification:_identify(crazyswarm2/crazyflie_sim) by extension 'colcon_pkg'
[0.264s] Level 1:colcon.colcon_core.package_identification:_identify(crazyswarm2/crazyflie_sim) by extensions ['colcon_meta']
[0.264s] Level 1:colcon.colcon_core.package_identification:_identify(crazyswarm2/crazyflie_sim) by extension 'colcon_meta'
[0.264s] Level 1:colcon.colcon_core.package_identification:_identify(crazyswarm2/crazyflie_sim) by extensions ['ros']
[0.264s] Level 1:colcon.colcon_core.package_identification:_identify(crazyswarm2/crazyflie_sim) by extension 'ros'
[0.265s] DEBUG:colcon.colcon_core.package_identification:Package 'crazyswarm2/crazyflie_sim' with type 'ros.ament_cmake' and name 'crazyflie_sim'
[0.265s] Level 1:colcon.colcon_core.package_identification:_identify(crazyswarm2/docs) by extensions ['ignore', 'ignore_ament_install']
[0.265s] Level 1:colcon.colcon_core.package_identification:_identify(crazyswarm2/docs) by extension 'ignore'
[0.265s] Level 1:colcon.colcon_core.package_identification:_identify(crazyswarm2/docs) by extension 'ignore_ament_install'
[0.265s] Level 1:colcon.colcon_core.package_identification:_identify(crazyswarm2/docs) by extensions ['colcon_pkg']
[0.265s] Level 1:colcon.colcon_core.package_identification:_identify(crazyswarm2/docs) by extension 'colcon_pkg'
[0.265s] Level 1:colcon.colcon_core.package_identification:_identify(crazyswarm2/docs) by extensions ['colcon_meta']
[0.265s] Level 1:colcon.colcon_core.package_identification:_identify(crazyswarm2/docs) by extension 'colcon_meta'
[0.265s] Level 1:colcon.colcon_core.package_identification:_identify(crazyswarm2/docs) by extensions ['ros']
[0.265s] Level 1:colcon.colcon_core.package_identification:_identify(crazyswarm2/docs) by extension 'ros'
[0.265s] Level 1:colcon.colcon_core.package_identification:_identify(crazyswarm2/docs) by extensions ['cmake', 'python']
[0.265s] Level 1:colcon.colcon_core.package_identification:_identify(crazyswarm2/docs) by extension 'cmake'
[0.266s] Level 1:colcon.colcon_core.package_identification:_identify(crazyswarm2/docs) by extension 'python'
[0.266s] Level 1:colcon.colcon_core.package_identification:_identify(crazyswarm2/docs) by extensions ['python_setup_py']
[0.266s] Level 1:colcon.colcon_core.package_identification:_identify(crazyswarm2/docs) by extension 'python_setup_py'
[0.266s] Level 1:colcon.colcon_core.package_identification:_identify(crazyswarm2/docs/generated) by extensions ['ignore', 'ignore_ament_install']
[0.266s] Level 1:colcon.colcon_core.package_identification:_identify(crazyswarm2/docs/generated) by extension 'ignore'
[0.266s] Level 1:colcon.colcon_core.package_identification:_identify(crazyswarm2/docs/generated) by extension 'ignore_ament_install'
[0.266s] Level 1:colcon.colcon_core.package_identification:_identify(crazyswarm2/docs/generated) by extensions ['colcon_pkg']
[0.266s] Level 1:colcon.colcon_core.package_identification:_identify(crazyswarm2/docs/generated) by extension 'colcon_pkg'
[0.266s] Level 1:colcon.colcon_core.package_identification:_identify(crazyswarm2/docs/generated) by extensions ['colcon_meta']
[0.266s] Level 1:colcon.colcon_core.package_identification:_identify(crazyswarm2/docs/generated) by extension 'colcon_meta'
[0.266s] Level 1:colcon.colcon_core.package_identification:_identify(crazyswarm2/docs/generated) by extensions ['ros']
[0.266s] Level 1:colcon.colcon_core.package_identification:_identify(crazyswarm2/docs/generated) by extension 'ros'
[0.266s] Level 1:colcon.colcon_core.package_identification:_identify(crazyswarm2/docs/generated) by extensions ['cmake', 'python']
[0.266s] Level 1:colcon.colcon_core.package_identification:_identify(crazyswarm2/docs/generated) by extension 'cmake'
[0.266s] Level 1:colcon.colcon_core.package_identification:_identify(crazyswarm2/docs/generated) by extension 'python'
[0.266s] Level 1:colcon.colcon_core.package_identification:_identify(crazyswarm2/docs/generated) by extensions ['python_setup_py']
[0.266s] Level 1:colcon.colcon_core.package_identification:_identify(crazyswarm2/docs/generated) by extension 'python_setup_py'
[0.266s] Level 1:colcon.colcon_core.package_identification:_identify(crazyswarm2/docs/howto) by extensions ['ignore', 'ignore_ament_install']
[0.266s] Level 1:colcon.colcon_core.package_identification:_identify(crazyswarm2/docs/howto) by extension 'ignore'
[0.266s] Level 1:colcon.colcon_core.package_identification:_identify(crazyswarm2/docs/howto) by extension 'ignore_ament_install'
[0.266s] Level 1:colcon.colcon_core.package_identification:_identify(crazyswarm2/docs/howto) by extensions ['colcon_pkg']
[0.266s] Level 1:colcon.colcon_core.package_identification:_identify(crazyswarm2/docs/howto) by extension 'colcon_pkg'
[0.266s] Level 1:colcon.colcon_core.package_identification:_identify(crazyswarm2/docs/howto) by extensions ['colcon_meta']
[0.266s] Level 1:colcon.colcon_core.package_identification:_identify(crazyswarm2/docs/howto) by extension 'colcon_meta'
[0.266s] Level 1:colcon.colcon_core.package_identification:_identify(crazyswarm2/docs/howto) by extensions ['ros']
[0.266s] Level 1:colcon.colcon_core.package_identification:_identify(crazyswarm2/docs/howto) by extension 'ros'
[0.266s] Level 1:colcon.colcon_core.package_identification:_identify(crazyswarm2/docs/howto) by extensions ['cmake', 'python']
[0.266s] Level 1:colcon.colcon_core.package_identification:_identify(crazyswarm2/docs/howto) by extension 'cmake'
[0.267s] Level 1:colcon.colcon_core.package_identification:_identify(crazyswarm2/docs/howto) by extension 'python'
[0.267s] Level 1:colcon.colcon_core.package_identification:_identify(crazyswarm2/docs/howto) by extensions ['python_setup_py']
[0.267s] Level 1:colcon.colcon_core.package_identification:_identify(crazyswarm2/docs/howto) by extension 'python_setup_py'
[0.267s] Level 1:colcon.colcon_core.package_identification:_identify(crazyswarm2/docs/images) by extensions ['ignore', 'ignore_ament_install']
[0.267s] Level 1:colcon.colcon_core.package_identification:_identify(crazyswarm2/docs/images) by extension 'ignore'
[0.267s] Level 1:colcon.colcon_core.package_identification:_identify(crazyswarm2/docs/images) by extension 'ignore_ament_install'
[0.267s] Level 1:colcon.colcon_core.package_identification:_identify(crazyswarm2/docs/images) by extensions ['colcon_pkg']
[0.267s] Level 1:colcon.colcon_core.package_identification:_identify(crazyswarm2/docs/images) by extension 'colcon_pkg'
[0.267s] Level 1:colcon.colcon_core.package_identification:_identify(crazyswarm2/docs/images) by extensions ['colcon_meta']
[0.267s] Level 1:colcon.colcon_core.package_identification:_identify(crazyswarm2/docs/images) by extension 'colcon_meta'
[0.267s] Level 1:colcon.colcon_core.package_identification:_identify(crazyswarm2/docs/images) by extensions ['ros']
[0.267s] Level 1:colcon.colcon_core.package_identification:_identify(crazyswarm2/docs/images) by extension 'ros'
[0.267s] Level 1:colcon.colcon_core.package_identification:_identify(crazyswarm2/docs/images) by extensions ['cmake', 'python']
[0.267s] Level 1:colcon.colcon_core.package_identification:_identify(crazyswarm2/docs/images) by extension 'cmake'
[0.267s] Level 1:colcon.colcon_core.package_identification:_identify(crazyswarm2/docs/images) by extension 'python'
[0.267s] Level 1:colcon.colcon_core.package_identification:_identify(crazyswarm2/docs/images) by extensions ['python_setup_py']
[0.267s] Level 1:colcon.colcon_core.package_identification:_identify(crazyswarm2/docs/images) by extension 'python_setup_py'
[0.267s] Level 1:colcon.colcon_core.package_identification:_identify(crazyswarm2/docs/tutorials) by extensions ['ignore', 'ignore_ament_install']
[0.267s] Level 1:colcon.colcon_core.package_identification:_identify(crazyswarm2/docs/tutorials) by extension 'ignore'
[0.267s] Level 1:colcon.colcon_core.package_identification:_identify(crazyswarm2/docs/tutorials) by extension 'ignore_ament_install'
[0.267s] Level 1:colcon.colcon_core.package_identification:_identify(crazyswarm2/docs/tutorials) by extensions ['colcon_pkg']
[0.267s] Level 1:colcon.colcon_core.package_identification:_identify(crazyswarm2/docs/tutorials) by extension 'colcon_pkg'
[0.267s] Level 1:colcon.colcon_core.package_identification:_identify(crazyswarm2/docs/tutorials) by extensions ['colcon_meta']
[0.267s] Level 1:colcon.colcon_core.package_identification:_identify(crazyswarm2/docs/tutorials) by extension 'colcon_meta'
[0.267s] Level 1:colcon.colcon_core.package_identification:_identify(crazyswarm2/docs/tutorials) by extensions ['ros']
[0.267s] Level 1:colcon.colcon_core.package_identification:_identify(crazyswarm2/docs/tutorials) by extension 'ros'
[0.267s] Level 1:colcon.colcon_core.package_identification:_identify(crazyswarm2/docs/tutorials) by extensions ['cmake', 'python']
[0.268s] Level 1:colcon.colcon_core.package_identification:_identify(crazyswarm2/docs/tutorials) by extension 'cmake'
[0.268s] Level 1:colcon.colcon_core.package_identification:_identify(crazyswarm2/docs/tutorials) by extension 'python'
[0.268s] Level 1:colcon.colcon_core.package_identification:_identify(crazyswarm2/docs/tutorials) by extensions ['python_setup_py']
[0.268s] Level 1:colcon.colcon_core.package_identification:_identify(crazyswarm2/docs/tutorials) by extension 'python_setup_py'
[0.268s] Level 1:colcon.colcon_core.package_identification:_identify(crazyswarm2/docs2) by extensions ['ignore', 'ignore_ament_install']
[0.268s] Level 1:colcon.colcon_core.package_identification:_identify(crazyswarm2/docs2) by extension 'ignore'
[0.268s] Level 1:colcon.colcon_core.package_identification:_identify(crazyswarm2/docs2) by extension 'ignore_ament_install'
[0.268s] Level 1:colcon.colcon_core.package_identification:_identify(crazyswarm2/docs2) by extensions ['colcon_pkg']
[0.268s] Level 1:colcon.colcon_core.package_identification:_identify(crazyswarm2/docs2) by extension 'colcon_pkg'
[0.268s] Level 1:colcon.colcon_core.package_identification:_identify(crazyswarm2/docs2) by extensions ['colcon_meta']
[0.268s] Level 1:colcon.colcon_core.package_identification:_identify(crazyswarm2/docs2) by extension 'colcon_meta'
[0.268s] Level 1:colcon.colcon_core.package_identification:_identify(crazyswarm2/docs2) by extensions ['ros']
[0.268s] Level 1:colcon.colcon_core.package_identification:_identify(crazyswarm2/docs2) by extension 'ros'
[0.268s] Level 1:colcon.colcon_core.package_identification:_identify(crazyswarm2/docs2) by extensions ['cmake', 'python']
[0.268s] Level 1:colcon.colcon_core.package_identification:_identify(crazyswarm2/docs2) by extension 'cmake'
[0.268s] Level 1:colcon.colcon_core.package_identification:_identify(crazyswarm2/docs2) by extension 'python'
[0.268s] Level 1:colcon.colcon_core.package_identification:_identify(crazyswarm2/docs2) by extensions ['python_setup_py']
[0.268s] Level 1:colcon.colcon_core.package_identification:_identify(crazyswarm2/docs2) by extension 'python_setup_py'
[0.268s] Level 1:colcon.colcon_core.package_identification:_identify(crazyswarm2/docs2/images) by extensions ['ignore', 'ignore_ament_install']
[0.268s] Level 1:colcon.colcon_core.package_identification:_identify(crazyswarm2/docs2/images) by extension 'ignore'
[0.268s] Level 1:colcon.colcon_core.package_identification:_identify(crazyswarm2/docs2/images) by extension 'ignore_ament_install'
[0.268s] Level 1:colcon.colcon_core.package_identification:_identify(crazyswarm2/docs2/images) by extensions ['colcon_pkg']
[0.268s] Level 1:colcon.colcon_core.package_identification:_identify(crazyswarm2/docs2/images) by extension 'colcon_pkg'
[0.268s] Level 1:colcon.colcon_core.package_identification:_identify(crazyswarm2/docs2/images) by extensions ['colcon_meta']
[0.268s] Level 1:colcon.colcon_core.package_identification:_identify(crazyswarm2/docs2/images) by extension 'colcon_meta'
[0.268s] Level 1:colcon.colcon_core.package_identification:_identify(crazyswarm2/docs2/images) by extensions ['ros']
[0.268s] Level 1:colcon.colcon_core.package_identification:_identify(crazyswarm2/docs2/images) by extension 'ros'
[0.268s] Level 1:colcon.colcon_core.package_identification:_identify(crazyswarm2/docs2/images) by extensions ['cmake', 'python']
[0.269s] Level 1:colcon.colcon_core.package_identification:_identify(crazyswarm2/docs2/images) by extension 'cmake'
[0.269s] Level 1:colcon.colcon_core.package_identification:_identify(crazyswarm2/docs2/images) by extension 'python'
[0.269s] Level 1:colcon.colcon_core.package_identification:_identify(crazyswarm2/docs2/images) by extensions ['python_setup_py']
[0.269s] Level 1:colcon.colcon_core.package_identification:_identify(crazyswarm2/docs2/images) by extension 'python_setup_py'
[0.269s] Level 1:colcon.colcon_core.package_identification:_identify(crazyswarm2/motion_capture_tracking) by extensions ['ignore', 'ignore_ament_install']
[0.269s] Level 1:colcon.colcon_core.package_identification:_identify(crazyswarm2/motion_capture_tracking) by extension 'ignore'
[0.269s] Level 1:colcon.colcon_core.package_identification:_identify(crazyswarm2/motion_capture_tracking) by extension 'ignore_ament_install'
[0.269s] Level 1:colcon.colcon_core.package_identification:_identify(crazyswarm2/motion_capture_tracking) by extensions ['colcon_pkg']
[0.269s] Level 1:colcon.colcon_core.package_identification:_identify(crazyswarm2/motion_capture_tracking) by extension 'colcon_pkg'
[0.269s] Level 1:colcon.colcon_core.package_identification:_identify(crazyswarm2/motion_capture_tracking) by extensions ['colcon_meta']
[0.269s] Level 1:colcon.colcon_core.package_identification:_identify(crazyswarm2/motion_capture_tracking) by extension 'colcon_meta'
[0.269s] Level 1:colcon.colcon_core.package_identification:_identify(crazyswarm2/motion_capture_tracking) by extensions ['ros']
[0.269s] Level 1:colcon.colcon_core.package_identification:_identify(crazyswarm2/motion_capture_tracking) by extension 'ros'
[0.270s] DEBUG:colcon.colcon_core.package_identification:Package 'crazyswarm2/motion_capture_tracking' with type 'ros.ament_cmake' and name 'motion_capture_tracking'
[0.270s] Level 1:colcon.colcon_core.package_identification:_identify(crazyswarm2/motion_capture_tracking_interfaces) by extensions ['ignore', 'ignore_ament_install']
[0.270s] Level 1:colcon.colcon_core.package_identification:_identify(crazyswarm2/motion_capture_tracking_interfaces) by extension 'ignore'
[0.270s] Level 1:colcon.colcon_core.package_identification:_identify(crazyswarm2/motion_capture_tracking_interfaces) by extension 'ignore_ament_install'
[0.270s] Level 1:colcon.colcon_core.package_identification:_identify(crazyswarm2/motion_capture_tracking_interfaces) by extensions ['colcon_pkg']
[0.270s] Level 1:colcon.colcon_core.package_identification:_identify(crazyswarm2/motion_capture_tracking_interfaces) by extension 'colcon_pkg'
[0.270s] Level 1:colcon.colcon_core.package_identification:_identify(crazyswarm2/motion_capture_tracking_interfaces) by extensions ['colcon_meta']
[0.270s] Level 1:colcon.colcon_core.package_identification:_identify(crazyswarm2/motion_capture_tracking_interfaces) by extension 'colcon_meta'
[0.270s] Level 1:colcon.colcon_core.package_identification:_identify(crazyswarm2/motion_capture_tracking_interfaces) by extensions ['ros']
[0.270s] Level 1:colcon.colcon_core.package_identification:_identify(crazyswarm2/motion_capture_tracking_interfaces) by extension 'ros'
[0.270s] DEBUG:colcon.colcon_core.package_identification:Package 'crazyswarm2/motion_capture_tracking_interfaces' with type 'ros.ament_cmake' and name 'motion_capture_tracking_interfaces'
[0.271s] Level 1:colcon.colcon_core.package_identification:_identify(crazyswarm2/prebuilt) by extensions ['ignore', 'ignore_ament_install']
[0.271s] Level 1:colcon.colcon_core.package_identification:_identify(crazyswarm2/prebuilt) by extension 'ignore'
[0.271s] Level 1:colcon.colcon_core.package_identification:_identify(crazyswarm2/prebuilt) by extension 'ignore_ament_install'
[0.271s] Level 1:colcon.colcon_core.package_identification:_identify(crazyswarm2/prebuilt) by extensions ['colcon_pkg']
[0.271s] Level 1:colcon.colcon_core.package_identification:_identify(crazyswarm2/prebuilt) by extension 'colcon_pkg'
[0.271s] Level 1:colcon.colcon_core.package_identification:_identify(crazyswarm2/prebuilt) by extensions ['colcon_meta']
[0.271s] Level 1:colcon.colcon_core.package_identification:_identify(crazyswarm2/prebuilt) by extension 'colcon_meta'
[0.271s] Level 1:colcon.colcon_core.package_identification:_identify(crazyswarm2/prebuilt) by extensions ['ros']
[0.271s] Level 1:colcon.colcon_core.package_identification:_identify(crazyswarm2/prebuilt) by extension 'ros'
[0.271s] Level 1:colcon.colcon_core.package_identification:_identify(crazyswarm2/prebuilt) by extensions ['cmake', 'python']
[0.271s] Level 1:colcon.colcon_core.package_identification:_identify(crazyswarm2/prebuilt) by extension 'cmake'
[0.271s] Level 1:colcon.colcon_core.package_identification:_identify(crazyswarm2/prebuilt) by extension 'python'
[0.271s] Level 1:colcon.colcon_core.package_identification:_identify(crazyswarm2/prebuilt) by extensions ['python_setup_py']
[0.271s] Level 1:colcon.colcon_core.package_identification:_identify(crazyswarm2/prebuilt) by extension 'python_setup_py'
[0.271s] Level 1:colcon.colcon_core.package_identification:_identify(crazyswarm2/ros_ws) by extensions ['ignore', 'ignore_ament_install']
[0.271s] Level 1:colcon.colcon_core.package_identification:_identify(crazyswarm2/ros_ws) by extension 'ignore'
[0.271s] Level 1:colcon.colcon_core.package_identification:_identify(crazyswarm2/ros_ws) by extension 'ignore_ament_install'
[0.271s] Level 1:colcon.colcon_core.package_identification:_identify(crazyswarm2/ros_ws) by extensions ['colcon_pkg']
[0.271s] Level 1:colcon.colcon_core.package_identification:_identify(crazyswarm2/ros_ws) by extension 'colcon_pkg'
[0.271s] Level 1:colcon.colcon_core.package_identification:_identify(crazyswarm2/ros_ws) by extensions ['colcon_meta']
[0.271s] Level 1:colcon.colcon_core.package_identification:_identify(crazyswarm2/ros_ws) by extension 'colcon_meta'
[0.271s] Level 1:colcon.colcon_core.package_identification:_identify(crazyswarm2/ros_ws) by extensions ['ros']
[0.271s] Level 1:colcon.colcon_core.package_identification:_identify(crazyswarm2/ros_ws) by extension 'ros'
[0.271s] Level 1:colcon.colcon_core.package_identification:_identify(crazyswarm2/ros_ws) by extensions ['cmake', 'python']
[0.271s] Level 1:colcon.colcon_core.package_identification:_identify(crazyswarm2/ros_ws) by extension 'cmake'
[0.271s] Level 1:colcon.colcon_core.package_identification:_identify(crazyswarm2/ros_ws) by extension 'python'
[0.271s] Level 1:colcon.colcon_core.package_identification:_identify(crazyswarm2/ros_ws) by extensions ['python_setup_py']
[0.271s] Level 1:colcon.colcon_core.package_identification:_identify(crazyswarm2/ros_ws) by extension 'python_setup_py'
[0.272s] Level 1:colcon.colcon_core.package_identification:_identify(crazyswarm2/ros_ws/src) by extensions ['ignore', 'ignore_ament_install']
[0.272s] Level 1:colcon.colcon_core.package_identification:_identify(crazyswarm2/ros_ws/src) by extension 'ignore'
[0.272s] Level 1:colcon.colcon_core.package_identification:_identify(crazyswarm2/ros_ws/src) by extension 'ignore_ament_install'
[0.272s] Level 1:colcon.colcon_core.package_identification:_identify(crazyswarm2/ros_ws/src) by extensions ['colcon_pkg']
[0.272s] Level 1:colcon.colcon_core.package_identification:_identify(crazyswarm2/ros_ws/src) by extension 'colcon_pkg'
[0.272s] Level 1:colcon.colcon_core.package_identification:_identify(crazyswarm2/ros_ws/src) by extensions ['colcon_meta']
[0.272s] Level 1:colcon.colcon_core.package_identification:_identify(crazyswarm2/ros_ws/src) by extension 'colcon_meta'
[0.272s] Level 1:colcon.colcon_core.package_identification:_identify(crazyswarm2/ros_ws/src) by extensions ['ros']
[0.272s] Level 1:colcon.colcon_core.package_identification:_identify(crazyswarm2/ros_ws/src) by extension 'ros'
[0.272s] Level 1:colcon.colcon_core.package_identification:_identify(crazyswarm2/ros_ws/src) by extensions ['cmake', 'python']
[0.272s] Level 1:colcon.colcon_core.package_identification:_identify(crazyswarm2/ros_ws/src) by extension 'cmake'
[0.272s] Level 1:colcon.colcon_core.package_identification:_identify(crazyswarm2/ros_ws/src) by extension 'python'
[0.272s] Level 1:colcon.colcon_core.package_identification:_identify(crazyswarm2/ros_ws/src) by extensions ['python_setup_py']
[0.272s] Level 1:colcon.colcon_core.package_identification:_identify(crazyswarm2/ros_ws/src) by extension 'python_setup_py'
[0.272s] Level 1:colcon.colcon_core.package_identification:_identify(crazyswarm2/ros_ws/src/crazyswarm) by extensions ['ignore', 'ignore_ament_install']
[0.272s] Level 1:colcon.colcon_core.package_identification:_identify(crazyswarm2/ros_ws/src/crazyswarm) by extension 'ignore'
[0.272s] Level 1:colcon.colcon_core.package_identification:_identify(crazyswarm2/ros_ws/src/crazyswarm) by extension 'ignore_ament_install'
[0.272s] Level 1:colcon.colcon_core.package_identification:_identify(crazyswarm2/ros_ws/src/crazyswarm) by extensions ['colcon_pkg']
[0.272s] Level 1:colcon.colcon_core.package_identification:_identify(crazyswarm2/ros_ws/src/crazyswarm) by extension 'colcon_pkg'
[0.272s] Level 1:colcon.colcon_core.package_identification:_identify(crazyswarm2/ros_ws/src/crazyswarm) by extensions ['colcon_meta']
[0.272s] Level 1:colcon.colcon_core.package_identification:_identify(crazyswarm2/ros_ws/src/crazyswarm) by extension 'colcon_meta'
[0.272s] Level 1:colcon.colcon_core.package_identification:_identify(crazyswarm2/ros_ws/src/crazyswarm) by extensions ['ros']
[0.272s] Level 1:colcon.colcon_core.package_identification:_identify(crazyswarm2/ros_ws/src/crazyswarm) by extension 'ros'
[0.272s] Level 1:colcon.colcon_core.package_identification:_identify(crazyswarm2/ros_ws/src/crazyswarm) by extensions ['cmake', 'python']
[0.272s] Level 1:colcon.colcon_core.package_identification:_identify(crazyswarm2/ros_ws/src/crazyswarm) by extension 'cmake'
[0.272s] Level 1:colcon.colcon_core.package_identification:_identify(crazyswarm2/ros_ws/src/crazyswarm) by extension 'python'
[0.272s] Level 1:colcon.colcon_core.package_identification:_identify(crazyswarm2/ros_ws/src/crazyswarm) by extensions ['python_setup_py']
[0.273s] Level 1:colcon.colcon_core.package_identification:_identify(crazyswarm2/ros_ws/src/crazyswarm) by extension 'python_setup_py'
[0.273s] Level 1:colcon.colcon_core.package_identification:_identify(crazyswarm2/ros_ws/src/crazyswarm/launch) by extensions ['ignore', 'ignore_ament_install']
[0.273s] Level 1:colcon.colcon_core.package_identification:_identify(crazyswarm2/ros_ws/src/crazyswarm/launch) by extension 'ignore'
[0.273s] Level 1:colcon.colcon_core.package_identification:_identify(crazyswarm2/ros_ws/src/crazyswarm/launch) by extension 'ignore_ament_install'
[0.273s] Level 1:colcon.colcon_core.package_identification:_identify(crazyswarm2/ros_ws/src/crazyswarm/launch) by extensions ['colcon_pkg']
[0.273s] Level 1:colcon.colcon_core.package_identification:_identify(crazyswarm2/ros_ws/src/crazyswarm/launch) by extension 'colcon_pkg'
[0.273s] Level 1:colcon.colcon_core.package_identification:_identify(crazyswarm2/ros_ws/src/crazyswarm/launch) by extensions ['colcon_meta']
[0.273s] Level 1:colcon.colcon_core.package_identification:_identify(crazyswarm2/ros_ws/src/crazyswarm/launch) by extension 'colcon_meta'
[0.273s] Level 1:colcon.colcon_core.package_identification:_identify(crazyswarm2/ros_ws/src/crazyswarm/launch) by extensions ['ros']
[0.273s] Level 1:colcon.colcon_core.package_identification:_identify(crazyswarm2/ros_ws/src/crazyswarm/launch) by extension 'ros'
[0.273s] Level 1:colcon.colcon_core.package_identification:_identify(crazyswarm2/ros_ws/src/crazyswarm/launch) by extensions ['cmake', 'python']
[0.273s] Level 1:colcon.colcon_core.package_identification:_identify(crazyswarm2/ros_ws/src/crazyswarm/launch) by extension 'cmake'
[0.273s] Level 1:colcon.colcon_core.package_identification:_identify(crazyswarm2/ros_ws/src/crazyswarm/launch) by extension 'python'
[0.273s] Level 1:colcon.colcon_core.package_identification:_identify(crazyswarm2/ros_ws/src/crazyswarm/launch) by extensions ['python_setup_py']
[0.273s] Level 1:colcon.colcon_core.package_identification:_identify(crazyswarm2/ros_ws/src/crazyswarm/launch) by extension 'python_setup_py'
[0.273s] Level 1:colcon.colcon_core.package_identification:_identify(crazyswarm2/ros_ws/src/crazyswarm/scripts) by extensions ['ignore', 'ignore_ament_install']
[0.273s] Level 1:colcon.colcon_core.package_identification:_identify(crazyswarm2/ros_ws/src/crazyswarm/scripts) by extension 'ignore'
[0.273s] Level 1:colcon.colcon_core.package_identification:_identify(crazyswarm2/ros_ws/src/crazyswarm/scripts) by extension 'ignore_ament_install'
[0.273s] Level 1:colcon.colcon_core.package_identification:_identify(crazyswarm2/ros_ws/src/crazyswarm/scripts) by extensions ['colcon_pkg']
[0.273s] Level 1:colcon.colcon_core.package_identification:_identify(crazyswarm2/ros_ws/src/crazyswarm/scripts) by extension 'colcon_pkg'
[0.273s] Level 1:colcon.colcon_core.package_identification:_identify(crazyswarm2/ros_ws/src/crazyswarm/scripts) by extensions ['colcon_meta']
[0.273s] Level 1:colcon.colcon_core.package_identification:_identify(crazyswarm2/ros_ws/src/crazyswarm/scripts) by extension 'colcon_meta'
[0.273s] Level 1:colcon.colcon_core.package_identification:_identify(crazyswarm2/ros_ws/src/crazyswarm/scripts) by extensions ['ros']
[0.273s] Level 1:colcon.colcon_core.package_identification:_identify(crazyswarm2/ros_ws/src/crazyswarm/scripts) by extension 'ros'
[0.273s] Level 1:colcon.colcon_core.package_identification:_identify(crazyswarm2/ros_ws/src/crazyswarm/scripts) by extensions ['cmake', 'python']
[0.273s] Level 1:colcon.colcon_core.package_identification:_identify(crazyswarm2/ros_ws/src/crazyswarm/scripts) by extension 'cmake'
[0.274s] Level 1:colcon.colcon_core.package_identification:_identify(crazyswarm2/ros_ws/src/crazyswarm/scripts) by extension 'python'
[0.274s] Level 1:colcon.colcon_core.package_identification:_identify(crazyswarm2/ros_ws/src/crazyswarm/scripts) by extensions ['python_setup_py']
[0.274s] Level 1:colcon.colcon_core.package_identification:_identify(crazyswarm2/ros_ws/src/crazyswarm/scripts) by extension 'python_setup_py'
[0.274s] Level 1:colcon.colcon_core.package_identification:_identify(crazyswarm2/ros_ws/src/crazyswarm/scripts/crossing2_pps) by extensions ['ignore', 'ignore_ament_install']
[0.274s] Level 1:colcon.colcon_core.package_identification:_identify(crazyswarm2/ros_ws/src/crazyswarm/scripts/crossing2_pps) by extension 'ignore'
[0.274s] Level 1:colcon.colcon_core.package_identification:_identify(crazyswarm2/ros_ws/src/crazyswarm/scripts/crossing2_pps) by extension 'ignore_ament_install'
[0.274s] Level 1:colcon.colcon_core.package_identification:_identify(crazyswarm2/ros_ws/src/crazyswarm/scripts/crossing2_pps) by extensions ['colcon_pkg']
[0.274s] Level 1:colcon.colcon_core.package_identification:_identify(crazyswarm2/ros_ws/src/crazyswarm/scripts/crossing2_pps) by extension 'colcon_pkg'
[0.274s] Level 1:colcon.colcon_core.package_identification:_identify(crazyswarm2/ros_ws/src/crazyswarm/scripts/crossing2_pps) by extensions ['colcon_meta']
[0.274s] Level 1:colcon.colcon_core.package_identification:_identify(crazyswarm2/ros_ws/src/crazyswarm/scripts/crossing2_pps) by extension 'colcon_meta'
[0.274s] Level 1:colcon.colcon_core.package_identification:_identify(crazyswarm2/ros_ws/src/crazyswarm/scripts/crossing2_pps) by extensions ['ros']
[0.274s] Level 1:colcon.colcon_core.package_identification:_identify(crazyswarm2/ros_ws/src/crazyswarm/scripts/crossing2_pps) by extension 'ros'
[0.274s] Level 1:colcon.colcon_core.package_identification:_identify(crazyswarm2/ros_ws/src/crazyswarm/scripts/crossing2_pps) by extensions ['cmake', 'python']
[0.274s] Level 1:colcon.colcon_core.package_identification:_identify(crazyswarm2/ros_ws/src/crazyswarm/scripts/crossing2_pps) by extension 'cmake'
[0.274s] Level 1:colcon.colcon_core.package_identification:_identify(crazyswarm2/ros_ws/src/crazyswarm/scripts/crossing2_pps) by extension 'python'
[0.274s] Level 1:colcon.colcon_core.package_identification:_identify(crazyswarm2/ros_ws/src/crazyswarm/scripts/crossing2_pps) by extensions ['python_setup_py']
[0.274s] Level 1:colcon.colcon_core.package_identification:_identify(crazyswarm2/ros_ws/src/crazyswarm/scripts/crossing2_pps) by extension 'python_setup_py'
[0.274s] Level 1:colcon.colcon_core.package_identification:_identify(crazyswarm2/ros_ws/src/crazyswarm/scripts/crossing4_pps) by extensions ['ignore', 'ignore_ament_install']
[0.274s] Level 1:colcon.colcon_core.package_identification:_identify(crazyswarm2/ros_ws/src/crazyswarm/scripts/crossing4_pps) by extension 'ignore'
[0.274s] Level 1:colcon.colcon_core.package_identification:_identify(crazyswarm2/ros_ws/src/crazyswarm/scripts/crossing4_pps) by extension 'ignore_ament_install'
[0.274s] Level 1:colcon.colcon_core.package_identification:_identify(crazyswarm2/ros_ws/src/crazyswarm/scripts/crossing4_pps) by extensions ['colcon_pkg']
[0.274s] Level 1:colcon.colcon_core.package_identification:_identify(crazyswarm2/ros_ws/src/crazyswarm/scripts/crossing4_pps) by extension 'colcon_pkg'
[0.274s] Level 1:colcon.colcon_core.package_identification:_identify(crazyswarm2/ros_ws/src/crazyswarm/scripts/crossing4_pps) by extensions ['colcon_meta']
[0.274s] Level 1:colcon.colcon_core.package_identification:_identify(crazyswarm2/ros_ws/src/crazyswarm/scripts/crossing4_pps) by extension 'colcon_meta'
[0.274s] Level 1:colcon.colcon_core.package_identification:_identify(crazyswarm2/ros_ws/src/crazyswarm/scripts/crossing4_pps) by extensions ['ros']
[0.274s] Level 1:colcon.colcon_core.package_identification:_identify(crazyswarm2/ros_ws/src/crazyswarm/scripts/crossing4_pps) by extension 'ros'
[0.275s] Level 1:colcon.colcon_core.package_identification:_identify(crazyswarm2/ros_ws/src/crazyswarm/scripts/crossing4_pps) by extensions ['cmake', 'python']
[0.275s] Level 1:colcon.colcon_core.package_identification:_identify(crazyswarm2/ros_ws/src/crazyswarm/scripts/crossing4_pps) by extension 'cmake'
[0.275s] Level 1:colcon.colcon_core.package_identification:_identify(crazyswarm2/ros_ws/src/crazyswarm/scripts/crossing4_pps) by extension 'python'
[0.275s] Level 1:colcon.colcon_core.package_identification:_identify(crazyswarm2/ros_ws/src/crazyswarm/scripts/crossing4_pps) by extensions ['python_setup_py']
[0.275s] Level 1:colcon.colcon_core.package_identification:_identify(crazyswarm2/ros_ws/src/crazyswarm/scripts/crossing4_pps) by extension 'python_setup_py'
[0.275s] Level 1:colcon.colcon_core.package_identification:_identify(crazyswarm2/ros_ws/src/crazyswarm/scripts/sequence_trajectories) by extensions ['ignore', 'ignore_ament_install']
[0.275s] Level 1:colcon.colcon_core.package_identification:_identify(crazyswarm2/ros_ws/src/crazyswarm/scripts/sequence_trajectories) by extension 'ignore'
[0.275s] Level 1:colcon.colcon_core.package_identification:_identify(crazyswarm2/ros_ws/src/crazyswarm/scripts/sequence_trajectories) by extension 'ignore_ament_install'
[0.275s] Level 1:colcon.colcon_core.package_identification:_identify(crazyswarm2/ros_ws/src/crazyswarm/scripts/sequence_trajectories) by extensions ['colcon_pkg']
[0.275s] Level 1:colcon.colcon_core.package_identification:_identify(crazyswarm2/ros_ws/src/crazyswarm/scripts/sequence_trajectories) by extension 'colcon_pkg'
[0.275s] Level 1:colcon.colcon_core.package_identification:_identify(crazyswarm2/ros_ws/src/crazyswarm/scripts/sequence_trajectories) by extensions ['colcon_meta']
[0.275s] Level 1:colcon.colcon_core.package_identification:_identify(crazyswarm2/ros_ws/src/crazyswarm/scripts/sequence_trajectories) by extension 'colcon_meta'
[0.275s] Level 1:colcon.colcon_core.package_identification:_identify(crazyswarm2/ros_ws/src/crazyswarm/scripts/sequence_trajectories) by extensions ['ros']
[0.275s] Level 1:colcon.colcon_core.package_identification:_identify(crazyswarm2/ros_ws/src/crazyswarm/scripts/sequence_trajectories) by extension 'ros'
[0.275s] Level 1:colcon.colcon_core.package_identification:_identify(crazyswarm2/ros_ws/src/crazyswarm/scripts/sequence_trajectories) by extensions ['cmake', 'python']
[0.275s] Level 1:colcon.colcon_core.package_identification:_identify(crazyswarm2/ros_ws/src/crazyswarm/scripts/sequence_trajectories) by extension 'cmake'
[0.275s] Level 1:colcon.colcon_core.package_identification:_identify(crazyswarm2/ros_ws/src/crazyswarm/scripts/sequence_trajectories) by extension 'python'
[0.275s] Level 1:colcon.colcon_core.package_identification:_identify(crazyswarm2/ros_ws/src/crazyswarm/scripts/sequence_trajectories) by extensions ['python_setup_py']
[0.275s] Level 1:colcon.colcon_core.package_identification:_identify(crazyswarm2/ros_ws/src/crazyswarm/scripts/sequence_trajectories) by extension 'python_setup_py'
[0.275s] Level 1:colcon.colcon_core.package_identification:_identify(crazyswarm2/ros_ws/src/crazyswarm/scripts/sequence_trajectories/1) by extensions ['ignore', 'ignore_ament_install']
[0.275s] Level 1:colcon.colcon_core.package_identification:_identify(crazyswarm2/ros_ws/src/crazyswarm/scripts/sequence_trajectories/1) by extension 'ignore'
[0.275s] Level 1:colcon.colcon_core.package_identification:_identify(crazyswarm2/ros_ws/src/crazyswarm/scripts/sequence_trajectories/1) by extension 'ignore_ament_install'
[0.275s] Level 1:colcon.colcon_core.package_identification:_identify(crazyswarm2/ros_ws/src/crazyswarm/scripts/sequence_trajectories/1) by extensions ['colcon_pkg']
[0.275s] Level 1:colcon.colcon_core.package_identification:_identify(crazyswarm2/ros_ws/src/crazyswarm/scripts/sequence_trajectories/1) by extension 'colcon_pkg'
[0.275s] Level 1:colcon.colcon_core.package_identification:_identify(crazyswarm2/ros_ws/src/crazyswarm/scripts/sequence_trajectories/1) by extensions ['colcon_meta']
[0.276s] Level 1:colcon.colcon_core.package_identification:_identify(crazyswarm2/ros_ws/src/crazyswarm/scripts/sequence_trajectories/1) by extension 'colcon_meta'
[0.276s] Level 1:colcon.colcon_core.package_identification:_identify(crazyswarm2/ros_ws/src/crazyswarm/scripts/sequence_trajectories/1) by extensions ['ros']
[0.276s] Level 1:colcon.colcon_core.package_identification:_identify(crazyswarm2/ros_ws/src/crazyswarm/scripts/sequence_trajectories/1) by extension 'ros'
[0.276s] Level 1:colcon.colcon_core.package_identification:_identify(crazyswarm2/ros_ws/src/crazyswarm/scripts/sequence_trajectories/1) by extensions ['cmake', 'python']
[0.276s] Level 1:colcon.colcon_core.package_identification:_identify(crazyswarm2/ros_ws/src/crazyswarm/scripts/sequence_trajectories/1) by extension 'cmake'
[0.276s] Level 1:colcon.colcon_core.package_identification:_identify(crazyswarm2/ros_ws/src/crazyswarm/scripts/sequence_trajectories/1) by extension 'python'
[0.276s] Level 1:colcon.colcon_core.package_identification:_identify(crazyswarm2/ros_ws/src/crazyswarm/scripts/sequence_trajectories/1) by extensions ['python_setup_py']
[0.276s] Level 1:colcon.colcon_core.package_identification:_identify(crazyswarm2/ros_ws/src/crazyswarm/scripts/sequence_trajectories/1) by extension 'python_setup_py'
[0.276s] Level 1:colcon.colcon_core.package_identification:_identify(crazyswarm2/ros_ws/src/crazyswarm/scripts/sequence_trajectories/2) by extensions ['ignore', 'ignore_ament_install']
[0.276s] Level 1:colcon.colcon_core.package_identification:_identify(crazyswarm2/ros_ws/src/crazyswarm/scripts/sequence_trajectories/2) by extension 'ignore'
[0.276s] Level 1:colcon.colcon_core.package_identification:_identify(crazyswarm2/ros_ws/src/crazyswarm/scripts/sequence_trajectories/2) by extension 'ignore_ament_install'
[0.276s] Level 1:colcon.colcon_core.package_identification:_identify(crazyswarm2/ros_ws/src/crazyswarm/scripts/sequence_trajectories/2) by extensions ['colcon_pkg']
[0.276s] Level 1:colcon.colcon_core.package_identification:_identify(crazyswarm2/ros_ws/src/crazyswarm/scripts/sequence_trajectories/2) by extension 'colcon_pkg'
[0.276s] Level 1:colcon.colcon_core.package_identification:_identify(crazyswarm2/ros_ws/src/crazyswarm/scripts/sequence_trajectories/2) by extensions ['colcon_meta']
[0.276s] Level 1:colcon.colcon_core.package_identification:_identify(crazyswarm2/ros_ws/src/crazyswarm/scripts/sequence_trajectories/2) by extension 'colcon_meta'
[0.276s] Level 1:colcon.colcon_core.package_identification:_identify(crazyswarm2/ros_ws/src/crazyswarm/scripts/sequence_trajectories/2) by extensions ['ros']
[0.276s] Level 1:colcon.colcon_core.package_identification:_identify(crazyswarm2/ros_ws/src/crazyswarm/scripts/sequence_trajectories/2) by extension 'ros'
[0.276s] Level 1:colcon.colcon_core.package_identification:_identify(crazyswarm2/ros_ws/src/crazyswarm/scripts/sequence_trajectories/2) by extensions ['cmake', 'python']
[0.276s] Level 1:colcon.colcon_core.package_identification:_identify(crazyswarm2/ros_ws/src/crazyswarm/scripts/sequence_trajectories/2) by extension 'cmake'
[0.276s] Level 1:colcon.colcon_core.package_identification:_identify(crazyswarm2/ros_ws/src/crazyswarm/scripts/sequence_trajectories/2) by extension 'python'
[0.276s] Level 1:colcon.colcon_core.package_identification:_identify(crazyswarm2/ros_ws/src/crazyswarm/scripts/sequence_trajectories/2) by extensions ['python_setup_py']
[0.276s] Level 1:colcon.colcon_core.package_identification:_identify(crazyswarm2/ros_ws/src/crazyswarm/scripts/sequence_trajectories/2) by extension 'python_setup_py'
[0.276s] Level 1:colcon.colcon_core.package_identification:_identify(crazyswarm2/ros_ws/src/crazyswarm/scripts/sequence_trajectories/3) by extensions ['ignore', 'ignore_ament_install']
[0.276s] Level 1:colcon.colcon_core.package_identification:_identify(crazyswarm2/ros_ws/src/crazyswarm/scripts/sequence_trajectories/3) by extension 'ignore'
[0.277s] Level 1:colcon.colcon_core.package_identification:_identify(crazyswarm2/ros_ws/src/crazyswarm/scripts/sequence_trajectories/3) by extension 'ignore_ament_install'
[0.277s] Level 1:colcon.colcon_core.package_identification:_identify(crazyswarm2/ros_ws/src/crazyswarm/scripts/sequence_trajectories/3) by extensions ['colcon_pkg']
[0.277s] Level 1:colcon.colcon_core.package_identification:_identify(crazyswarm2/ros_ws/src/crazyswarm/scripts/sequence_trajectories/3) by extension 'colcon_pkg'
[0.277s] Level 1:colcon.colcon_core.package_identification:_identify(crazyswarm2/ros_ws/src/crazyswarm/scripts/sequence_trajectories/3) by extensions ['colcon_meta']
[0.277s] Level 1:colcon.colcon_core.package_identification:_identify(crazyswarm2/ros_ws/src/crazyswarm/scripts/sequence_trajectories/3) by extension 'colcon_meta'
[0.277s] Level 1:colcon.colcon_core.package_identification:_identify(crazyswarm2/ros_ws/src/crazyswarm/scripts/sequence_trajectories/3) by extensions ['ros']
[0.277s] Level 1:colcon.colcon_core.package_identification:_identify(crazyswarm2/ros_ws/src/crazyswarm/scripts/sequence_trajectories/3) by extension 'ros'
[0.277s] Level 1:colcon.colcon_core.package_identification:_identify(crazyswarm2/ros_ws/src/crazyswarm/scripts/sequence_trajectories/3) by extensions ['cmake', 'python']
[0.277s] Level 1:colcon.colcon_core.package_identification:_identify(crazyswarm2/ros_ws/src/crazyswarm/scripts/sequence_trajectories/3) by extension 'cmake'
[0.277s] Level 1:colcon.colcon_core.package_identification:_identify(crazyswarm2/ros_ws/src/crazyswarm/scripts/sequence_trajectories/3) by extension 'python'
[0.277s] Level 1:colcon.colcon_core.package_identification:_identify(crazyswarm2/ros_ws/src/crazyswarm/scripts/sequence_trajectories/3) by extensions ['python_setup_py']
[0.277s] Level 1:colcon.colcon_core.package_identification:_identify(crazyswarm2/ros_ws/src/crazyswarm/scripts/sequence_trajectories/3) by extension 'python_setup_py'
[0.277s] Level 1:colcon.colcon_core.package_identification:_identify(crazyswarm2/ros_ws/src/crazyswarm/scripts/sequence_trajectories/4) by extensions ['ignore', 'ignore_ament_install']
[0.277s] Level 1:colcon.colcon_core.package_identification:_identify(crazyswarm2/ros_ws/src/crazyswarm/scripts/sequence_trajectories/4) by extension 'ignore'
[0.277s] Level 1:colcon.colcon_core.package_identification:_identify(crazyswarm2/ros_ws/src/crazyswarm/scripts/sequence_trajectories/4) by extension 'ignore_ament_install'
[0.277s] Level 1:colcon.colcon_core.package_identification:_identify(crazyswarm2/ros_ws/src/crazyswarm/scripts/sequence_trajectories/4) by extensions ['colcon_pkg']
[0.277s] Level 1:colcon.colcon_core.package_identification:_identify(crazyswarm2/ros_ws/src/crazyswarm/scripts/sequence_trajectories/4) by extension 'colcon_pkg'
[0.277s] Level 1:colcon.colcon_core.package_identification:_identify(crazyswarm2/ros_ws/src/crazyswarm/scripts/sequence_trajectories/4) by extensions ['colcon_meta']
[0.277s] Level 1:colcon.colcon_core.package_identification:_identify(crazyswarm2/ros_ws/src/crazyswarm/scripts/sequence_trajectories/4) by extension 'colcon_meta'
[0.277s] Level 1:colcon.colcon_core.package_identification:_identify(crazyswarm2/ros_ws/src/crazyswarm/scripts/sequence_trajectories/4) by extensions ['ros']
[0.277s] Level 1:colcon.colcon_core.package_identification:_identify(crazyswarm2/ros_ws/src/crazyswarm/scripts/sequence_trajectories/4) by extension 'ros'
[0.277s] Level 1:colcon.colcon_core.package_identification:_identify(crazyswarm2/ros_ws/src/crazyswarm/scripts/sequence_trajectories/4) by extensions ['cmake', 'python']
[0.277s] Level 1:colcon.colcon_core.package_identification:_identify(crazyswarm2/ros_ws/src/crazyswarm/scripts/sequence_trajectories/4) by extension 'cmake'
[0.277s] Level 1:colcon.colcon_core.package_identification:_identify(crazyswarm2/ros_ws/src/crazyswarm/scripts/sequence_trajectories/4) by extension 'python'
[0.277s] Level 1:colcon.colcon_core.package_identification:_identify(crazyswarm2/ros_ws/src/crazyswarm/scripts/sequence_trajectories/4) by extensions ['python_setup_py']
[0.277s] Level 1:colcon.colcon_core.package_identification:_identify(crazyswarm2/ros_ws/src/crazyswarm/scripts/sequence_trajectories/4) by extension 'python_setup_py'
[0.278s] Level 1:colcon.colcon_core.package_identification:_identify(crazyswarm2/ros_ws/src/crazyswarm/scripts/sequence_trajectories/5) by extensions ['ignore', 'ignore_ament_install']
[0.278s] Level 1:colcon.colcon_core.package_identification:_identify(crazyswarm2/ros_ws/src/crazyswarm/scripts/sequence_trajectories/5) by extension 'ignore'
[0.278s] Level 1:colcon.colcon_core.package_identification:_identify(crazyswarm2/ros_ws/src/crazyswarm/scripts/sequence_trajectories/5) by extension 'ignore_ament_install'
[0.278s] Level 1:colcon.colcon_core.package_identification:_identify(crazyswarm2/ros_ws/src/crazyswarm/scripts/sequence_trajectories/5) by extensions ['colcon_pkg']
[0.278s] Level 1:colcon.colcon_core.package_identification:_identify(crazyswarm2/ros_ws/src/crazyswarm/scripts/sequence_trajectories/5) by extension 'colcon_pkg'
[0.278s] Level 1:colcon.colcon_core.package_identification:_identify(crazyswarm2/ros_ws/src/crazyswarm/scripts/sequence_trajectories/5) by extensions ['colcon_meta']
[0.278s] Level 1:colcon.colcon_core.package_identification:_identify(crazyswarm2/ros_ws/src/crazyswarm/scripts/sequence_trajectories/5) by extension 'colcon_meta'
[0.278s] Level 1:colcon.colcon_core.package_identification:_identify(crazyswarm2/ros_ws/src/crazyswarm/scripts/sequence_trajectories/5) by extensions ['ros']
[0.278s] Level 1:colcon.colcon_core.package_identification:_identify(crazyswarm2/ros_ws/src/crazyswarm/scripts/sequence_trajectories/5) by extension 'ros'
[0.278s] Level 1:colcon.colcon_core.package_identification:_identify(crazyswarm2/ros_ws/src/crazyswarm/scripts/sequence_trajectories/5) by extensions ['cmake', 'python']
[0.278s] Level 1:colcon.colcon_core.package_identification:_identify(crazyswarm2/ros_ws/src/crazyswarm/scripts/sequence_trajectories/5) by extension 'cmake'
[0.278s] Level 1:colcon.colcon_core.package_identification:_identify(crazyswarm2/ros_ws/src/crazyswarm/scripts/sequence_trajectories/5) by extension 'python'
[0.278s] Level 1:colcon.colcon_core.package_identification:_identify(crazyswarm2/ros_ws/src/crazyswarm/scripts/sequence_trajectories/5) by extensions ['python_setup_py']
[0.278s] Level 1:colcon.colcon_core.package_identification:_identify(crazyswarm2/ros_ws/src/crazyswarm/scripts/sequence_trajectories/5) by extension 'python_setup_py'
[0.278s] Level 1:colcon.colcon_core.package_identification:_identify(crazyswarm2/ros_ws/src/crazyswarm/scripts/sequence_trajectories/6) by extensions ['ignore', 'ignore_ament_install']
[0.278s] Level 1:colcon.colcon_core.package_identification:_identify(crazyswarm2/ros_ws/src/crazyswarm/scripts/sequence_trajectories/6) by extension 'ignore'
[0.278s] Level 1:colcon.colcon_core.package_identification:_identify(crazyswarm2/ros_ws/src/crazyswarm/scripts/sequence_trajectories/6) by extension 'ignore_ament_install'
[0.278s] Level 1:colcon.colcon_core.package_identification:_identify(crazyswarm2/ros_ws/src/crazyswarm/scripts/sequence_trajectories/6) by extensions ['colcon_pkg']
[0.278s] Level 1:colcon.colcon_core.package_identification:_identify(crazyswarm2/ros_ws/src/crazyswarm/scripts/sequence_trajectories/6) by extension 'colcon_pkg'
[0.278s] Level 1:colcon.colcon_core.package_identification:_identify(crazyswarm2/ros_ws/src/crazyswarm/scripts/sequence_trajectories/6) by extensions ['colcon_meta']
[0.278s] Level 1:colcon.colcon_core.package_identification:_identify(crazyswarm2/ros_ws/src/crazyswarm/scripts/sequence_trajectories/6) by extension 'colcon_meta'
[0.278s] Level 1:colcon.colcon_core.package_identification:_identify(crazyswarm2/ros_ws/src/crazyswarm/scripts/sequence_trajectories/6) by extensions ['ros']
[0.278s] Level 1:colcon.colcon_core.package_identification:_identify(crazyswarm2/ros_ws/src/crazyswarm/scripts/sequence_trajectories/6) by extension 'ros'
[0.278s] Level 1:colcon.colcon_core.package_identification:_identify(crazyswarm2/ros_ws/src/crazyswarm/scripts/sequence_trajectories/6) by extensions ['cmake', 'python']
[0.278s] Level 1:colcon.colcon_core.package_identification:_identify(crazyswarm2/ros_ws/src/crazyswarm/scripts/sequence_trajectories/6) by extension 'cmake'
[0.278s] Level 1:colcon.colcon_core.package_identification:_identify(crazyswarm2/ros_ws/src/crazyswarm/scripts/sequence_trajectories/6) by extension 'python'
[0.278s] Level 1:colcon.colcon_core.package_identification:_identify(crazyswarm2/ros_ws/src/crazyswarm/scripts/sequence_trajectories/6) by extensions ['python_setup_py']
[0.279s] Level 1:colcon.colcon_core.package_identification:_identify(crazyswarm2/ros_ws/src/crazyswarm/scripts/sequence_trajectories/6) by extension 'python_setup_py'
[0.279s] Level 1:colcon.colcon_core.package_identification:_identify(crazyswarm2/ros_ws/src/crazyswarm/scripts/sequence_trajectories/7) by extensions ['ignore', 'ignore_ament_install']
[0.279s] Level 1:colcon.colcon_core.package_identification:_identify(crazyswarm2/ros_ws/src/crazyswarm/scripts/sequence_trajectories/7) by extension 'ignore'
[0.279s] Level 1:colcon.colcon_core.package_identification:_identify(crazyswarm2/ros_ws/src/crazyswarm/scripts/sequence_trajectories/7) by extension 'ignore_ament_install'
[0.279s] Level 1:colcon.colcon_core.package_identification:_identify(crazyswarm2/ros_ws/src/crazyswarm/scripts/sequence_trajectories/7) by extensions ['colcon_pkg']
[0.279s] Level 1:colcon.colcon_core.package_identification:_identify(crazyswarm2/ros_ws/src/crazyswarm/scripts/sequence_trajectories/7) by extension 'colcon_pkg'
[0.279s] Level 1:colcon.colcon_core.package_identification:_identify(crazyswarm2/ros_ws/src/crazyswarm/scripts/sequence_trajectories/7) by extensions ['colcon_meta']
[0.279s] Level 1:colcon.colcon_core.package_identification:_identify(crazyswarm2/ros_ws/src/crazyswarm/scripts/sequence_trajectories/7) by extension 'colcon_meta'
[0.279s] Level 1:colcon.colcon_core.package_identification:_identify(crazyswarm2/ros_ws/src/crazyswarm/scripts/sequence_trajectories/7) by extensions ['ros']
[0.279s] Level 1:colcon.colcon_core.package_identification:_identify(crazyswarm2/ros_ws/src/crazyswarm/scripts/sequence_trajectories/7) by extension 'ros'
[0.279s] Level 1:colcon.colcon_core.package_identification:_identify(crazyswarm2/ros_ws/src/crazyswarm/scripts/sequence_trajectories/7) by extensions ['cmake', 'python']
[0.279s] Level 1:colcon.colcon_core.package_identification:_identify(crazyswarm2/ros_ws/src/crazyswarm/scripts/sequence_trajectories/7) by extension 'cmake'
[0.279s] Level 1:colcon.colcon_core.package_identification:_identify(crazyswarm2/ros_ws/src/crazyswarm/scripts/sequence_trajectories/7) by extension 'python'
[0.279s] Level 1:colcon.colcon_core.package_identification:_identify(crazyswarm2/ros_ws/src/crazyswarm/scripts/sequence_trajectories/7) by extensions ['python_setup_py']
[0.279s] Level 1:colcon.colcon_core.package_identification:_identify(crazyswarm2/ros_ws/src/crazyswarm/scripts/sequence_trajectories/7) by extension 'python_setup_py'
[0.279s] Level 1:colcon.colcon_core.package_identification:_identify(crazyswarm2/ros_ws/src/crazyswarm/scripts/swap6v_pps) by extensions ['ignore', 'ignore_ament_install']
[0.279s] Level 1:colcon.colcon_core.package_identification:_identify(crazyswarm2/ros_ws/src/crazyswarm/scripts/swap6v_pps) by extension 'ignore'
[0.279s] Level 1:colcon.colcon_core.package_identification:_identify(crazyswarm2/ros_ws/src/crazyswarm/scripts/swap6v_pps) by extension 'ignore_ament_install'
[0.279s] Level 1:colcon.colcon_core.package_identification:_identify(crazyswarm2/ros_ws/src/crazyswarm/scripts/swap6v_pps) by extensions ['colcon_pkg']
[0.279s] Level 1:colcon.colcon_core.package_identification:_identify(crazyswarm2/ros_ws/src/crazyswarm/scripts/swap6v_pps) by extension 'colcon_pkg'
[0.279s] Level 1:colcon.colcon_core.package_identification:_identify(crazyswarm2/ros_ws/src/crazyswarm/scripts/swap6v_pps) by extensions ['colcon_meta']
[0.279s] Level 1:colcon.colcon_core.package_identification:_identify(crazyswarm2/ros_ws/src/crazyswarm/scripts/swap6v_pps) by extension 'colcon_meta'
[0.279s] Level 1:colcon.colcon_core.package_identification:_identify(crazyswarm2/ros_ws/src/crazyswarm/scripts/swap6v_pps) by extensions ['ros']
[0.279s] Level 1:colcon.colcon_core.package_identification:_identify(crazyswarm2/ros_ws/src/crazyswarm/scripts/swap6v_pps) by extension 'ros'
[0.279s] Level 1:colcon.colcon_core.package_identification:_identify(crazyswarm2/ros_ws/src/crazyswarm/scripts/swap6v_pps) by extensions ['cmake', 'python']
[0.280s] Level 1:colcon.colcon_core.package_identification:_identify(crazyswarm2/ros_ws/src/crazyswarm/scripts/swap6v_pps) by extension 'cmake'
[0.280s] Level 1:colcon.colcon_core.package_identification:_identify(crazyswarm2/ros_ws/src/crazyswarm/scripts/swap6v_pps) by extension 'python'
[0.280s] Level 1:colcon.colcon_core.package_identification:_identify(crazyswarm2/ros_ws/src/crazyswarm/scripts/swap6v_pps) by extensions ['python_setup_py']
[0.280s] Level 1:colcon.colcon_core.package_identification:_identify(crazyswarm2/ros_ws/src/crazyswarm/scripts/swap6v_pps) by extension 'python_setup_py'
[0.280s] Level 1:colcon.colcon_core.package_identification:_identify(crazyswarm2/systemtests) by extensions ['ignore', 'ignore_ament_install']
[0.280s] Level 1:colcon.colcon_core.package_identification:_identify(crazyswarm2/systemtests) by extension 'ignore'
[0.280s] Level 1:colcon.colcon_core.package_identification:_identify(crazyswarm2/systemtests) by extension 'ignore_ament_install'
[0.280s] Level 1:colcon.colcon_core.package_identification:_identify(crazyswarm2/systemtests) by extensions ['colcon_pkg']
[0.280s] Level 1:colcon.colcon_core.package_identification:_identify(crazyswarm2/systemtests) by extension 'colcon_pkg'
[0.280s] Level 1:colcon.colcon_core.package_identification:_identify(crazyswarm2/systemtests) by extensions ['colcon_meta']
[0.280s] Level 1:colcon.colcon_core.package_identification:_identify(crazyswarm2/systemtests) by extension 'colcon_meta'
[0.280s] Level 1:colcon.colcon_core.package_identification:_identify(crazyswarm2/systemtests) by extensions ['ros']
[0.280s] Level 1:colcon.colcon_core.package_identification:_identify(crazyswarm2/systemtests) by extension 'ros'
[0.280s] Level 1:colcon.colcon_core.package_identification:_identify(crazyswarm2/systemtests) by extensions ['cmake', 'python']
[0.280s] Level 1:colcon.colcon_core.package_identification:_identify(crazyswarm2/systemtests) by extension 'cmake'
[0.280s] Level 1:colcon.colcon_core.package_identification:_identify(crazyswarm2/systemtests) by extension 'python'
[0.280s] Level 1:colcon.colcon_core.package_identification:_identify(crazyswarm2/systemtests) by extensions ['python_setup_py']
[0.280s] Level 1:colcon.colcon_core.package_identification:_identify(crazyswarm2/systemtests) by extension 'python_setup_py'
[0.280s] Level 1:colcon.colcon_core.package_identification:_identify(crazyswarm2/systemtests/SDplotting) by extensions ['ignore', 'ignore_ament_install']
[0.280s] Level 1:colcon.colcon_core.package_identification:_identify(crazyswarm2/systemtests/SDplotting) by extension 'ignore'
[0.280s] Level 1:colcon.colcon_core.package_identification:_identify(crazyswarm2/systemtests/SDplotting) by extension 'ignore_ament_install'
[0.280s] Level 1:colcon.colcon_core.package_identification:_identify(crazyswarm2/systemtests/SDplotting) by extensions ['colcon_pkg']
[0.280s] Level 1:colcon.colcon_core.package_identification:_identify(crazyswarm2/systemtests/SDplotting) by extension 'colcon_pkg'
[0.280s] Level 1:colcon.colcon_core.package_identification:_identify(crazyswarm2/systemtests/SDplotting) by extensions ['colcon_meta']
[0.280s] Level 1:colcon.colcon_core.package_identification:_identify(crazyswarm2/systemtests/SDplotting) by extension 'colcon_meta'
[0.280s] Level 1:colcon.colcon_core.package_identification:_identify(crazyswarm2/systemtests/SDplotting) by extensions ['ros']
[0.280s] Level 1:colcon.colcon_core.package_identification:_identify(crazyswarm2/systemtests/SDplotting) by extension 'ros'
[0.281s] Level 1:colcon.colcon_core.package_identification:_identify(crazyswarm2/systemtests/SDplotting) by extensions ['cmake', 'python']
[0.281s] Level 1:colcon.colcon_core.package_identification:_identify(crazyswarm2/systemtests/SDplotting) by extension 'cmake'
[0.281s] Level 1:colcon.colcon_core.package_identification:_identify(crazyswarm2/systemtests/SDplotting) by extension 'python'
[0.281s] Level 1:colcon.colcon_core.package_identification:_identify(crazyswarm2/systemtests/SDplotting) by extensions ['python_setup_py']
[0.281s] Level 1:colcon.colcon_core.package_identification:_identify(crazyswarm2/systemtests/SDplotting) by extension 'python_setup_py'
[0.281s] Level 1:colcon.colcon_core.package_identification:_identify(install) by extensions ['ignore', 'ignore_ament_install']
[0.281s] Level 1:colcon.colcon_core.package_identification:_identify(install) by extension 'ignore'
[0.281s] Level 1:colcon.colcon_core.package_identification:_identify(install) ignored
[0.281s] Level 1:colcon.colcon_core.package_identification:_identify(log) by extensions ['ignore', 'ignore_ament_install']
[0.281s] Level 1:colcon.colcon_core.package_identification:_identify(log) by extension 'ignore'
[0.281s] Level 1:colcon.colcon_core.package_identification:_identify(log) ignored
[0.281s] Level 1:colcon.colcon_core.package_identification:_identify(sar_config_exp) by extensions ['ignore', 'ignore_ament_install']
[0.281s] Level 1:colcon.colcon_core.package_identification:_identify(sar_config_exp) by extension 'ignore'
[0.281s] Level 1:colcon.colcon_core.package_identification:_identify(sar_config_exp) by extension 'ignore_ament_install'
[0.281s] Level 1:colcon.colcon_core.package_identification:_identify(sar_config_exp) by extensions ['colcon_pkg']
[0.281s] Level 1:colcon.colcon_core.package_identification:_identify(sar_config_exp) by extension 'colcon_pkg'
[0.281s] Level 1:colcon.colcon_core.package_identification:_identify(sar_config_exp) by extensions ['colcon_meta']
[0.281s] Level 1:colcon.colcon_core.package_identification:_identify(sar_config_exp) by extension 'colcon_meta'
[0.281s] Level 1:colcon.colcon_core.package_identification:_identify(sar_config_exp) by extensions ['ros']
[0.281s] Level 1:colcon.colcon_core.package_identification:_identify(sar_config_exp) by extension 'ros'
[0.281s] Level 1:colcon.colcon_core.package_identification:_identify(sar_config_exp) by extensions ['cmake', 'python']
[0.281s] Level 1:colcon.colcon_core.package_identification:_identify(sar_config_exp) by extension 'cmake'
[0.281s] Level 1:colcon.colcon_core.package_identification:_identify(sar_config_exp) by extension 'python'
[0.281s] Level 1:colcon.colcon_core.package_identification:_identify(sar_config_exp) by extensions ['python_setup_py']
[0.281s] Level 1:colcon.colcon_core.package_identification:_identify(sar_config_exp) by extension 'python_setup_py'
[0.281s] Level 1:colcon.colcon_core.package_identification:_identify(sar_env_exp) by extensions ['ignore', 'ignore_ament_install']
[0.282s] Level 1:colcon.colcon_core.package_identification:_identify(sar_env_exp) by extension 'ignore'
[0.282s] Level 1:colcon.colcon_core.package_identification:_identify(sar_env_exp) by extension 'ignore_ament_install'
[0.282s] Level 1:colcon.colcon_core.package_identification:_identify(sar_env_exp) by extensions ['colcon_pkg']
[0.282s] Level 1:colcon.colcon_core.package_identification:_identify(sar_env_exp) by extension 'colcon_pkg'
[0.282s] Level 1:colcon.colcon_core.package_identification:_identify(sar_env_exp) by extensions ['colcon_meta']
[0.282s] Level 1:colcon.colcon_core.package_identification:_identify(sar_env_exp) by extension 'colcon_meta'
[0.282s] Level 1:colcon.colcon_core.package_identification:_identify(sar_env_exp) by extensions ['ros']
[0.282s] Level 1:colcon.colcon_core.package_identification:_identify(sar_env_exp) by extension 'ros'
[0.282s] DEBUG:colcon.colcon_core.package_identification:Package 'sar_env_exp' with type 'ros.ament_cmake' and name 'sar_env_exp'
[0.282s] Level 1:colcon.colcon_core.package_identification:_identify(sar_logging_exp) by extensions ['ignore', 'ignore_ament_install']
[0.282s] Level 1:colcon.colcon_core.package_identification:_identify(sar_logging_exp) by extension 'ignore'
[0.282s] Level 1:colcon.colcon_core.package_identification:_identify(sar_logging_exp) by extension 'ignore_ament_install'
[0.282s] Level 1:colcon.colcon_core.package_identification:_identify(sar_logging_exp) by extensions ['colcon_pkg']
[0.282s] Level 1:colcon.colcon_core.package_identification:_identify(sar_logging_exp) by extension 'colcon_pkg'
[0.282s] Level 1:colcon.colcon_core.package_identification:_identify(sar_logging_exp) by extensions ['colcon_meta']
[0.282s] Level 1:colcon.colcon_core.package_identification:_identify(sar_logging_exp) by extension 'colcon_meta'
[0.282s] Level 1:colcon.colcon_core.package_identification:_identify(sar_logging_exp) by extensions ['ros']
[0.282s] Level 1:colcon.colcon_core.package_identification:_identify(sar_logging_exp) by extension 'ros'
[0.283s] DEBUG:colcon.colcon_core.package_identification:Package 'sar_logging_exp' with type 'ros.ament_cmake' and name 'sar_logging_exp'
[0.283s] Level 1:colcon.colcon_core.package_discovery:discover_packages(recursive) using defaults
[0.283s] Level 1:colcon.colcon_core.package_discovery:discover_packages(ignore) discover
[0.283s] Level 1:colcon.colcon_core.package_discovery:discover_packages(ignore) using defaults
[0.283s] Level 1:colcon.colcon_core.package_discovery:discover_packages(path) discover
[0.283s] Level 1:colcon.colcon_core.package_discovery:discover_packages(path) using defaults
[0.299s] Level 1:colcon.colcon_core.package_discovery:discover_packages(prefix_path) check parameters
[0.299s] Level 1:colcon.colcon_core.package_discovery:discover_packages(prefix_path) discover
[0.301s] DEBUG:colcon.colcon_installed_package_information.package_discovery:Found 20 installed packages in /home/dlee/ros2_ws/install
[0.303s] DEBUG:colcon.colcon_installed_package_information.package_discovery:Found 288 installed packages in /opt/ros/humble
[0.304s] Level 1:colcon.colcon_core.package_discovery:discover_packages(prefix_path) using defaults
[0.337s] Level 5:colcon.colcon_core.verb:set package 'crazyflie_interfaces' build argument 'cmake_args' from command line to 'None'
[0.337s] Level 5:colcon.colcon_core.verb:set package 'crazyflie_interfaces' build argument 'cmake_target' from command line to 'None'
[0.337s] Level 5:colcon.colcon_core.verb:set package 'crazyflie_interfaces' build argument 'cmake_target_skip_unavailable' from command line to 'False'
[0.337s] Level 5:colcon.colcon_core.verb:set package 'crazyflie_interfaces' build argument 'cmake_clean_cache' from command line to 'False'
[0.337s] Level 5:colcon.colcon_core.verb:set package 'crazyflie_interfaces' build argument 'cmake_clean_first' from command line to 'False'
[0.337s] Level 5:colcon.colcon_core.verb:set package 'crazyflie_interfaces' build argument 'cmake_force_configure' from command line to 'False'
[0.337s] Level 5:colcon.colcon_core.verb:set package 'crazyflie_interfaces' build argument 'ament_cmake_args' from command line to 'None'
[0.337s] Level 5:colcon.colcon_core.verb:set package 'crazyflie_interfaces' build argument 'catkin_cmake_args' from command line to 'None'
[0.337s] Level 5:colcon.colcon_core.verb:set package 'crazyflie_interfaces' build argument 'catkin_skip_building_tests' from command line to 'False'
[0.337s] DEBUG:colcon.colcon_core.verb:Building package 'crazyflie_interfaces' with the following arguments: {'ament_cmake_args': None, 'build_base': '/home/dlee/ros2_ws/src/sar_experiment/build/crazyflie_interfaces', 'catkin_cmake_args': None, 'catkin_skip_building_tests': False, 'cmake_args': None, 'cmake_clean_cache': False, 'cmake_clean_first': False, 'cmake_force_configure': False, 'cmake_target': None, 'cmake_target_skip_unavailable': False, 'install_base': '/home/dlee/ros2_ws/src/sar_experiment/install/crazyflie_interfaces', 'merge_install': False, 'path': '/home/dlee/ros2_ws/src/sar_experiment/crazyswarm2/crazyflie_interfaces', 'symlink_install': False, 'test_result_base': None}
[0.337s] Level 5:colcon.colcon_core.verb:set package 'motion_capture_tracking_interfaces' build argument 'cmake_args' from command line to 'None'
[0.337s] Level 5:colcon.colcon_core.verb:set package 'motion_capture_tracking_interfaces' build argument 'cmake_target' from command line to 'None'
[0.337s] Level 5:colcon.colcon_core.verb:set package 'motion_capture_tracking_interfaces' build argument 'cmake_target_skip_unavailable' from command line to 'False'
[0.337s] Level 5:colcon.colcon_core.verb:set package 'motion_capture_tracking_interfaces' build argument 'cmake_clean_cache' from command line to 'False'
[0.338s] Level 5:colcon.colcon_core.verb:set package 'motion_capture_tracking_interfaces' build argument 'cmake_clean_first' from command line to 'False'
[0.338s] Level 5:colcon.colcon_core.verb:set package 'motion_capture_tracking_interfaces' build argument 'cmake_force_configure' from command line to 'False'
[0.338s] Level 5:colcon.colcon_core.verb:set package 'motion_capture_tracking_interfaces' build argument 'ament_cmake_args' from command line to 'None'
[0.338s] Level 5:colcon.colcon_core.verb:set package 'motion_capture_tracking_interfaces' build argument 'catkin_cmake_args' from command line to 'None'
[0.338s] Level 5:colcon.colcon_core.verb:set package 'motion_capture_tracking_interfaces' build argument 'catkin_skip_building_tests' from command line to 'False'
[0.338s] DEBUG:colcon.colcon_core.verb:Building package 'motion_capture_tracking_interfaces' with the following arguments: {'ament_cmake_args': None, 'build_base': '/home/dlee/ros2_ws/src/sar_experiment/build/motion_capture_tracking_interfaces', 'catkin_cmake_args': None, 'catkin_skip_building_tests': False, 'cmake_args': None, 'cmake_clean_cache': False, 'cmake_clean_first': False, 'cmake_force_configure': False, 'cmake_target': None, 'cmake_target_skip_unavailable': False, 'install_base': '/home/dlee/ros2_ws/src/sar_experiment/install/motion_capture_tracking_interfaces', 'merge_install': False, 'path': '/home/dlee/ros2_ws/src/sar_experiment/crazyswarm2/motion_capture_tracking_interfaces', 'symlink_install': False, 'test_result_base': None}
[0.338s] Level 5:colcon.colcon_core.verb:set package 'sar_env_exp' build argument 'cmake_args' from command line to 'None'
[0.338s] Level 5:colcon.colcon_core.verb:set package 'sar_env_exp' build argument 'cmake_target' from command line to 'None'
[0.338s] Level 5:colcon.colcon_core.verb:set package 'sar_env_exp' build argument 'cmake_target_skip_unavailable' from command line to 'False'
[0.338s] Level 5:colcon.colcon_core.verb:set package 'sar_env_exp' build argument 'cmake_clean_cache' from command line to 'False'
[0.338s] Level 5:colcon.colcon_core.verb:set package 'sar_env_exp' build argument 'cmake_clean_first' from command line to 'False'
[0.338s] Level 5:colcon.colcon_core.verb:set package 'sar_env_exp' build argument 'cmake_force_configure' from command line to 'False'
[0.338s] Level 5:colcon.colcon_core.verb:set package 'sar_env_exp' build argument 'ament_cmake_args' from command line to 'None'
[0.338s] Level 5:colcon.colcon_core.verb:set package 'sar_env_exp' build argument 'catkin_cmake_args' from command line to 'None'
[0.338s] Level 5:colcon.colcon_core.verb:set package 'sar_env_exp' build argument 'catkin_skip_building_tests' from command line to 'False'
[0.338s] DEBUG:colcon.colcon_core.verb:Building package 'sar_env_exp' with the following arguments: {'ament_cmake_args': None, 'build_base': '/home/dlee/ros2_ws/src/sar_experiment/build/sar_env_exp', 'catkin_cmake_args': None, 'catkin_skip_building_tests': False, 'cmake_args': None, 'cmake_clean_cache': False, 'cmake_clean_first': False, 'cmake_force_configure': False, 'cmake_target': None, 'cmake_target_skip_unavailable': False, 'install_base': '/home/dlee/ros2_ws/src/sar_experiment/install/sar_env_exp', 'merge_install': False, 'path': '/home/dlee/ros2_ws/src/sar_experiment/sar_env_exp', 'symlink_install': False, 'test_result_base': None}
[0.338s] Level 5:colcon.colcon_core.verb:set package 'sar_logging_exp' build argument 'cmake_args' from command line to 'None'
[0.338s] Level 5:colcon.colcon_core.verb:set package 'sar_logging_exp' build argument 'cmake_target' from command line to 'None'
[0.338s] Level 5:colcon.colcon_core.verb:set package 'sar_logging_exp' build argument 'cmake_target_skip_unavailable' from command line to 'False'
[0.338s] Level 5:colcon.colcon_core.verb:set package 'sar_logging_exp' build argument 'cmake_clean_cache' from command line to 'False'
[0.338s] Level 5:colcon.colcon_core.verb:set package 'sar_logging_exp' build argument 'cmake_clean_first' from command line to 'False'
[0.338s] Level 5:colcon.colcon_core.verb:set package 'sar_logging_exp' build argument 'cmake_force_configure' from command line to 'False'
[0.338s] Level 5:colcon.colcon_core.verb:set package 'sar_logging_exp' build argument 'ament_cmake_args' from command line to 'None'
[0.338s] Level 5:colcon.colcon_core.verb:set package 'sar_logging_exp' build argument 'catkin_cmake_args' from command line to 'None'
[0.338s] Level 5:colcon.colcon_core.verb:set package 'sar_logging_exp' build argument 'catkin_skip_building_tests' from command line to 'False'
[0.338s] DEBUG:colcon.colcon_core.verb:Building package 'sar_logging_exp' with the following arguments: {'ament_cmake_args': None, 'build_base': '/home/dlee/ros2_ws/src/sar_experiment/build/sar_logging_exp', 'catkin_cmake_args': None, 'catkin_skip_building_tests': False, 'cmake_args': None, 'cmake_clean_cache': False, 'cmake_clean_first': False, 'cmake_force_configure': False, 'cmake_target': None, 'cmake_target_skip_unavailable': False, 'install_base': '/home/dlee/ros2_ws/src/sar_experiment/install/sar_logging_exp', 'merge_install': False, 'path': '/home/dlee/ros2_ws/src/sar_experiment/sar_logging_exp', 'symlink_install': False, 'test_result_base': None}
[0.339s] Level 5:colcon.colcon_core.verb:set package 'crazyflie' build argument 'cmake_args' from command line to 'None'
[0.339s] Level 5:colcon.colcon_core.verb:set package 'crazyflie' build argument 'cmake_target' from command line to 'None'
[0.339s] Level 5:colcon.colcon_core.verb:set package 'crazyflie' build argument 'cmake_target_skip_unavailable' from command line to 'False'
[0.339s] Level 5:colcon.colcon_core.verb:set package 'crazyflie' build argument 'cmake_clean_cache' from command line to 'False'
[0.339s] Level 5:colcon.colcon_core.verb:set package 'crazyflie' build argument 'cmake_clean_first' from command line to 'False'
[0.339s] Level 5:colcon.colcon_core.verb:set package 'crazyflie' build argument 'cmake_force_configure' from command line to 'False'
[0.339s] Level 5:colcon.colcon_core.verb:set package 'crazyflie' build argument 'ament_cmake_args' from command line to 'None'
[0.339s] Level 5:colcon.colcon_core.verb:set package 'crazyflie' build argument 'catkin_cmake_args' from command line to 'None'
[0.339s] Level 5:colcon.colcon_core.verb:set package 'crazyflie' build argument 'catkin_skip_building_tests' from command line to 'False'
[0.339s] DEBUG:colcon.colcon_core.verb:Building package 'crazyflie' with the following arguments: {'ament_cmake_args': None, 'build_base': '/home/dlee/ros2_ws/src/sar_experiment/build/crazyflie', 'catkin_cmake_args': None, 'catkin_skip_building_tests': False, 'cmake_args': None, 'cmake_clean_cache': False, 'cmake_clean_first': False, 'cmake_force_configure': False, 'cmake_target': None, 'cmake_target_skip_unavailable': False, 'install_base': '/home/dlee/ros2_ws/src/sar_experiment/install/crazyflie', 'merge_install': False, 'path': '/home/dlee/ros2_ws/src/sar_experiment/crazyswarm2/crazyflie', 'symlink_install': False, 'test_result_base': None}
[0.339s] Level 5:colcon.colcon_core.verb:set package 'crazyflie_py' build argument 'cmake_args' from command line to 'None'
[0.339s] Level 5:colcon.colcon_core.verb:set package 'crazyflie_py' build argument 'cmake_target' from command line to 'None'
[0.339s] Level 5:colcon.colcon_core.verb:set package 'crazyflie_py' build argument 'cmake_target_skip_unavailable' from command line to 'False'
[0.339s] Level 5:colcon.colcon_core.verb:set package 'crazyflie_py' build argument 'cmake_clean_cache' from command line to 'False'
[0.339s] Level 5:colcon.colcon_core.verb:set package 'crazyflie_py' build argument 'cmake_clean_first' from command line to 'False'
[0.339s] Level 5:colcon.colcon_core.verb:set package 'crazyflie_py' build argument 'cmake_force_configure' from command line to 'False'
[0.339s] Level 5:colcon.colcon_core.verb:set package 'crazyflie_py' build argument 'ament_cmake_args' from command line to 'None'
[0.339s] Level 5:colcon.colcon_core.verb:set package 'crazyflie_py' build argument 'catkin_cmake_args' from command line to 'None'
[0.339s] Level 5:colcon.colcon_core.verb:set package 'crazyflie_py' build argument 'catkin_skip_building_tests' from command line to 'False'
[0.339s] DEBUG:colcon.colcon_core.verb:Building package 'crazyflie_py' with the following arguments: {'ament_cmake_args': None, 'build_base': '/home/dlee/ros2_ws/src/sar_experiment/build/crazyflie_py', 'catkin_cmake_args': None, 'catkin_skip_building_tests': False, 'cmake_args': None, 'cmake_clean_cache': False, 'cmake_clean_first': False, 'cmake_force_configure': False, 'cmake_target': None, 'cmake_target_skip_unavailable': False, 'install_base': '/home/dlee/ros2_ws/src/sar_experiment/install/crazyflie_py', 'merge_install': False, 'path': '/home/dlee/ros2_ws/src/sar_experiment/crazyswarm2/crazyflie_py', 'symlink_install': False, 'test_result_base': None}
[0.340s] Level 5:colcon.colcon_core.verb:set package 'crazyflie_sim' build argument 'cmake_args' from command line to 'None'
[0.340s] Level 5:colcon.colcon_core.verb:set package 'crazyflie_sim' build argument 'cmake_target' from command line to 'None'
[0.340s] Level 5:colcon.colcon_core.verb:set package 'crazyflie_sim' build argument 'cmake_target_skip_unavailable' from command line to 'False'
[0.340s] Level 5:colcon.colcon_core.verb:set package 'crazyflie_sim' build argument 'cmake_clean_cache' from command line to 'False'
[0.340s] Level 5:colcon.colcon_core.verb:set package 'crazyflie_sim' build argument 'cmake_clean_first' from command line to 'False'
[0.340s] Level 5:colcon.colcon_core.verb:set package 'crazyflie_sim' build argument 'cmake_force_configure' from command line to 'False'
[0.340s] Level 5:colcon.colcon_core.verb:set package 'crazyflie_sim' build argument 'ament_cmake_args' from command line to 'None'
[0.340s] Level 5:colcon.colcon_core.verb:set package 'crazyflie_sim' build argument 'catkin_cmake_args' from command line to 'None'
[0.340s] Level 5:colcon.colcon_core.verb:set package 'crazyflie_sim' build argument 'catkin_skip_building_tests' from command line to 'False'
[0.340s] DEBUG:colcon.colcon_core.verb:Building package 'crazyflie_sim' with the following arguments: {'ament_cmake_args': None, 'build_base': '/home/dlee/ros2_ws/src/sar_experiment/build/crazyflie_sim', 'catkin_cmake_args': None, 'catkin_skip_building_tests': False, 'cmake_args': None, 'cmake_clean_cache': False, 'cmake_clean_first': False, 'cmake_force_configure': False, 'cmake_target': None, 'cmake_target_skip_unavailable': False, 'install_base': '/home/dlee/ros2_ws/src/sar_experiment/install/crazyflie_sim', 'merge_install': False, 'path': '/home/dlee/ros2_ws/src/sar_experiment/crazyswarm2/crazyflie_sim', 'symlink_install': False, 'test_result_base': None}
[0.340s] Level 5:colcon.colcon_core.verb:set package 'motion_capture_tracking' build argument 'cmake_args' from command line to 'None'
[0.340s] Level 5:colcon.colcon_core.verb:set package 'motion_capture_tracking' build argument 'cmake_target' from command line to 'None'
[0.340s] Level 5:colcon.colcon_core.verb:set package 'motion_capture_tracking' build argument 'cmake_target_skip_unavailable' from command line to 'False'
[0.340s] Level 5:colcon.colcon_core.verb:set package 'motion_capture_tracking' build argument 'cmake_clean_cache' from command line to 'False'
[0.340s] Level 5:colcon.colcon_core.verb:set package 'motion_capture_tracking' build argument 'cmake_clean_first' from command line to 'False'
[0.340s] Level 5:colcon.colcon_core.verb:set package 'motion_capture_tracking' build argument 'cmake_force_configure' from command line to 'False'
[0.340s] Level 5:colcon.colcon_core.verb:set package 'motion_capture_tracking' build argument 'ament_cmake_args' from command line to 'None'
[0.340s] Level 5:colcon.colcon_core.verb:set package 'motion_capture_tracking' build argument 'catkin_cmake_args' from command line to 'None'
[0.340s] Level 5:colcon.colcon_core.verb:set package 'motion_capture_tracking' build argument 'catkin_skip_building_tests' from command line to 'False'
[0.340s] DEBUG:colcon.colcon_core.verb:Building package 'motion_capture_tracking' with the following arguments: {'ament_cmake_args': None, 'build_base': '/home/dlee/ros2_ws/src/sar_experiment/build/motion_capture_tracking', 'catkin_cmake_args': None, 'catkin_skip_building_tests': False, 'cmake_args': None, 'cmake_clean_cache': False, 'cmake_clean_first': False, 'cmake_force_configure': False, 'cmake_target': None, 'cmake_target_skip_unavailable': False, 'install_base': '/home/dlee/ros2_ws/src/sar_experiment/install/motion_capture_tracking', 'merge_install': False, 'path': '/home/dlee/ros2_ws/src/sar_experiment/crazyswarm2/motion_capture_tracking', 'symlink_install': False, 'test_result_base': None}
[0.340s] Level 5:colcon.colcon_core.verb:set package 'crazyflie_examples' build argument 'cmake_args' from command line to 'None'
[0.340s] Level 5:colcon.colcon_core.verb:set package 'crazyflie_examples' build argument 'cmake_target' from command line to 'None'
[0.340s] Level 5:colcon.colcon_core.verb:set package 'crazyflie_examples' build argument 'cmake_target_skip_unavailable' from command line to 'False'
[0.340s] Level 5:colcon.colcon_core.verb:set package 'crazyflie_examples' build argument 'cmake_clean_cache' from command line to 'False'
[0.340s] Level 5:colcon.colcon_core.verb:set package 'crazyflie_examples' build argument 'cmake_clean_first' from command line to 'False'
[0.340s] Level 5:colcon.colcon_core.verb:set package 'crazyflie_examples' build argument 'cmake_force_configure' from command line to 'False'
[0.340s] Level 5:colcon.colcon_core.verb:set package 'crazyflie_examples' build argument 'ament_cmake_args' from command line to 'None'
[0.341s] Level 5:colcon.colcon_core.verb:set package 'crazyflie_examples' build argument 'catkin_cmake_args' from command line to 'None'
[0.341s] Level 5:colcon.colcon_core.verb:set package 'crazyflie_examples' build argument 'catkin_skip_building_tests' from command line to 'False'
[0.341s] DEBUG:colcon.colcon_core.verb:Building package 'crazyflie_examples' with the following arguments: {'ament_cmake_args': None, 'build_base': '/home/dlee/ros2_ws/src/sar_experiment/build/crazyflie_examples', 'catkin_cmake_args': None, 'catkin_skip_building_tests': False, 'cmake_args': None, 'cmake_clean_cache': False, 'cmake_clean_first': False, 'cmake_force_configure': False, 'cmake_target': None, 'cmake_target_skip_unavailable': False, 'install_base': '/home/dlee/ros2_ws/src/sar_experiment/install/crazyflie_examples', 'merge_install': False, 'path': '/home/dlee/ros2_ws/src/sar_experiment/crazyswarm2/crazyflie_examples', 'symlink_install': False, 'test_result_base': None}
[0.341s] INFO:colcon.colcon_core.executor:Executing jobs using 'parallel' executor
[0.341s] DEBUG:colcon.colcon_parallel_executor.executor.parallel:run_until_complete
[0.342s] INFO:colcon.colcon_ros.task.ament_cmake.build:Building ROS package in '/home/dlee/ros2_ws/src/sar_experiment/crazyswarm2/crazyflie_interfaces' with build type 'ament_cmake'
[0.342s] INFO:colcon.colcon_cmake.task.cmake.build:Building CMake package in '/home/dlee/ros2_ws/src/sar_experiment/crazyswarm2/crazyflie_interfaces'
[0.344s] INFO:colcon.colcon_core.plugin_system:Skipping extension 'colcon_core.shell.bat': Not used on non-Windows systems
[0.344s] INFO:colcon.colcon_core.shell:Skip shell extension 'powershell' for command environment: Not usable outside of PowerShell
[0.344s] DEBUG:colcon.colcon_core.shell:Skip shell extension 'dsv' for command environment
[0.348s] INFO:colcon.colcon_ros.task.ament_cmake.build:Building ROS package in '/home/dlee/ros2_ws/src/sar_experiment/crazyswarm2/motion_capture_tracking_interfaces' with build type 'ament_cmake'
[0.348s] INFO:colcon.colcon_cmake.task.cmake.build:Building CMake package in '/home/dlee/ros2_ws/src/sar_experiment/crazyswarm2/motion_capture_tracking_interfaces'
[0.348s] INFO:colcon.colcon_core.shell:Skip shell extension 'powershell' for command environment: Not usable outside of PowerShell
[0.348s] DEBUG:colcon.colcon_core.shell:Skip shell extension 'dsv' for command environment
[0.351s] INFO:colcon.colcon_ros.task.ament_cmake.build:Building ROS package in '/home/dlee/ros2_ws/src/sar_experiment/sar_env_exp' with build type 'ament_cmake'
[0.352s] INFO:colcon.colcon_cmake.task.cmake.build:Building CMake package in '/home/dlee/ros2_ws/src/sar_experiment/sar_env_exp'
[0.352s] INFO:colcon.colcon_core.shell:Skip shell extension 'powershell' for command environment: Not usable outside of PowerShell
[0.352s] DEBUG:colcon.colcon_core.shell:Skip shell extension 'dsv' for command environment
[0.355s] INFO:colcon.colcon_ros.task.ament_cmake.build:Building ROS package in '/home/dlee/ros2_ws/src/sar_experiment/sar_logging_exp' with build type 'ament_cmake'
[0.355s] INFO:colcon.colcon_cmake.task.cmake.build:Building CMake package in '/home/dlee/ros2_ws/src/sar_experiment/sar_logging_exp'
[0.355s] INFO:colcon.colcon_core.shell:Skip shell extension 'powershell' for command environment: Not usable outside of PowerShell
[0.355s] DEBUG:colcon.colcon_core.shell:Skip shell extension 'dsv' for command environment
[0.362s] DEBUG:colcon.colcon_core.event_handler.log_command:Invoking command in '/home/dlee/ros2_ws/src/sar_experiment/build/crazyflie_interfaces': CMAKE_PREFIX_PATH=${CMAKE_PREFIX_PATH}:/home/dlee/ros2_ws/install/crazyflie_py:/opt/ros/humble /usr/bin/cmake /home/dlee/ros2_ws/src/sar_experiment/crazyswarm2/crazyflie_interfaces -DCMAKE_INSTALL_PREFIX=/home/dlee/ros2_ws/src/sar_experiment/install/crazyflie_interfaces
[0.364s] DEBUG:colcon.colcon_core.event_handler.log_command:Invoking command in '/home/dlee/ros2_ws/src/sar_experiment/build/motion_capture_tracking_interfaces': CMAKE_PREFIX_PATH=${CMAKE_PREFIX_PATH}:/home/dlee/ros2_ws/install/crazyflie_py:/opt/ros/humble /usr/bin/cmake /home/dlee/ros2_ws/src/sar_experiment/crazyswarm2/motion_capture_tracking_interfaces -DCMAKE_INSTALL_PREFIX=/home/dlee/ros2_ws/src/sar_experiment/install/motion_capture_tracking_interfaces
[0.366s] DEBUG:colcon.colcon_core.event_handler.log_command:Invoking command in '/home/dlee/ros2_ws/src/sar_experiment/build/sar_env_exp': CMAKE_PREFIX_PATH=${CMAKE_PREFIX_PATH}:/home/dlee/ros2_ws/install/crazyflie_py:/opt/ros/humble /usr/bin/cmake /home/dlee/ros2_ws/src/sar_experiment/sar_env_exp -DCMAKE_INSTALL_PREFIX=/home/dlee/ros2_ws/src/sar_experiment/install/sar_env_exp
[0.369s] DEBUG:colcon.colcon_core.event_handler.log_command:Invoking command in '/home/dlee/ros2_ws/src/sar_experiment/build/sar_logging_exp': CMAKE_PREFIX_PATH=${CMAKE_PREFIX_PATH}:/home/dlee/ros2_ws/install/crazyflie_py:/opt/ros/humble /usr/bin/cmake /home/dlee/ros2_ws/src/sar_experiment/sar_logging_exp -DCMAKE_INSTALL_PREFIX=/home/dlee/ros2_ws/src/sar_experiment/install/sar_logging_exp
[1.052s] DEBUG:colcon.colcon_core.event_handler.log_command:Invoked command in '/home/dlee/ros2_ws/src/sar_experiment/build/sar_env_exp' returned '0': CMAKE_PREFIX_PATH=${CMAKE_PREFIX_PATH}:/home/dlee/ros2_ws/install/crazyflie_py:/opt/ros/humble /usr/bin/cmake /home/dlee/ros2_ws/src/sar_experiment/sar_env_exp -DCMAKE_INSTALL_PREFIX=/home/dlee/ros2_ws/src/sar_experiment/install/sar_env_exp
[1.053s] DEBUG:colcon.colcon_core.event_handler.log_command:Invoking command in '/home/dlee/ros2_ws/src/sar_experiment/build/sar_env_exp': CMAKE_PREFIX_PATH=${CMAKE_PREFIX_PATH}:/home/dlee/ros2_ws/install/crazyflie_py:/opt/ros/humble /usr/bin/cmake --build /home/dlee/ros2_ws/src/sar_experiment/build/sar_env_exp -- -j24 -l24
[1.057s] DEBUG:colcon.colcon_core.event_handler.log_command:Invoked command in '/home/dlee/ros2_ws/src/sar_experiment/build/sar_logging_exp' returned '0': CMAKE_PREFIX_PATH=${CMAKE_PREFIX_PATH}:/home/dlee/ros2_ws/install/crazyflie_py:/opt/ros/humble /usr/bin/cmake /home/dlee/ros2_ws/src/sar_experiment/sar_logging_exp -DCMAKE_INSTALL_PREFIX=/home/dlee/ros2_ws/src/sar_experiment/install/sar_logging_exp
[1.057s] DEBUG:colcon.colcon_core.event_handler.log_command:Invoking command in '/home/dlee/ros2_ws/src/sar_experiment/build/sar_logging_exp': CMAKE_PREFIX_PATH=${CMAKE_PREFIX_PATH}:/home/dlee/ros2_ws/install/crazyflie_py:/opt/ros/humble /usr/bin/cmake --build /home/dlee/ros2_ws/src/sar_experiment/build/sar_logging_exp -- -j24 -l24
[1.094s] DEBUG:colcon.colcon_core.event_handler.log_command:Invoked command in '/home/dlee/ros2_ws/src/sar_experiment/build/sar_env_exp' returned '0': CMAKE_PREFIX_PATH=${CMAKE_PREFIX_PATH}:/home/dlee/ros2_ws/install/crazyflie_py:/opt/ros/humble /usr/bin/cmake --build /home/dlee/ros2_ws/src/sar_experiment/build/sar_env_exp -- -j24 -l24
[1.105s] DEBUG:colcon.colcon_core.event_handler.log_command:Invoking command in '/home/dlee/ros2_ws/src/sar_experiment/build/sar_env_exp': CMAKE_PREFIX_PATH=${CMAKE_PREFIX_PATH}:/home/dlee/ros2_ws/install/crazyflie_py:/opt/ros/humble /usr/bin/cmake --install /home/dlee/ros2_ws/src/sar_experiment/build/sar_env_exp
[1.106s] DEBUG:colcon.colcon_core.event_handler.log_command:Invoked command in '/home/dlee/ros2_ws/src/sar_experiment/build/sar_logging_exp' returned '0': CMAKE_PREFIX_PATH=${CMAKE_PREFIX_PATH}:/home/dlee/ros2_ws/install/crazyflie_py:/opt/ros/humble /usr/bin/cmake --build /home/dlee/ros2_ws/src/sar_experiment/build/sar_logging_exp -- -j24 -l24
[1.107s] DEBUG:colcon.colcon_core.event_handler.log_command:Invoking command in '/home/dlee/ros2_ws/src/sar_experiment/build/sar_logging_exp': CMAKE_PREFIX_PATH=${CMAKE_PREFIX_PATH}:/home/dlee/ros2_ws/install/crazyflie_py:/opt/ros/humble /usr/bin/cmake --install /home/dlee/ros2_ws/src/sar_experiment/build/sar_logging_exp
[1.117s] Level 1:colcon.colcon_core.environment:create_environment_scripts_only(sar_env_exp)
[1.118s] DEBUG:colcon.colcon_core.event_handler.log_command:Invoked command in '/home/dlee/ros2_ws/src/sar_experiment/build/sar_env_exp' returned '0': CMAKE_PREFIX_PATH=${CMAKE_PREFIX_PATH}:/home/dlee/ros2_ws/install/crazyflie_py:/opt/ros/humble /usr/bin/cmake --install /home/dlee/ros2_ws/src/sar_experiment/build/sar_env_exp
[1.120s] Level 1:colcon.colcon_core.environment:checking '/home/dlee/ros2_ws/src/sar_experiment/install/sar_env_exp' for CMake module files
[1.120s] Level 1:colcon.colcon_core.environment:checking '/home/dlee/ros2_ws/src/sar_experiment/install/sar_env_exp' for CMake config files
[1.121s] Level 1:colcon.colcon_core.shell:create_environment_hook('sar_env_exp', 'cmake_prefix_path')
[1.121s] INFO:colcon.colcon_core.shell:Creating environment hook '/home/dlee/ros2_ws/src/sar_experiment/install/sar_env_exp/share/sar_env_exp/hook/cmake_prefix_path.ps1'
[1.121s] INFO:colcon.colcon_core.shell:Creating environment descriptor '/home/dlee/ros2_ws/src/sar_experiment/install/sar_env_exp/share/sar_env_exp/hook/cmake_prefix_path.dsv'
[1.122s] INFO:colcon.colcon_core.shell:Creating environment hook '/home/dlee/ros2_ws/src/sar_experiment/install/sar_env_exp/share/sar_env_exp/hook/cmake_prefix_path.sh'
[1.122s] Level 1:colcon.colcon_core.environment:checking '/home/dlee/ros2_ws/src/sar_experiment/install/sar_env_exp/bin'
[1.122s] Level 1:colcon.colcon_core.environment:checking '/home/dlee/ros2_ws/src/sar_experiment/install/sar_env_exp/lib/pkgconfig/sar_env_exp.pc'
[1.122s] Level 1:colcon.colcon_core.environment:checking '/home/dlee/ros2_ws/src/sar_experiment/install/sar_env_exp/lib/python3.10/site-packages'
[1.123s] Level 1:colcon.colcon_core.environment:checking '/home/dlee/ros2_ws/src/sar_experiment/install/sar_env_exp/bin'
[1.123s] INFO:colcon.colcon_core.shell:Creating package script '/home/dlee/ros2_ws/src/sar_experiment/install/sar_env_exp/share/sar_env_exp/package.ps1'
[1.123s] INFO:colcon.colcon_core.shell:Creating package descriptor '/home/dlee/ros2_ws/src/sar_experiment/install/sar_env_exp/share/sar_env_exp/package.dsv'
[1.124s] INFO:colcon.colcon_core.shell:Creating package script '/home/dlee/ros2_ws/src/sar_experiment/install/sar_env_exp/share/sar_env_exp/package.sh'
[1.125s] INFO:colcon.colcon_core.shell:Creating package script '/home/dlee/ros2_ws/src/sar_experiment/install/sar_env_exp/share/sar_env_exp/package.bash'
[1.125s] INFO:colcon.colcon_core.shell:Creating package script '/home/dlee/ros2_ws/src/sar_experiment/install/sar_env_exp/share/sar_env_exp/package.zsh'
[1.126s] Level 1:colcon.colcon_core.environment:create_file_with_runtime_dependencies(/home/dlee/ros2_ws/src/sar_experiment/install/sar_env_exp/share/colcon-core/packages/sar_env_exp)
[1.126s] Level 1:colcon.colcon_core.environment:create_environment_scripts_only(sar_env_exp)
[1.126s] Level 1:colcon.colcon_core.environment:checking '/home/dlee/ros2_ws/src/sar_experiment/install/sar_env_exp' for CMake module files
[1.127s] Level 1:colcon.colcon_core.environment:checking '/home/dlee/ros2_ws/src/sar_experiment/install/sar_env_exp' for CMake config files
[1.127s] Level 1:colcon.colcon_core.shell:create_environment_hook('sar_env_exp', 'cmake_prefix_path')
[1.127s] INFO:colcon.colcon_core.shell:Creating environment hook '/home/dlee/ros2_ws/src/sar_experiment/install/sar_env_exp/share/sar_env_exp/hook/cmake_prefix_path.ps1'
[1.127s] INFO:colcon.colcon_core.shell:Creating environment descriptor '/home/dlee/ros2_ws/src/sar_experiment/install/sar_env_exp/share/sar_env_exp/hook/cmake_prefix_path.dsv'
[1.128s] INFO:colcon.colcon_core.shell:Creating environment hook '/home/dlee/ros2_ws/src/sar_experiment/install/sar_env_exp/share/sar_env_exp/hook/cmake_prefix_path.sh'
[1.128s] Level 1:colcon.colcon_core.environment:checking '/home/dlee/ros2_ws/src/sar_experiment/install/sar_env_exp/bin'
[1.128s] Level 1:colcon.colcon_core.environment:checking '/home/dlee/ros2_ws/src/sar_experiment/install/sar_env_exp/lib/pkgconfig/sar_env_exp.pc'
[1.128s] Level 1:colcon.colcon_core.environment:checking '/home/dlee/ros2_ws/src/sar_experiment/install/sar_env_exp/lib/python3.10/site-packages'
[1.128s] Level 1:colcon.colcon_core.environment:checking '/home/dlee/ros2_ws/src/sar_experiment/install/sar_env_exp/bin'
[1.129s] INFO:colcon.colcon_core.shell:Creating package script '/home/dlee/ros2_ws/src/sar_experiment/install/sar_env_exp/share/sar_env_exp/package.ps1'
[1.129s] INFO:colcon.colcon_core.shell:Creating package descriptor '/home/dlee/ros2_ws/src/sar_experiment/install/sar_env_exp/share/sar_env_exp/package.dsv'
[1.129s] INFO:colcon.colcon_core.shell:Creating package script '/home/dlee/ros2_ws/src/sar_experiment/install/sar_env_exp/share/sar_env_exp/package.sh'
[1.130s] INFO:colcon.colcon_core.shell:Creating package script '/home/dlee/ros2_ws/src/sar_experiment/install/sar_env_exp/share/sar_env_exp/package.bash'
[1.130s] INFO:colcon.colcon_core.shell:Creating package script '/home/dlee/ros2_ws/src/sar_experiment/install/sar_env_exp/share/sar_env_exp/package.zsh'
[1.130s] Level 1:colcon.colcon_core.environment:create_file_with_runtime_dependencies(/home/dlee/ros2_ws/src/sar_experiment/install/sar_env_exp/share/colcon-core/packages/sar_env_exp)
[1.131s] Level 1:colcon.colcon_core.environment:create_environment_scripts_only(sar_logging_exp)
[1.131s] Level 1:colcon.colcon_core.environment:checking '/home/dlee/ros2_ws/src/sar_experiment/install/sar_logging_exp' for CMake module files
[1.132s] DEBUG:colcon.colcon_core.event_handler.log_command:Invoked command in '/home/dlee/ros2_ws/src/sar_experiment/build/sar_logging_exp' returned '0': CMAKE_PREFIX_PATH=${CMAKE_PREFIX_PATH}:/home/dlee/ros2_ws/install/crazyflie_py:/opt/ros/humble /usr/bin/cmake --install /home/dlee/ros2_ws/src/sar_experiment/build/sar_logging_exp
[1.132s] Level 1:colcon.colcon_core.environment:checking '/home/dlee/ros2_ws/src/sar_experiment/install/sar_logging_exp' for CMake config files
[1.132s] Level 1:colcon.colcon_core.shell:create_environment_hook('sar_logging_exp', 'cmake_prefix_path')
[1.133s] INFO:colcon.colcon_core.shell:Creating environment hook '/home/dlee/ros2_ws/src/sar_experiment/install/sar_logging_exp/share/sar_logging_exp/hook/cmake_prefix_path.ps1'
[1.133s] INFO:colcon.colcon_core.shell:Creating environment descriptor '/home/dlee/ros2_ws/src/sar_experiment/install/sar_logging_exp/share/sar_logging_exp/hook/cmake_prefix_path.dsv'
[1.133s] INFO:colcon.colcon_core.shell:Creating environment hook '/home/dlee/ros2_ws/src/sar_experiment/install/sar_logging_exp/share/sar_logging_exp/hook/cmake_prefix_path.sh'
[1.133s] Level 1:colcon.colcon_core.environment:checking '/home/dlee/ros2_ws/src/sar_experiment/install/sar_logging_exp/bin'
[1.134s] Level 1:colcon.colcon_core.environment:checking '/home/dlee/ros2_ws/src/sar_experiment/install/sar_logging_exp/lib/pkgconfig/sar_logging_exp.pc'
[1.134s] Level 1:colcon.colcon_core.environment:checking '/home/dlee/ros2_ws/src/sar_experiment/install/sar_logging_exp/lib/python3.10/site-packages'
[1.134s] Level 1:colcon.colcon_core.environment:checking '/home/dlee/ros2_ws/src/sar_experiment/install/sar_logging_exp/bin'
[1.134s] INFO:colcon.colcon_core.shell:Creating package script '/home/dlee/ros2_ws/src/sar_experiment/install/sar_logging_exp/share/sar_logging_exp/package.ps1'
[1.134s] INFO:colcon.colcon_core.shell:Creating package descriptor '/home/dlee/ros2_ws/src/sar_experiment/install/sar_logging_exp/share/sar_logging_exp/package.dsv'
[1.135s] INFO:colcon.colcon_core.shell:Creating package script '/home/dlee/ros2_ws/src/sar_experiment/install/sar_logging_exp/share/sar_logging_exp/package.sh'
[1.135s] INFO:colcon.colcon_core.shell:Creating package script '/home/dlee/ros2_ws/src/sar_experiment/install/sar_logging_exp/share/sar_logging_exp/package.bash'
[1.135s] INFO:colcon.colcon_core.shell:Creating package script '/home/dlee/ros2_ws/src/sar_experiment/install/sar_logging_exp/share/sar_logging_exp/package.zsh'
[1.135s] Level 1:colcon.colcon_core.environment:create_file_with_runtime_dependencies(/home/dlee/ros2_ws/src/sar_experiment/install/sar_logging_exp/share/colcon-core/packages/sar_logging_exp)
[1.136s] Level 1:colcon.colcon_core.environment:create_environment_scripts_only(sar_logging_exp)
[1.136s] Level 1:colcon.colcon_core.environment:checking '/home/dlee/ros2_ws/src/sar_experiment/install/sar_logging_exp' for CMake module files
[1.136s] Level 1:colcon.colcon_core.environment:checking '/home/dlee/ros2_ws/src/sar_experiment/install/sar_logging_exp' for CMake config files
[1.137s] Level 1:colcon.colcon_core.shell:create_environment_hook('sar_logging_exp', 'cmake_prefix_path')
[1.137s] INFO:colcon.colcon_core.shell:Creating environment hook '/home/dlee/ros2_ws/src/sar_experiment/install/sar_logging_exp/share/sar_logging_exp/hook/cmake_prefix_path.ps1'
[1.137s] INFO:colcon.colcon_core.shell:Creating environment descriptor '/home/dlee/ros2_ws/src/sar_experiment/install/sar_logging_exp/share/sar_logging_exp/hook/cmake_prefix_path.dsv'
[1.137s] INFO:colcon.colcon_core.shell:Creating environment hook '/home/dlee/ros2_ws/src/sar_experiment/install/sar_logging_exp/share/sar_logging_exp/hook/cmake_prefix_path.sh'
[1.138s] Level 1:colcon.colcon_core.environment:checking '/home/dlee/ros2_ws/src/sar_experiment/install/sar_logging_exp/bin'
[1.138s] Level 1:colcon.colcon_core.environment:checking '/home/dlee/ros2_ws/src/sar_experiment/install/sar_logging_exp/lib/pkgconfig/sar_logging_exp.pc'
[1.138s] Level 1:colcon.colcon_core.environment:checking '/home/dlee/ros2_ws/src/sar_experiment/install/sar_logging_exp/lib/python3.10/site-packages'
[1.138s] Level 1:colcon.colcon_core.environment:checking '/home/dlee/ros2_ws/src/sar_experiment/install/sar_logging_exp/bin'
[1.139s] INFO:colcon.colcon_core.shell:Creating package script '/home/dlee/ros2_ws/src/sar_experiment/install/sar_logging_exp/share/sar_logging_exp/package.ps1'
[1.139s] INFO:colcon.colcon_core.shell:Creating package descriptor '/home/dlee/ros2_ws/src/sar_experiment/install/sar_logging_exp/share/sar_logging_exp/package.dsv'
[1.140s] INFO:colcon.colcon_core.shell:Creating package script '/home/dlee/ros2_ws/src/sar_experiment/install/sar_logging_exp/share/sar_logging_exp/package.sh'
[1.140s] INFO:colcon.colcon_core.shell:Creating package script '/home/dlee/ros2_ws/src/sar_experiment/install/sar_logging_exp/share/sar_logging_exp/package.bash'
[1.140s] INFO:colcon.colcon_core.shell:Creating package script '/home/dlee/ros2_ws/src/sar_experiment/install/sar_logging_exp/share/sar_logging_exp/package.zsh'
[1.140s] Level 1:colcon.colcon_core.environment:create_file_with_runtime_dependencies(/home/dlee/ros2_ws/src/sar_experiment/install/sar_logging_exp/share/colcon-core/packages/sar_logging_exp)
[2.286s] DEBUG:colcon.colcon_core.event_handler.log_command:Invoked command in '/home/dlee/ros2_ws/src/sar_experiment/build/motion_capture_tracking_interfaces' returned '0': CMAKE_PREFIX_PATH=${CMAKE_PREFIX_PATH}:/home/dlee/ros2_ws/install/crazyflie_py:/opt/ros/humble /usr/bin/cmake /home/dlee/ros2_ws/src/sar_experiment/crazyswarm2/motion_capture_tracking_interfaces -DCMAKE_INSTALL_PREFIX=/home/dlee/ros2_ws/src/sar_experiment/install/motion_capture_tracking_interfaces
[2.288s] DEBUG:colcon.colcon_core.event_handler.log_command:Invoking command in '/home/dlee/ros2_ws/src/sar_experiment/build/motion_capture_tracking_interfaces': CMAKE_PREFIX_PATH=${CMAKE_PREFIX_PATH}:/home/dlee/ros2_ws/install/crazyflie_py:/opt/ros/humble /usr/bin/cmake --build /home/dlee/ros2_ws/src/sar_experiment/build/motion_capture_tracking_interfaces -- -j24 -l24
[2.450s] DEBUG:colcon.colcon_core.event_handler.log_command:Invoked command in '/home/dlee/ros2_ws/src/sar_experiment/build/crazyflie_interfaces' returned '0': CMAKE_PREFIX_PATH=${CMAKE_PREFIX_PATH}:/home/dlee/ros2_ws/install/crazyflie_py:/opt/ros/humble /usr/bin/cmake /home/dlee/ros2_ws/src/sar_experiment/crazyswarm2/crazyflie_interfaces -DCMAKE_INSTALL_PREFIX=/home/dlee/ros2_ws/src/sar_experiment/install/crazyflie_interfaces
[2.451s] DEBUG:colcon.colcon_core.event_handler.log_command:Invoking command in '/home/dlee/ros2_ws/src/sar_experiment/build/crazyflie_interfaces': CMAKE_PREFIX_PATH=${CMAKE_PREFIX_PATH}:/home/dlee/ros2_ws/install/crazyflie_py:/opt/ros/humble /usr/bin/cmake --build /home/dlee/ros2_ws/src/sar_experiment/build/crazyflie_interfaces -- -j24 -l24
[4.206s] DEBUG:colcon.colcon_core.event_handler.log_command:Invoked command in '/home/dlee/ros2_ws/src/sar_experiment/build/motion_capture_tracking_interfaces' returned '0': CMAKE_PREFIX_PATH=${CMAKE_PREFIX_PATH}:/home/dlee/ros2_ws/install/crazyflie_py:/opt/ros/humble /usr/bin/cmake --build /home/dlee/ros2_ws/src/sar_experiment/build/motion_capture_tracking_interfaces -- -j24 -l24
[4.208s] DEBUG:colcon.colcon_core.event_handler.log_command:Invoking command in '/home/dlee/ros2_ws/src/sar_experiment/build/motion_capture_tracking_interfaces': CMAKE_PREFIX_PATH=${CMAKE_PREFIX_PATH}:/home/dlee/ros2_ws/install/crazyflie_py:/opt/ros/humble /usr/bin/cmake --install /home/dlee/ros2_ws/src/sar_experiment/build/motion_capture_tracking_interfaces
[4.318s] Level 1:colcon.colcon_core.environment:create_environment_scripts_only(motion_capture_tracking_interfaces)
[4.318s] Level 1:colcon.colcon_core.environment:checking '/home/dlee/ros2_ws/src/sar_experiment/install/motion_capture_tracking_interfaces' for CMake module files
[4.319s] DEBUG:colcon.colcon_core.event_handler.log_command:Invoked command in '/home/dlee/ros2_ws/src/sar_experiment/build/motion_capture_tracking_interfaces' returned '0': CMAKE_PREFIX_PATH=${CMAKE_PREFIX_PATH}:/home/dlee/ros2_ws/install/crazyflie_py:/opt/ros/humble /usr/bin/cmake --install /home/dlee/ros2_ws/src/sar_experiment/build/motion_capture_tracking_interfaces
[4.320s] Level 1:colcon.colcon_core.environment:checking '/home/dlee/ros2_ws/src/sar_experiment/install/motion_capture_tracking_interfaces' for CMake config files
[4.320s] Level 1:colcon.colcon_core.shell:create_environment_hook('motion_capture_tracking_interfaces', 'cmake_prefix_path')
[4.321s] INFO:colcon.colcon_core.shell:Creating environment hook '/home/dlee/ros2_ws/src/sar_experiment/install/motion_capture_tracking_interfaces/share/motion_capture_tracking_interfaces/hook/cmake_prefix_path.ps1'
[4.321s] INFO:colcon.colcon_core.shell:Creating environment descriptor '/home/dlee/ros2_ws/src/sar_experiment/install/motion_capture_tracking_interfaces/share/motion_capture_tracking_interfaces/hook/cmake_prefix_path.dsv'
[4.322s] INFO:colcon.colcon_core.shell:Creating environment hook '/home/dlee/ros2_ws/src/sar_experiment/install/motion_capture_tracking_interfaces/share/motion_capture_tracking_interfaces/hook/cmake_prefix_path.sh'
[4.322s] Level 1:colcon.colcon_core.environment:checking '/home/dlee/ros2_ws/src/sar_experiment/install/motion_capture_tracking_interfaces/lib'
[4.323s] Level 1:colcon.colcon_core.shell:create_environment_hook('motion_capture_tracking_interfaces', 'ld_library_path_lib')
[4.323s] INFO:colcon.colcon_core.shell:Creating environment hook '/home/dlee/ros2_ws/src/sar_experiment/install/motion_capture_tracking_interfaces/share/motion_capture_tracking_interfaces/hook/ld_library_path_lib.ps1'
[4.323s] INFO:colcon.colcon_core.shell:Creating environment descriptor '/home/dlee/ros2_ws/src/sar_experiment/install/motion_capture_tracking_interfaces/share/motion_capture_tracking_interfaces/hook/ld_library_path_lib.dsv'
[4.324s] INFO:colcon.colcon_core.shell:Creating environment hook '/home/dlee/ros2_ws/src/sar_experiment/install/motion_capture_tracking_interfaces/share/motion_capture_tracking_interfaces/hook/ld_library_path_lib.sh'
[4.324s] Level 1:colcon.colcon_core.environment:checking '/home/dlee/ros2_ws/src/sar_experiment/install/motion_capture_tracking_interfaces/bin'
[4.324s] Level 1:colcon.colcon_core.environment:checking '/home/dlee/ros2_ws/src/sar_experiment/install/motion_capture_tracking_interfaces/lib/pkgconfig/motion_capture_tracking_interfaces.pc'
[4.324s] Level 1:colcon.colcon_core.environment:checking '/home/dlee/ros2_ws/src/sar_experiment/install/motion_capture_tracking_interfaces/lib/python3.10/site-packages'
[4.325s] Level 1:colcon.colcon_core.environment:checking '/home/dlee/ros2_ws/src/sar_experiment/install/motion_capture_tracking_interfaces/bin'
[4.325s] INFO:colcon.colcon_core.shell:Creating package script '/home/dlee/ros2_ws/src/sar_experiment/install/motion_capture_tracking_interfaces/share/motion_capture_tracking_interfaces/package.ps1'
[4.326s] INFO:colcon.colcon_core.shell:Creating package descriptor '/home/dlee/ros2_ws/src/sar_experiment/install/motion_capture_tracking_interfaces/share/motion_capture_tracking_interfaces/package.dsv'
[4.326s] INFO:colcon.colcon_core.shell:Creating package script '/home/dlee/ros2_ws/src/sar_experiment/install/motion_capture_tracking_interfaces/share/motion_capture_tracking_interfaces/package.sh'
[4.327s] INFO:colcon.colcon_core.shell:Creating package script '/home/dlee/ros2_ws/src/sar_experiment/install/motion_capture_tracking_interfaces/share/motion_capture_tracking_interfaces/package.bash'
[4.327s] INFO:colcon.colcon_core.shell:Creating package script '/home/dlee/ros2_ws/src/sar_experiment/install/motion_capture_tracking_interfaces/share/motion_capture_tracking_interfaces/package.zsh'
[4.327s] Level 1:colcon.colcon_core.environment:create_file_with_runtime_dependencies(/home/dlee/ros2_ws/src/sar_experiment/install/motion_capture_tracking_interfaces/share/colcon-core/packages/motion_capture_tracking_interfaces)
[4.328s] Level 1:colcon.colcon_core.environment:create_environment_scripts_only(motion_capture_tracking_interfaces)
[4.328s] Level 1:colcon.colcon_core.environment:checking '/home/dlee/ros2_ws/src/sar_experiment/install/motion_capture_tracking_interfaces' for CMake module files
[4.329s] Level 1:colcon.colcon_core.environment:checking '/home/dlee/ros2_ws/src/sar_experiment/install/motion_capture_tracking_interfaces' for CMake config files
[4.330s] Level 1:colcon.colcon_core.shell:create_environment_hook('motion_capture_tracking_interfaces', 'cmake_prefix_path')
[4.330s] INFO:colcon.colcon_core.shell:Creating environment hook '/home/dlee/ros2_ws/src/sar_experiment/install/motion_capture_tracking_interfaces/share/motion_capture_tracking_interfaces/hook/cmake_prefix_path.ps1'
[4.331s] INFO:colcon.colcon_core.shell:Creating environment descriptor '/home/dlee/ros2_ws/src/sar_experiment/install/motion_capture_tracking_interfaces/share/motion_capture_tracking_interfaces/hook/cmake_prefix_path.dsv'
[4.331s] INFO:colcon.colcon_core.shell:Creating environment hook '/home/dlee/ros2_ws/src/sar_experiment/install/motion_capture_tracking_interfaces/share/motion_capture_tracking_interfaces/hook/cmake_prefix_path.sh'
[4.332s] Level 1:colcon.colcon_core.environment:checking '/home/dlee/ros2_ws/src/sar_experiment/install/motion_capture_tracking_interfaces/lib'
[4.332s] Level 1:colcon.colcon_core.shell:create_environment_hook('motion_capture_tracking_interfaces', 'ld_library_path_lib')
[4.332s] INFO:colcon.colcon_core.shell:Creating environment hook '/home/dlee/ros2_ws/src/sar_experiment/install/motion_capture_tracking_interfaces/share/motion_capture_tracking_interfaces/hook/ld_library_path_lib.ps1'
[4.333s] INFO:colcon.colcon_core.shell:Creating environment descriptor '/home/dlee/ros2_ws/src/sar_experiment/install/motion_capture_tracking_interfaces/share/motion_capture_tracking_interfaces/hook/ld_library_path_lib.dsv'
[4.333s] INFO:colcon.colcon_core.shell:Creating environment hook '/home/dlee/ros2_ws/src/sar_experiment/install/motion_capture_tracking_interfaces/share/motion_capture_tracking_interfaces/hook/ld_library_path_lib.sh'
[4.333s] Level 1:colcon.colcon_core.environment:checking '/home/dlee/ros2_ws/src/sar_experiment/install/motion_capture_tracking_interfaces/bin'
[4.334s] Level 1:colcon.colcon_core.environment:checking '/home/dlee/ros2_ws/src/sar_experiment/install/motion_capture_tracking_interfaces/lib/pkgconfig/motion_capture_tracking_interfaces.pc'
[4.334s] Level 1:colcon.colcon_core.environment:checking '/home/dlee/ros2_ws/src/sar_experiment/install/motion_capture_tracking_interfaces/lib/python3.10/site-packages'
[4.334s] Level 1:colcon.colcon_core.environment:checking '/home/dlee/ros2_ws/src/sar_experiment/install/motion_capture_tracking_interfaces/bin'
[4.334s] INFO:colcon.colcon_core.shell:Creating package script '/home/dlee/ros2_ws/src/sar_experiment/install/motion_capture_tracking_interfaces/share/motion_capture_tracking_interfaces/package.ps1'
[4.335s] INFO:colcon.colcon_core.shell:Creating package descriptor '/home/dlee/ros2_ws/src/sar_experiment/install/motion_capture_tracking_interfaces/share/motion_capture_tracking_interfaces/package.dsv'
[4.336s] INFO:colcon.colcon_core.shell:Creating package script '/home/dlee/ros2_ws/src/sar_experiment/install/motion_capture_tracking_interfaces/share/motion_capture_tracking_interfaces/package.sh'
[4.336s] INFO:colcon.colcon_core.shell:Creating package script '/home/dlee/ros2_ws/src/sar_experiment/install/motion_capture_tracking_interfaces/share/motion_capture_tracking_interfaces/package.bash'
[4.337s] INFO:colcon.colcon_core.shell:Creating package script '/home/dlee/ros2_ws/src/sar_experiment/install/motion_capture_tracking_interfaces/share/motion_capture_tracking_interfaces/package.zsh'
[4.337s] Level 1:colcon.colcon_core.environment:create_file_with_runtime_dependencies(/home/dlee/ros2_ws/src/sar_experiment/install/motion_capture_tracking_interfaces/share/colcon-core/packages/motion_capture_tracking_interfaces)
[4.337s] INFO:colcon.colcon_ros.task.ament_cmake.build:Building ROS package in '/home/dlee/ros2_ws/src/sar_experiment/crazyswarm2/motion_capture_tracking' with build type 'ament_cmake'
[4.338s] INFO:colcon.colcon_cmake.task.cmake.build:Building CMake package in '/home/dlee/ros2_ws/src/sar_experiment/crazyswarm2/motion_capture_tracking'
[4.338s] INFO:colcon.colcon_core.shell:Skip shell extension 'powershell' for command environment: Not usable outside of PowerShell
[4.338s] DEBUG:colcon.colcon_core.shell:Skip shell extension 'dsv' for command environment
[4.356s] DEBUG:colcon.colcon_core.event_handler.log_command:Invoking command in '/home/dlee/ros2_ws/src/sar_experiment/build/motion_capture_tracking': AMENT_PREFIX_PATH=/home/dlee/ros2_ws/src/sar_experiment/install/motion_capture_tracking_interfaces:${AMENT_PREFIX_PATH} CMAKE_PREFIX_PATH=/home/dlee/ros2_ws/src/sar_experiment/install/motion_capture_tracking_interfaces:/home/dlee/ros2_ws/install/sar_projects:/home/dlee/ros2_ws/install/sar_gazebo:/home/dlee/ros2_ws/install/sar_control:/home/dlee/ros2_ws/install/sar_msgs:/home/dlee/ros2_ws/install/sar_logging_exp:/home/dlee/ros2_ws/install/sar_logging:/home/dlee/ros2_ws/install/sar_launch:/home/dlee/ros2_ws/install/sar_general:/home/dlee/ros2_ws/install/sar_env_exp:/home/dlee/ros2_ws/install/sar_env:/home/dlee/ros2_ws/install/sar_data_converter:/home/dlee/ros2_ws/install/sar_config:/home/dlee/ros2_ws/install/my_ignition_plugin:/home/dlee/ros2_ws/install/motion_capture_tracking:/home/dlee/ros2_ws/install/crazyflie:/home/dlee/ros2_ws/install/motion_capture_tracking_interfaces:/home/dlee/ros2_ws/install/crazyflie_sim:/home/dlee/ros2_ws/install/crazyflie_examples:/home/dlee/ros2_ws/install/crazyflie_interfaces:/home/dlee/ros2_ws/install/crazyflie_py:/opt/ros/humble LD_LIBRARY_PATH=/home/dlee/ros2_ws/src/sar_experiment/install/motion_capture_tracking_interfaces/lib:${LD_LIBRARY_PATH} PYTHONPATH=/home/dlee/ros2_ws/src/sar_experiment/install/motion_capture_tracking_interfaces/local/lib/python3.10/dist-packages:${PYTHONPATH} /usr/bin/cmake /home/dlee/ros2_ws/src/sar_experiment/crazyswarm2/motion_capture_tracking -DCMAKE_INSTALL_PREFIX=/home/dlee/ros2_ws/src/sar_experiment/install/motion_capture_tracking
[11.603s] DEBUG:colcon.colcon_core.event_handler.log_command:Invoked command in '/home/dlee/ros2_ws/src/sar_experiment/build/crazyflie_interfaces' returned '0': CMAKE_PREFIX_PATH=${CMAKE_PREFIX_PATH}:/home/dlee/ros2_ws/install/crazyflie_py:/opt/ros/humble /usr/bin/cmake --build /home/dlee/ros2_ws/src/sar_experiment/build/crazyflie_interfaces -- -j24 -l24
[11.605s] DEBUG:colcon.colcon_core.event_handler.log_command:Invoking command in '/home/dlee/ros2_ws/src/sar_experiment/build/crazyflie_interfaces': CMAKE_PREFIX_PATH=${CMAKE_PREFIX_PATH}:/home/dlee/ros2_ws/install/crazyflie_py:/opt/ros/humble /usr/bin/cmake --install /home/dlee/ros2_ws/src/sar_experiment/build/crazyflie_interfaces
[11.793s] Level 1:colcon.colcon_core.environment:create_environment_scripts_only(crazyflie_interfaces)
[11.793s] Level 1:colcon.colcon_core.environment:checking '/home/dlee/ros2_ws/src/sar_experiment/install/crazyflie_interfaces' for CMake module files
[11.794s] DEBUG:colcon.colcon_core.event_handler.log_command:Invoked command in '/home/dlee/ros2_ws/src/sar_experiment/build/crazyflie_interfaces' returned '0': CMAKE_PREFIX_PATH=${CMAKE_PREFIX_PATH}:/home/dlee/ros2_ws/install/crazyflie_py:/opt/ros/humble /usr/bin/cmake --install /home/dlee/ros2_ws/src/sar_experiment/build/crazyflie_interfaces
[11.795s] Level 1:colcon.colcon_core.environment:checking '/home/dlee/ros2_ws/src/sar_experiment/install/crazyflie_interfaces' for CMake config files
[11.796s] Level 1:colcon.colcon_core.shell:create_environment_hook('crazyflie_interfaces', 'cmake_prefix_path')
[11.796s] INFO:colcon.colcon_core.shell:Creating environment hook '/home/dlee/ros2_ws/src/sar_experiment/install/crazyflie_interfaces/share/crazyflie_interfaces/hook/cmake_prefix_path.ps1'
[11.797s] INFO:colcon.colcon_core.shell:Creating environment descriptor '/home/dlee/ros2_ws/src/sar_experiment/install/crazyflie_interfaces/share/crazyflie_interfaces/hook/cmake_prefix_path.dsv'
[11.797s] INFO:colcon.colcon_core.shell:Creating environment hook '/home/dlee/ros2_ws/src/sar_experiment/install/crazyflie_interfaces/share/crazyflie_interfaces/hook/cmake_prefix_path.sh'
[11.798s] Level 1:colcon.colcon_core.environment:checking '/home/dlee/ros2_ws/src/sar_experiment/install/crazyflie_interfaces/lib'
[11.798s] Level 1:colcon.colcon_core.shell:create_environment_hook('crazyflie_interfaces', 'ld_library_path_lib')
[11.798s] INFO:colcon.colcon_core.shell:Creating environment hook '/home/dlee/ros2_ws/src/sar_experiment/install/crazyflie_interfaces/share/crazyflie_interfaces/hook/ld_library_path_lib.ps1'
[11.798s] INFO:colcon.colcon_core.shell:Creating environment descriptor '/home/dlee/ros2_ws/src/sar_experiment/install/crazyflie_interfaces/share/crazyflie_interfaces/hook/ld_library_path_lib.dsv'
[11.799s] INFO:colcon.colcon_core.shell:Creating environment hook '/home/dlee/ros2_ws/src/sar_experiment/install/crazyflie_interfaces/share/crazyflie_interfaces/hook/ld_library_path_lib.sh'
[11.799s] Level 1:colcon.colcon_core.environment:checking '/home/dlee/ros2_ws/src/sar_experiment/install/crazyflie_interfaces/bin'
[11.799s] Level 1:colcon.colcon_core.environment:checking '/home/dlee/ros2_ws/src/sar_experiment/install/crazyflie_interfaces/lib/pkgconfig/crazyflie_interfaces.pc'
[11.799s] Level 1:colcon.colcon_core.environment:checking '/home/dlee/ros2_ws/src/sar_experiment/install/crazyflie_interfaces/lib/python3.10/site-packages'
[11.800s] Level 1:colcon.colcon_core.environment:checking '/home/dlee/ros2_ws/src/sar_experiment/install/crazyflie_interfaces/bin'
[11.800s] INFO:colcon.colcon_core.shell:Creating package script '/home/dlee/ros2_ws/src/sar_experiment/install/crazyflie_interfaces/share/crazyflie_interfaces/package.ps1'
[11.800s] INFO:colcon.colcon_core.shell:Creating package descriptor '/home/dlee/ros2_ws/src/sar_experiment/install/crazyflie_interfaces/share/crazyflie_interfaces/package.dsv'
[11.801s] INFO:colcon.colcon_core.shell:Creating package script '/home/dlee/ros2_ws/src/sar_experiment/install/crazyflie_interfaces/share/crazyflie_interfaces/package.sh'
[11.801s] INFO:colcon.colcon_core.shell:Creating package script '/home/dlee/ros2_ws/src/sar_experiment/install/crazyflie_interfaces/share/crazyflie_interfaces/package.bash'
[11.802s] INFO:colcon.colcon_core.shell:Creating package script '/home/dlee/ros2_ws/src/sar_experiment/install/crazyflie_interfaces/share/crazyflie_interfaces/package.zsh'
[11.802s] Level 1:colcon.colcon_core.environment:create_file_with_runtime_dependencies(/home/dlee/ros2_ws/src/sar_experiment/install/crazyflie_interfaces/share/colcon-core/packages/crazyflie_interfaces)
[11.803s] Level 1:colcon.colcon_core.environment:create_environment_scripts_only(crazyflie_interfaces)
[11.803s] Level 1:colcon.colcon_core.environment:checking '/home/dlee/ros2_ws/src/sar_experiment/install/crazyflie_interfaces' for CMake module files
[11.804s] Level 1:colcon.colcon_core.environment:checking '/home/dlee/ros2_ws/src/sar_experiment/install/crazyflie_interfaces' for CMake config files
[11.805s] Level 1:colcon.colcon_core.shell:create_environment_hook('crazyflie_interfaces', 'cmake_prefix_path')
[11.805s] INFO:colcon.colcon_core.shell:Creating environment hook '/home/dlee/ros2_ws/src/sar_experiment/install/crazyflie_interfaces/share/crazyflie_interfaces/hook/cmake_prefix_path.ps1'
[11.806s] INFO:colcon.colcon_core.shell:Creating environment descriptor '/home/dlee/ros2_ws/src/sar_experiment/install/crazyflie_interfaces/share/crazyflie_interfaces/hook/cmake_prefix_path.dsv'
[11.806s] INFO:colcon.colcon_core.shell:Creating environment hook '/home/dlee/ros2_ws/src/sar_experiment/install/crazyflie_interfaces/share/crazyflie_interfaces/hook/cmake_prefix_path.sh'
[11.807s] Level 1:colcon.colcon_core.environment:checking '/home/dlee/ros2_ws/src/sar_experiment/install/crazyflie_interfaces/lib'
[11.807s] Level 1:colcon.colcon_core.shell:create_environment_hook('crazyflie_interfaces', 'ld_library_path_lib')
[11.807s] INFO:colcon.colcon_core.shell:Creating environment hook '/home/dlee/ros2_ws/src/sar_experiment/install/crazyflie_interfaces/share/crazyflie_interfaces/hook/ld_library_path_lib.ps1'
[11.807s] INFO:colcon.colcon_core.shell:Creating environment descriptor '/home/dlee/ros2_ws/src/sar_experiment/install/crazyflie_interfaces/share/crazyflie_interfaces/hook/ld_library_path_lib.dsv'
[11.808s] INFO:colcon.colcon_core.shell:Creating environment hook '/home/dlee/ros2_ws/src/sar_experiment/install/crazyflie_interfaces/share/crazyflie_interfaces/hook/ld_library_path_lib.sh'
[11.808s] Level 1:colcon.colcon_core.environment:checking '/home/dlee/ros2_ws/src/sar_experiment/install/crazyflie_interfaces/bin'
[11.808s] Level 1:colcon.colcon_core.environment:checking '/home/dlee/ros2_ws/src/sar_experiment/install/crazyflie_interfaces/lib/pkgconfig/crazyflie_interfaces.pc'
[11.808s] Level 1:colcon.colcon_core.environment:checking '/home/dlee/ros2_ws/src/sar_experiment/install/crazyflie_interfaces/lib/python3.10/site-packages'
[11.809s] Level 1:colcon.colcon_core.environment:checking '/home/dlee/ros2_ws/src/sar_experiment/install/crazyflie_interfaces/bin'
[11.809s] INFO:colcon.colcon_core.shell:Creating package script '/home/dlee/ros2_ws/src/sar_experiment/install/crazyflie_interfaces/share/crazyflie_interfaces/package.ps1'
[11.810s] INFO:colcon.colcon_core.shell:Creating package descriptor '/home/dlee/ros2_ws/src/sar_experiment/install/crazyflie_interfaces/share/crazyflie_interfaces/package.dsv'
[11.810s] INFO:colcon.colcon_core.shell:Creating package script '/home/dlee/ros2_ws/src/sar_experiment/install/crazyflie_interfaces/share/crazyflie_interfaces/package.sh'
[11.811s] INFO:colcon.colcon_core.shell:Creating package script '/home/dlee/ros2_ws/src/sar_experiment/install/crazyflie_interfaces/share/crazyflie_interfaces/package.bash'
[11.811s] INFO:colcon.colcon_core.shell:Creating package script '/home/dlee/ros2_ws/src/sar_experiment/install/crazyflie_interfaces/share/crazyflie_interfaces/package.zsh'
[11.812s] Level 1:colcon.colcon_core.environment:create_file_with_runtime_dependencies(/home/dlee/ros2_ws/src/sar_experiment/install/crazyflie_interfaces/share/colcon-core/packages/crazyflie_interfaces)
[11.812s] INFO:colcon.colcon_ros.task.ament_python.build:Building ROS package in '/home/dlee/ros2_ws/src/sar_experiment/crazyswarm2/crazyflie_py' with build type 'ament_python'
[11.812s] Level 1:colcon.colcon_core.shell:create_environment_hook('crazyflie_py', 'ament_prefix_path')
[11.812s] INFO:colcon.colcon_core.shell:Creating environment hook '/home/dlee/ros2_ws/src/sar_experiment/install/crazyflie_py/share/crazyflie_py/hook/ament_prefix_path.ps1'
[11.813s] INFO:colcon.colcon_core.shell:Creating environment descriptor '/home/dlee/ros2_ws/src/sar_experiment/install/crazyflie_py/share/crazyflie_py/hook/ament_prefix_path.dsv'
[11.814s] INFO:colcon.colcon_core.shell:Creating environment hook '/home/dlee/ros2_ws/src/sar_experiment/install/crazyflie_py/share/crazyflie_py/hook/ament_prefix_path.sh'
[11.814s] INFO:colcon.colcon_core.shell:Skip shell extension 'powershell' for command environment: Not usable outside of PowerShell
[11.814s] DEBUG:colcon.colcon_core.shell:Skip shell extension 'dsv' for command environment
[11.821s] INFO:colcon.colcon_ros.task.ament_cmake.build:Building ROS package in '/home/dlee/ros2_ws/src/sar_experiment/crazyswarm2/crazyflie' with build type 'ament_cmake'
[11.821s] INFO:colcon.colcon_cmake.task.cmake.build:Building CMake package in '/home/dlee/ros2_ws/src/sar_experiment/crazyswarm2/crazyflie'
[11.821s] INFO:colcon.colcon_core.shell:Skip shell extension 'powershell' for command environment: Not usable outside of PowerShell
[11.821s] DEBUG:colcon.colcon_core.shell:Skip shell extension 'dsv' for command environment
[11.827s] INFO:colcon.colcon_ros.task.ament_cmake.build:Building ROS package in '/home/dlee/ros2_ws/src/sar_experiment/crazyswarm2/crazyflie_sim' with build type 'ament_cmake'
[11.828s] INFO:colcon.colcon_cmake.task.cmake.build:Building CMake package in '/home/dlee/ros2_ws/src/sar_experiment/crazyswarm2/crazyflie_sim'
[11.828s] INFO:colcon.colcon_core.shell:Skip shell extension 'powershell' for command environment: Not usable outside of PowerShell
[11.828s] DEBUG:colcon.colcon_core.shell:Skip shell extension 'dsv' for command environment
[12.095s] INFO:colcon.colcon_core.task.python.build:Building Python package in '/home/dlee/ros2_ws/src/sar_experiment/crazyswarm2/crazyflie_py'
[12.096s] INFO:colcon.colcon_core.shell:Skip shell extension 'powershell' for command environment: Not usable outside of PowerShell
[12.096s] DEBUG:colcon.colcon_core.shell:Skip shell extension 'dsv' for command environment
[12.107s] DEBUG:colcon.colcon_core.event_handler.log_command:Invoking command in '/home/dlee/ros2_ws/src/sar_experiment/build/crazyflie': AMENT_PREFIX_PATH=/home/dlee/ros2_ws/src/sar_experiment/install/motion_capture_tracking_interfaces:/home/dlee/ros2_ws/src/sar_experiment/install/crazyflie_interfaces:${AMENT_PREFIX_PATH} CMAKE_PREFIX_PATH=/home/dlee/ros2_ws/src/sar_experiment/install/motion_capture_tracking_interfaces:/home/dlee/ros2_ws/src/sar_experiment/install/crazyflie_interfaces:/home/dlee/ros2_ws/install/sar_projects:/home/dlee/ros2_ws/install/sar_gazebo:/home/dlee/ros2_ws/install/sar_control:/home/dlee/ros2_ws/install/sar_msgs:/home/dlee/ros2_ws/install/sar_logging_exp:/home/dlee/ros2_ws/install/sar_logging:/home/dlee/ros2_ws/install/sar_launch:/home/dlee/ros2_ws/install/sar_general:/home/dlee/ros2_ws/install/sar_env_exp:/home/dlee/ros2_ws/install/sar_env:/home/dlee/ros2_ws/install/sar_data_converter:/home/dlee/ros2_ws/install/sar_config:/home/dlee/ros2_ws/install/my_ignition_plugin:/home/dlee/ros2_ws/install/motion_capture_tracking:/home/dlee/ros2_ws/install/crazyflie:/home/dlee/ros2_ws/install/motion_capture_tracking_interfaces:/home/dlee/ros2_ws/install/crazyflie_sim:/home/dlee/ros2_ws/install/crazyflie_examples:/home/dlee/ros2_ws/install/crazyflie_interfaces:/home/dlee/ros2_ws/install/crazyflie_py:/opt/ros/humble LD_LIBRARY_PATH=/home/dlee/ros2_ws/src/sar_experiment/install/motion_capture_tracking_interfaces/lib:/home/dlee/ros2_ws/src/sar_experiment/install/crazyflie_interfaces/lib:${LD_LIBRARY_PATH} PYTHONPATH=/home/dlee/ros2_ws/src/sar_experiment/install/motion_capture_tracking_interfaces/local/lib/python3.10/dist-packages:/home/dlee/ros2_ws/src/sar_experiment/install/crazyflie_interfaces/local/lib/python3.10/dist-packages:${PYTHONPATH} /usr/bin/cmake /home/dlee/ros2_ws/src/sar_experiment/crazyswarm2/crazyflie -DCMAKE_INSTALL_PREFIX=/home/dlee/ros2_ws/src/sar_experiment/install/crazyflie
[12.110s] DEBUG:colcon.colcon_core.event_handler.log_command:Invoking command in '/home/dlee/ros2_ws/src/sar_experiment/build/crazyflie_sim': AMENT_PREFIX_PATH=/home/dlee/ros2_ws/src/sar_experiment/install/crazyflie_interfaces:${AMENT_PREFIX_PATH} CMAKE_PREFIX_PATH=/home/dlee/ros2_ws/src/sar_experiment/install/crazyflie_interfaces:/home/dlee/ros2_ws/install/sar_projects:/home/dlee/ros2_ws/install/sar_gazebo:/home/dlee/ros2_ws/install/sar_control:/home/dlee/ros2_ws/install/sar_msgs:/home/dlee/ros2_ws/install/sar_logging_exp:/home/dlee/ros2_ws/install/sar_logging:/home/dlee/ros2_ws/install/sar_launch:/home/dlee/ros2_ws/install/sar_general:/home/dlee/ros2_ws/install/sar_env_exp:/home/dlee/ros2_ws/install/sar_env:/home/dlee/ros2_ws/install/sar_data_converter:/home/dlee/ros2_ws/install/sar_config:/home/dlee/ros2_ws/install/my_ignition_plugin:/home/dlee/ros2_ws/install/motion_capture_tracking:/home/dlee/ros2_ws/install/crazyflie:/home/dlee/ros2_ws/install/motion_capture_tracking_interfaces:/home/dlee/ros2_ws/install/crazyflie_sim:/home/dlee/ros2_ws/install/crazyflie_examples:/home/dlee/ros2_ws/install/crazyflie_interfaces:/home/dlee/ros2_ws/install/crazyflie_py:/opt/ros/humble LD_LIBRARY_PATH=/home/dlee/ros2_ws/src/sar_experiment/install/crazyflie_interfaces/lib:${LD_LIBRARY_PATH} PYTHONPATH=/home/dlee/ros2_ws/src/sar_experiment/install/crazyflie_interfaces/local/lib/python3.10/dist-packages:${PYTHONPATH} /usr/bin/cmake /home/dlee/ros2_ws/src/sar_experiment/crazyswarm2/crazyflie_sim -DCMAKE_INSTALL_PREFIX=/home/dlee/ros2_ws/src/sar_experiment/install/crazyflie_sim
[12.111s] DEBUG:colcon.colcon_core.event_handler.log_command:Invoked command in '/home/dlee/ros2_ws/src/sar_experiment/build/motion_capture_tracking' returned '0': AMENT_PREFIX_PATH=/home/dlee/ros2_ws/src/sar_experiment/install/motion_capture_tracking_interfaces:${AMENT_PREFIX_PATH} CMAKE_PREFIX_PATH=/home/dlee/ros2_ws/src/sar_experiment/install/motion_capture_tracking_interfaces:/home/dlee/ros2_ws/install/sar_projects:/home/dlee/ros2_ws/install/sar_gazebo:/home/dlee/ros2_ws/install/sar_control:/home/dlee/ros2_ws/install/sar_msgs:/home/dlee/ros2_ws/install/sar_logging_exp:/home/dlee/ros2_ws/install/sar_logging:/home/dlee/ros2_ws/install/sar_launch:/home/dlee/ros2_ws/install/sar_general:/home/dlee/ros2_ws/install/sar_env_exp:/home/dlee/ros2_ws/install/sar_env:/home/dlee/ros2_ws/install/sar_data_converter:/home/dlee/ros2_ws/install/sar_config:/home/dlee/ros2_ws/install/my_ignition_plugin:/home/dlee/ros2_ws/install/motion_capture_tracking:/home/dlee/ros2_ws/install/crazyflie:/home/dlee/ros2_ws/install/motion_capture_tracking_interfaces:/home/dlee/ros2_ws/install/crazyflie_sim:/home/dlee/ros2_ws/install/crazyflie_examples:/home/dlee/ros2_ws/install/crazyflie_interfaces:/home/dlee/ros2_ws/install/crazyflie_py:/opt/ros/humble LD_LIBRARY_PATH=/home/dlee/ros2_ws/src/sar_experiment/install/motion_capture_tracking_interfaces/lib:${LD_LIBRARY_PATH} PYTHONPATH=/home/dlee/ros2_ws/src/sar_experiment/install/motion_capture_tracking_interfaces/local/lib/python3.10/dist-packages:${PYTHONPATH} /usr/bin/cmake /home/dlee/ros2_ws/src/sar_experiment/crazyswarm2/motion_capture_tracking -DCMAKE_INSTALL_PREFIX=/home/dlee/ros2_ws/src/sar_experiment/install/motion_capture_tracking
[12.114s] DEBUG:colcon.colcon_core.event_handler.log_command:Invoking command in '/home/dlee/ros2_ws/src/sar_experiment/build/motion_capture_tracking': AMENT_PREFIX_PATH=/home/dlee/ros2_ws/src/sar_experiment/install/motion_capture_tracking_interfaces:${AMENT_PREFIX_PATH} CMAKE_PREFIX_PATH=/home/dlee/ros2_ws/src/sar_experiment/install/motion_capture_tracking_interfaces:/home/dlee/ros2_ws/install/sar_projects:/home/dlee/ros2_ws/install/sar_gazebo:/home/dlee/ros2_ws/install/sar_control:/home/dlee/ros2_ws/install/sar_msgs:/home/dlee/ros2_ws/install/sar_logging_exp:/home/dlee/ros2_ws/install/sar_logging:/home/dlee/ros2_ws/install/sar_launch:/home/dlee/ros2_ws/install/sar_general:/home/dlee/ros2_ws/install/sar_env_exp:/home/dlee/ros2_ws/install/sar_env:/home/dlee/ros2_ws/install/sar_data_converter:/home/dlee/ros2_ws/install/sar_config:/home/dlee/ros2_ws/install/my_ignition_plugin:/home/dlee/ros2_ws/install/motion_capture_tracking:/home/dlee/ros2_ws/install/crazyflie:/home/dlee/ros2_ws/install/motion_capture_tracking_interfaces:/home/dlee/ros2_ws/install/crazyflie_sim:/home/dlee/ros2_ws/install/crazyflie_examples:/home/dlee/ros2_ws/install/crazyflie_interfaces:/home/dlee/ros2_ws/install/crazyflie_py:/opt/ros/humble LD_LIBRARY_PATH=/home/dlee/ros2_ws/src/sar_experiment/install/motion_capture_tracking_interfaces/lib:${LD_LIBRARY_PATH} PYTHONPATH=/home/dlee/ros2_ws/src/sar_experiment/install/motion_capture_tracking_interfaces/local/lib/python3.10/dist-packages:${PYTHONPATH} /usr/bin/cmake --build /home/dlee/ros2_ws/src/sar_experiment/build/motion_capture_tracking -- -j24 -l24
[12.767s] DEBUG:colcon.colcon_core.event_handler.log_command:Invoking command in '/home/dlee/ros2_ws/src/sar_experiment/crazyswarm2/crazyflie_py': AMENT_PREFIX_PATH=/home/dlee/ros2_ws/src/sar_experiment/install/crazyflie_interfaces:${AMENT_PREFIX_PATH} CMAKE_PREFIX_PATH=/home/dlee/ros2_ws/src/sar_experiment/install/crazyflie_interfaces:${CMAKE_PREFIX_PATH} LD_LIBRARY_PATH=/home/dlee/ros2_ws/src/sar_experiment/install/crazyflie_interfaces/lib:${LD_LIBRARY_PATH} PYTHONPATH=/home/dlee/ros2_ws/src/sar_experiment/build/crazyflie_py/prefix_override:/usr/lib/python3/dist-packages/colcon_core/task/python/colcon_distutils_commands:/home/dlee/ros2_ws/src/sar_experiment/install/crazyflie_py/lib/python3.10/site-packages:/home/dlee/ros2_ws/src/sar_experiment/install/crazyflie_interfaces/local/lib/python3.10/dist-packages:${PYTHONPATH} /usr/bin/python3 -W ignore:setup.py install is deprecated -W ignore:easy_install command is deprecated setup.py egg_info --egg-base ../../build/crazyflie_py build --build-base /home/dlee/ros2_ws/src/sar_experiment/build/crazyflie_py/build install --record /home/dlee/ros2_ws/src/sar_experiment/build/crazyflie_py/install.log --single-version-externally-managed install_data
[13.311s] Level 1:colcon.colcon_core.environment:checking '/home/dlee/ros2_ws/src/sar_experiment/install/crazyflie_py' for CMake module files
[13.312s] DEBUG:colcon.colcon_core.event_handler.log_command:Invoked command in '/home/dlee/ros2_ws/src/sar_experiment/crazyswarm2/crazyflie_py' returned '0': AMENT_PREFIX_PATH=/home/dlee/ros2_ws/src/sar_experiment/install/crazyflie_interfaces:${AMENT_PREFIX_PATH} CMAKE_PREFIX_PATH=/home/dlee/ros2_ws/src/sar_experiment/install/crazyflie_interfaces:${CMAKE_PREFIX_PATH} LD_LIBRARY_PATH=/home/dlee/ros2_ws/src/sar_experiment/install/crazyflie_interfaces/lib:${LD_LIBRARY_PATH} PYTHONPATH=/home/dlee/ros2_ws/src/sar_experiment/build/crazyflie_py/prefix_override:/usr/lib/python3/dist-packages/colcon_core/task/python/colcon_distutils_commands:/home/dlee/ros2_ws/src/sar_experiment/install/crazyflie_py/lib/python3.10/site-packages:/home/dlee/ros2_ws/src/sar_experiment/install/crazyflie_interfaces/local/lib/python3.10/dist-packages:${PYTHONPATH} /usr/bin/python3 -W ignore:setup.py install is deprecated -W ignore:easy_install command is deprecated setup.py egg_info --egg-base ../../build/crazyflie_py build --build-base /home/dlee/ros2_ws/src/sar_experiment/build/crazyflie_py/build install --record /home/dlee/ros2_ws/src/sar_experiment/build/crazyflie_py/install.log --single-version-externally-managed install_data
[13.312s] Level 1:colcon.colcon_core.environment:checking '/home/dlee/ros2_ws/src/sar_experiment/install/crazyflie_py' for CMake config files
[13.313s] Level 1:colcon.colcon_core.environment:checking '/home/dlee/ros2_ws/src/sar_experiment/install/crazyflie_py/lib'
[13.313s] Level 1:colcon.colcon_core.environment:checking '/home/dlee/ros2_ws/src/sar_experiment/install/crazyflie_py/bin'
[13.313s] Level 1:colcon.colcon_core.environment:checking '/home/dlee/ros2_ws/src/sar_experiment/install/crazyflie_py/lib/pkgconfig/crazyflie_py.pc'
[13.313s] Level 1:colcon.colcon_core.environment:checking '/home/dlee/ros2_ws/src/sar_experiment/install/crazyflie_py/lib/python3.10/site-packages'
[13.313s] Level 1:colcon.colcon_core.shell:create_environment_hook('crazyflie_py', 'pythonpath')
[13.313s] INFO:colcon.colcon_core.shell:Creating environment hook '/home/dlee/ros2_ws/src/sar_experiment/install/crazyflie_py/share/crazyflie_py/hook/pythonpath.ps1'
[13.314s] INFO:colcon.colcon_core.shell:Creating environment descriptor '/home/dlee/ros2_ws/src/sar_experiment/install/crazyflie_py/share/crazyflie_py/hook/pythonpath.dsv'
[13.314s] INFO:colcon.colcon_core.shell:Creating environment hook '/home/dlee/ros2_ws/src/sar_experiment/install/crazyflie_py/share/crazyflie_py/hook/pythonpath.sh'
[13.314s] Level 1:colcon.colcon_core.environment:checking '/home/dlee/ros2_ws/src/sar_experiment/install/crazyflie_py/bin'
[13.314s] Level 1:colcon.colcon_core.environment:create_environment_scripts_only(crazyflie_py)
[13.315s] INFO:colcon.colcon_core.shell:Creating package script '/home/dlee/ros2_ws/src/sar_experiment/install/crazyflie_py/share/crazyflie_py/package.ps1'
[13.315s] INFO:colcon.colcon_core.shell:Creating package descriptor '/home/dlee/ros2_ws/src/sar_experiment/install/crazyflie_py/share/crazyflie_py/package.dsv'
[13.315s] INFO:colcon.colcon_core.shell:Creating package script '/home/dlee/ros2_ws/src/sar_experiment/install/crazyflie_py/share/crazyflie_py/package.sh'
[13.316s] INFO:colcon.colcon_core.shell:Creating package script '/home/dlee/ros2_ws/src/sar_experiment/install/crazyflie_py/share/crazyflie_py/package.bash'
[13.316s] INFO:colcon.colcon_core.shell:Creating package script '/home/dlee/ros2_ws/src/sar_experiment/install/crazyflie_py/share/crazyflie_py/package.zsh'
[13.316s] Level 1:colcon.colcon_core.environment:create_file_with_runtime_dependencies(/home/dlee/ros2_ws/src/sar_experiment/install/crazyflie_py/share/colcon-core/packages/crazyflie_py)
[13.317s] INFO:colcon.colcon_ros.task.ament_cmake.build:Building ROS package in '/home/dlee/ros2_ws/src/sar_experiment/crazyswarm2/crazyflie_examples' with build type 'ament_cmake'
[13.317s] INFO:colcon.colcon_cmake.task.cmake.build:Building CMake package in '/home/dlee/ros2_ws/src/sar_experiment/crazyswarm2/crazyflie_examples'
[13.317s] INFO:colcon.colcon_core.shell:Skip shell extension 'powershell' for command environment: Not usable outside of PowerShell
[13.317s] DEBUG:colcon.colcon_core.shell:Skip shell extension 'dsv' for command environment
[13.331s] DEBUG:colcon.colcon_core.event_handler.log_command:Invoking command in '/home/dlee/ros2_ws/src/sar_experiment/build/crazyflie_examples': AMENT_PREFIX_PATH=/home/dlee/ros2_ws/src/sar_experiment/install/crazyflie_py:/home/dlee/ros2_ws/src/sar_experiment/install/crazyflie_interfaces:${AMENT_PREFIX_PATH} CMAKE_PREFIX_PATH=/home/dlee/ros2_ws/src/sar_experiment/install/crazyflie_interfaces:/home/dlee/ros2_ws/install/sar_projects:/home/dlee/ros2_ws/install/sar_gazebo:/home/dlee/ros2_ws/install/sar_control:/home/dlee/ros2_ws/install/sar_msgs:/home/dlee/ros2_ws/install/sar_logging_exp:/home/dlee/ros2_ws/install/sar_logging:/home/dlee/ros2_ws/install/sar_launch:/home/dlee/ros2_ws/install/sar_general:/home/dlee/ros2_ws/install/sar_env_exp:/home/dlee/ros2_ws/install/sar_env:/home/dlee/ros2_ws/install/sar_data_converter:/home/dlee/ros2_ws/install/sar_config:/home/dlee/ros2_ws/install/my_ignition_plugin:/home/dlee/ros2_ws/install/motion_capture_tracking:/home/dlee/ros2_ws/install/crazyflie:/home/dlee/ros2_ws/install/motion_capture_tracking_interfaces:/home/dlee/ros2_ws/install/crazyflie_sim:/home/dlee/ros2_ws/install/crazyflie_examples:/home/dlee/ros2_ws/install/crazyflie_interfaces:/home/dlee/ros2_ws/install/crazyflie_py:/opt/ros/humble LD_LIBRARY_PATH=/home/dlee/ros2_ws/src/sar_experiment/install/crazyflie_interfaces/lib:${LD_LIBRARY_PATH} PYTHONPATH=/home/dlee/ros2_ws/src/sar_experiment/install/crazyflie_py/lib/python3.10/site-packages:/home/dlee/ros2_ws/src/sar_experiment/install/crazyflie_interfaces/local/lib/python3.10/dist-packages:${PYTHONPATH} /usr/bin/cmake /home/dlee/ros2_ws/src/sar_experiment/crazyswarm2/crazyflie_examples -DCMAKE_INSTALL_PREFIX=/home/dlee/ros2_ws/src/sar_experiment/install/crazyflie_examples
[14.116s] DEBUG:colcon.colcon_core.event_handler.log_command:Invoked command in '/home/dlee/ros2_ws/src/sar_experiment/build/crazyflie_sim' returned '0': AMENT_PREFIX_PATH=/home/dlee/ros2_ws/src/sar_experiment/install/crazyflie_interfaces:${AMENT_PREFIX_PATH} CMAKE_PREFIX_PATH=/home/dlee/ros2_ws/src/sar_experiment/install/crazyflie_interfaces:/home/dlee/ros2_ws/install/sar_projects:/home/dlee/ros2_ws/install/sar_gazebo:/home/dlee/ros2_ws/install/sar_control:/home/dlee/ros2_ws/install/sar_msgs:/home/dlee/ros2_ws/install/sar_logging_exp:/home/dlee/ros2_ws/install/sar_logging:/home/dlee/ros2_ws/install/sar_launch:/home/dlee/ros2_ws/install/sar_general:/home/dlee/ros2_ws/install/sar_env_exp:/home/dlee/ros2_ws/install/sar_env:/home/dlee/ros2_ws/install/sar_data_converter:/home/dlee/ros2_ws/install/sar_config:/home/dlee/ros2_ws/install/my_ignition_plugin:/home/dlee/ros2_ws/install/motion_capture_tracking:/home/dlee/ros2_ws/install/crazyflie:/home/dlee/ros2_ws/install/motion_capture_tracking_interfaces:/home/dlee/ros2_ws/install/crazyflie_sim:/home/dlee/ros2_ws/install/crazyflie_examples:/home/dlee/ros2_ws/install/crazyflie_interfaces:/home/dlee/ros2_ws/install/crazyflie_py:/opt/ros/humble LD_LIBRARY_PATH=/home/dlee/ros2_ws/src/sar_experiment/install/crazyflie_interfaces/lib:${LD_LIBRARY_PATH} PYTHONPATH=/home/dlee/ros2_ws/src/sar_experiment/install/crazyflie_interfaces/local/lib/python3.10/dist-packages:${PYTHONPATH} /usr/bin/cmake /home/dlee/ros2_ws/src/sar_experiment/crazyswarm2/crazyflie_sim -DCMAKE_INSTALL_PREFIX=/home/dlee/ros2_ws/src/sar_experiment/install/crazyflie_sim
[14.118s] DEBUG:colcon.colcon_core.event_handler.log_command:Invoking command in '/home/dlee/ros2_ws/src/sar_experiment/build/crazyflie_sim': AMENT_PREFIX_PATH=/home/dlee/ros2_ws/src/sar_experiment/install/crazyflie_interfaces:${AMENT_PREFIX_PATH} CMAKE_PREFIX_PATH=/home/dlee/ros2_ws/src/sar_experiment/install/crazyflie_interfaces:/home/dlee/ros2_ws/install/sar_projects:/home/dlee/ros2_ws/install/sar_gazebo:/home/dlee/ros2_ws/install/sar_control:/home/dlee/ros2_ws/install/sar_msgs:/home/dlee/ros2_ws/install/sar_logging_exp:/home/dlee/ros2_ws/install/sar_logging:/home/dlee/ros2_ws/install/sar_launch:/home/dlee/ros2_ws/install/sar_general:/home/dlee/ros2_ws/install/sar_env_exp:/home/dlee/ros2_ws/install/sar_env:/home/dlee/ros2_ws/install/sar_data_converter:/home/dlee/ros2_ws/install/sar_config:/home/dlee/ros2_ws/install/my_ignition_plugin:/home/dlee/ros2_ws/install/motion_capture_tracking:/home/dlee/ros2_ws/install/crazyflie:/home/dlee/ros2_ws/install/motion_capture_tracking_interfaces:/home/dlee/ros2_ws/install/crazyflie_sim:/home/dlee/ros2_ws/install/crazyflie_examples:/home/dlee/ros2_ws/install/crazyflie_interfaces:/home/dlee/ros2_ws/install/crazyflie_py:/opt/ros/humble LD_LIBRARY_PATH=/home/dlee/ros2_ws/src/sar_experiment/install/crazyflie_interfaces/lib:${LD_LIBRARY_PATH} PYTHONPATH=/home/dlee/ros2_ws/src/sar_experiment/install/crazyflie_interfaces/local/lib/python3.10/dist-packages:${PYTHONPATH} /usr/bin/cmake --build /home/dlee/ros2_ws/src/sar_experiment/build/crazyflie_sim -- -j24 -l24
[14.387s] DEBUG:colcon.colcon_core.event_handler.log_command:Invoked command in '/home/dlee/ros2_ws/src/sar_experiment/build/crazyflie' returned '0': AMENT_PREFIX_PATH=/home/dlee/ros2_ws/src/sar_experiment/install/motion_capture_tracking_interfaces:/home/dlee/ros2_ws/src/sar_experiment/install/crazyflie_interfaces:${AMENT_PREFIX_PATH} CMAKE_PREFIX_PATH=/home/dlee/ros2_ws/src/sar_experiment/install/motion_capture_tracking_interfaces:/home/dlee/ros2_ws/src/sar_experiment/install/crazyflie_interfaces:/home/dlee/ros2_ws/install/sar_projects:/home/dlee/ros2_ws/install/sar_gazebo:/home/dlee/ros2_ws/install/sar_control:/home/dlee/ros2_ws/install/sar_msgs:/home/dlee/ros2_ws/install/sar_logging_exp:/home/dlee/ros2_ws/install/sar_logging:/home/dlee/ros2_ws/install/sar_launch:/home/dlee/ros2_ws/install/sar_general:/home/dlee/ros2_ws/install/sar_env_exp:/home/dlee/ros2_ws/install/sar_env:/home/dlee/ros2_ws/install/sar_data_converter:/home/dlee/ros2_ws/install/sar_config:/home/dlee/ros2_ws/install/my_ignition_plugin:/home/dlee/ros2_ws/install/motion_capture_tracking:/home/dlee/ros2_ws/install/crazyflie:/home/dlee/ros2_ws/install/motion_capture_tracking_interfaces:/home/dlee/ros2_ws/install/crazyflie_sim:/home/dlee/ros2_ws/install/crazyflie_examples:/home/dlee/ros2_ws/install/crazyflie_interfaces:/home/dlee/ros2_ws/install/crazyflie_py:/opt/ros/humble LD_LIBRARY_PATH=/home/dlee/ros2_ws/src/sar_experiment/install/motion_capture_tracking_interfaces/lib:/home/dlee/ros2_ws/src/sar_experiment/install/crazyflie_interfaces/lib:${LD_LIBRARY_PATH} PYTHONPATH=/home/dlee/ros2_ws/src/sar_experiment/install/motion_capture_tracking_interfaces/local/lib/python3.10/dist-packages:/home/dlee/ros2_ws/src/sar_experiment/install/crazyflie_interfaces/local/lib/python3.10/dist-packages:${PYTHONPATH} /usr/bin/cmake /home/dlee/ros2_ws/src/sar_experiment/crazyswarm2/crazyflie -DCMAKE_INSTALL_PREFIX=/home/dlee/ros2_ws/src/sar_experiment/install/crazyflie
[14.390s] DEBUG:colcon.colcon_core.event_handler.log_command:Invoking command in '/home/dlee/ros2_ws/src/sar_experiment/build/crazyflie': AMENT_PREFIX_PATH=/home/dlee/ros2_ws/src/sar_experiment/install/motion_capture_tracking_interfaces:/home/dlee/ros2_ws/src/sar_experiment/install/crazyflie_interfaces:${AMENT_PREFIX_PATH} CMAKE_PREFIX_PATH=/home/dlee/ros2_ws/src/sar_experiment/install/motion_capture_tracking_interfaces:/home/dlee/ros2_ws/src/sar_experiment/install/crazyflie_interfaces:/home/dlee/ros2_ws/install/sar_projects:/home/dlee/ros2_ws/install/sar_gazebo:/home/dlee/ros2_ws/install/sar_control:/home/dlee/ros2_ws/install/sar_msgs:/home/dlee/ros2_ws/install/sar_logging_exp:/home/dlee/ros2_ws/install/sar_logging:/home/dlee/ros2_ws/install/sar_launch:/home/dlee/ros2_ws/install/sar_general:/home/dlee/ros2_ws/install/sar_env_exp:/home/dlee/ros2_ws/install/sar_env:/home/dlee/ros2_ws/install/sar_data_converter:/home/dlee/ros2_ws/install/sar_config:/home/dlee/ros2_ws/install/my_ignition_plugin:/home/dlee/ros2_ws/install/motion_capture_tracking:/home/dlee/ros2_ws/install/crazyflie:/home/dlee/ros2_ws/install/motion_capture_tracking_interfaces:/home/dlee/ros2_ws/install/crazyflie_sim:/home/dlee/ros2_ws/install/crazyflie_examples:/home/dlee/ros2_ws/install/crazyflie_interfaces:/home/dlee/ros2_ws/install/crazyflie_py:/opt/ros/humble LD_LIBRARY_PATH=/home/dlee/ros2_ws/src/sar_experiment/install/motion_capture_tracking_interfaces/lib:/home/dlee/ros2_ws/src/sar_experiment/install/crazyflie_interfaces/lib:${LD_LIBRARY_PATH} PYTHONPATH=/home/dlee/ros2_ws/src/sar_experiment/install/motion_capture_tracking_interfaces/local/lib/python3.10/dist-packages:/home/dlee/ros2_ws/src/sar_experiment/install/crazyflie_interfaces/local/lib/python3.10/dist-packages:${PYTHONPATH} /usr/bin/cmake --build /home/dlee/ros2_ws/src/sar_experiment/build/crazyflie -- -j24 -l24
[14.761s] DEBUG:colcon.colcon_core.event_handler.log_command:Invoked command in '/home/dlee/ros2_ws/src/sar_experiment/build/crazyflie_sim' returned '0': AMENT_PREFIX_PATH=/home/dlee/ros2_ws/src/sar_experiment/install/crazyflie_interfaces:${AMENT_PREFIX_PATH} CMAKE_PREFIX_PATH=/home/dlee/ros2_ws/src/sar_experiment/install/crazyflie_interfaces:/home/dlee/ros2_ws/install/sar_projects:/home/dlee/ros2_ws/install/sar_gazebo:/home/dlee/ros2_ws/install/sar_control:/home/dlee/ros2_ws/install/sar_msgs:/home/dlee/ros2_ws/install/sar_logging_exp:/home/dlee/ros2_ws/install/sar_logging:/home/dlee/ros2_ws/install/sar_launch:/home/dlee/ros2_ws/install/sar_general:/home/dlee/ros2_ws/install/sar_env_exp:/home/dlee/ros2_ws/install/sar_env:/home/dlee/ros2_ws/install/sar_data_converter:/home/dlee/ros2_ws/install/sar_config:/home/dlee/ros2_ws/install/my_ignition_plugin:/home/dlee/ros2_ws/install/motion_capture_tracking:/home/dlee/ros2_ws/install/crazyflie:/home/dlee/ros2_ws/install/motion_capture_tracking_interfaces:/home/dlee/ros2_ws/install/crazyflie_sim:/home/dlee/ros2_ws/install/crazyflie_examples:/home/dlee/ros2_ws/install/crazyflie_interfaces:/home/dlee/ros2_ws/install/crazyflie_py:/opt/ros/humble LD_LIBRARY_PATH=/home/dlee/ros2_ws/src/sar_experiment/install/crazyflie_interfaces/lib:${LD_LIBRARY_PATH} PYTHONPATH=/home/dlee/ros2_ws/src/sar_experiment/install/crazyflie_interfaces/local/lib/python3.10/dist-packages:${PYTHONPATH} /usr/bin/cmake --build /home/dlee/ros2_ws/src/sar_experiment/build/crazyflie_sim -- -j24 -l24
[14.764s] DEBUG:colcon.colcon_core.event_handler.log_command:Invoking command in '/home/dlee/ros2_ws/src/sar_experiment/build/crazyflie_sim': AMENT_PREFIX_PATH=/home/dlee/ros2_ws/src/sar_experiment/install/crazyflie_interfaces:${AMENT_PREFIX_PATH} CMAKE_PREFIX_PATH=/home/dlee/ros2_ws/src/sar_experiment/install/crazyflie_interfaces:/home/dlee/ros2_ws/install/sar_projects:/home/dlee/ros2_ws/install/sar_gazebo:/home/dlee/ros2_ws/install/sar_control:/home/dlee/ros2_ws/install/sar_msgs:/home/dlee/ros2_ws/install/sar_logging_exp:/home/dlee/ros2_ws/install/sar_logging:/home/dlee/ros2_ws/install/sar_launch:/home/dlee/ros2_ws/install/sar_general:/home/dlee/ros2_ws/install/sar_env_exp:/home/dlee/ros2_ws/install/sar_env:/home/dlee/ros2_ws/install/sar_data_converter:/home/dlee/ros2_ws/install/sar_config:/home/dlee/ros2_ws/install/my_ignition_plugin:/home/dlee/ros2_ws/install/motion_capture_tracking:/home/dlee/ros2_ws/install/crazyflie:/home/dlee/ros2_ws/install/motion_capture_tracking_interfaces:/home/dlee/ros2_ws/install/crazyflie_sim:/home/dlee/ros2_ws/install/crazyflie_examples:/home/dlee/ros2_ws/install/crazyflie_interfaces:/home/dlee/ros2_ws/install/crazyflie_py:/opt/ros/humble LD_LIBRARY_PATH=/home/dlee/ros2_ws/src/sar_experiment/install/crazyflie_interfaces/lib:${LD_LIBRARY_PATH} PYTHONPATH=/home/dlee/ros2_ws/src/sar_experiment/install/crazyflie_interfaces/local/lib/python3.10/dist-packages:${PYTHONPATH} /usr/bin/cmake --install /home/dlee/ros2_ws/src/sar_experiment/build/crazyflie_sim
[14.878s] Level 1:colcon.colcon_core.environment:create_environment_scripts_only(crazyflie_sim)
[14.878s] Level 1:colcon.colcon_core.environment:checking '/home/dlee/ros2_ws/src/sar_experiment/install/crazyflie_sim' for CMake module files
[14.880s] Level 1:colcon.colcon_core.environment:checking '/home/dlee/ros2_ws/src/sar_experiment/install/crazyflie_sim' for CMake config files
[14.879s] DEBUG:colcon.colcon_core.event_handler.log_command:Invoked command in '/home/dlee/ros2_ws/src/sar_experiment/build/crazyflie_sim' returned '0': AMENT_PREFIX_PATH=/home/dlee/ros2_ws/src/sar_experiment/install/crazyflie_interfaces:${AMENT_PREFIX_PATH} CMAKE_PREFIX_PATH=/home/dlee/ros2_ws/src/sar_experiment/install/crazyflie_interfaces:/home/dlee/ros2_ws/install/sar_projects:/home/dlee/ros2_ws/install/sar_gazebo:/home/dlee/ros2_ws/install/sar_control:/home/dlee/ros2_ws/install/sar_msgs:/home/dlee/ros2_ws/install/sar_logging_exp:/home/dlee/ros2_ws/install/sar_logging:/home/dlee/ros2_ws/install/sar_launch:/home/dlee/ros2_ws/install/sar_general:/home/dlee/ros2_ws/install/sar_env_exp:/home/dlee/ros2_ws/install/sar_env:/home/dlee/ros2_ws/install/sar_data_converter:/home/dlee/ros2_ws/install/sar_config:/home/dlee/ros2_ws/install/my_ignition_plugin:/home/dlee/ros2_ws/install/motion_capture_tracking:/home/dlee/ros2_ws/install/crazyflie:/home/dlee/ros2_ws/install/motion_capture_tracking_interfaces:/home/dlee/ros2_ws/install/crazyflie_sim:/home/dlee/ros2_ws/install/crazyflie_examples:/home/dlee/ros2_ws/install/crazyflie_interfaces:/home/dlee/ros2_ws/install/crazyflie_py:/opt/ros/humble LD_LIBRARY_PATH=/home/dlee/ros2_ws/src/sar_experiment/install/crazyflie_interfaces/lib:${LD_LIBRARY_PATH} PYTHONPATH=/home/dlee/ros2_ws/src/sar_experiment/install/crazyflie_interfaces/local/lib/python3.10/dist-packages:${PYTHONPATH} /usr/bin/cmake --install /home/dlee/ros2_ws/src/sar_experiment/build/crazyflie_sim
[14.881s] Level 1:colcon.colcon_core.shell:create_environment_hook('crazyflie_sim', 'cmake_prefix_path')
[14.881s] INFO:colcon.colcon_core.shell:Creating environment hook '/home/dlee/ros2_ws/src/sar_experiment/install/crazyflie_sim/share/crazyflie_sim/hook/cmake_prefix_path.ps1'
[14.882s] INFO:colcon.colcon_core.shell:Creating environment descriptor '/home/dlee/ros2_ws/src/sar_experiment/install/crazyflie_sim/share/crazyflie_sim/hook/cmake_prefix_path.dsv'
[14.882s] INFO:colcon.colcon_core.shell:Creating environment hook '/home/dlee/ros2_ws/src/sar_experiment/install/crazyflie_sim/share/crazyflie_sim/hook/cmake_prefix_path.sh'
[14.883s] Level 1:colcon.colcon_core.environment:checking '/home/dlee/ros2_ws/src/sar_experiment/install/crazyflie_sim/lib'
[14.883s] Level 1:colcon.colcon_core.environment:checking '/home/dlee/ros2_ws/src/sar_experiment/install/crazyflie_sim/bin'
[14.884s] Level 1:colcon.colcon_core.environment:checking '/home/dlee/ros2_ws/src/sar_experiment/install/crazyflie_sim/lib/pkgconfig/crazyflie_sim.pc'
[14.884s] Level 1:colcon.colcon_core.environment:checking '/home/dlee/ros2_ws/src/sar_experiment/install/crazyflie_sim/lib/python3.10/site-packages'
[14.884s] Level 1:colcon.colcon_core.environment:checking '/home/dlee/ros2_ws/src/sar_experiment/install/crazyflie_sim/bin'
[14.885s] INFO:colcon.colcon_core.shell:Creating package script '/home/dlee/ros2_ws/src/sar_experiment/install/crazyflie_sim/share/crazyflie_sim/package.ps1'
[14.885s] INFO:colcon.colcon_core.shell:Creating package descriptor '/home/dlee/ros2_ws/src/sar_experiment/install/crazyflie_sim/share/crazyflie_sim/package.dsv'
[14.886s] INFO:colcon.colcon_core.shell:Creating package script '/home/dlee/ros2_ws/src/sar_experiment/install/crazyflie_sim/share/crazyflie_sim/package.sh'
[14.887s] INFO:colcon.colcon_core.shell:Creating package script '/home/dlee/ros2_ws/src/sar_experiment/install/crazyflie_sim/share/crazyflie_sim/package.bash'
[14.887s] INFO:colcon.colcon_core.shell:Creating package script '/home/dlee/ros2_ws/src/sar_experiment/install/crazyflie_sim/share/crazyflie_sim/package.zsh'
[14.888s] Level 1:colcon.colcon_core.environment:create_file_with_runtime_dependencies(/home/dlee/ros2_ws/src/sar_experiment/install/crazyflie_sim/share/colcon-core/packages/crazyflie_sim)
[14.889s] Level 1:colcon.colcon_core.environment:create_environment_scripts_only(crazyflie_sim)
[14.889s] Level 1:colcon.colcon_core.environment:checking '/home/dlee/ros2_ws/src/sar_experiment/install/crazyflie_sim' for CMake module files
[14.890s] Level 1:colcon.colcon_core.environment:checking '/home/dlee/ros2_ws/src/sar_experiment/install/crazyflie_sim' for CMake config files
[14.891s] Level 1:colcon.colcon_core.shell:create_environment_hook('crazyflie_sim', 'cmake_prefix_path')
[14.892s] INFO:colcon.colcon_core.shell:Creating environment hook '/home/dlee/ros2_ws/src/sar_experiment/install/crazyflie_sim/share/crazyflie_sim/hook/cmake_prefix_path.ps1'
[14.893s] INFO:colcon.colcon_core.shell:Creating environment descriptor '/home/dlee/ros2_ws/src/sar_experiment/install/crazyflie_sim/share/crazyflie_sim/hook/cmake_prefix_path.dsv'
[14.894s] INFO:colcon.colcon_core.shell:Creating environment hook '/home/dlee/ros2_ws/src/sar_experiment/install/crazyflie_sim/share/crazyflie_sim/hook/cmake_prefix_path.sh'
[14.895s] Level 1:colcon.colcon_core.environment:checking '/home/dlee/ros2_ws/src/sar_experiment/install/crazyflie_sim/lib'
[14.895s] Level 1:colcon.colcon_core.environment:checking '/home/dlee/ros2_ws/src/sar_experiment/install/crazyflie_sim/bin'
[14.895s] Level 1:colcon.colcon_core.environment:checking '/home/dlee/ros2_ws/src/sar_experiment/install/crazyflie_sim/lib/pkgconfig/crazyflie_sim.pc'
[14.896s] Level 1:colcon.colcon_core.environment:checking '/home/dlee/ros2_ws/src/sar_experiment/install/crazyflie_sim/lib/python3.10/site-packages'
[14.896s] Level 1:colcon.colcon_core.environment:checking '/home/dlee/ros2_ws/src/sar_experiment/install/crazyflie_sim/bin'
[14.896s] INFO:colcon.colcon_core.shell:Creating package script '/home/dlee/ros2_ws/src/sar_experiment/install/crazyflie_sim/share/crazyflie_sim/package.ps1'
[14.897s] INFO:colcon.colcon_core.shell:Creating package descriptor '/home/dlee/ros2_ws/src/sar_experiment/install/crazyflie_sim/share/crazyflie_sim/package.dsv'
[14.898s] INFO:colcon.colcon_core.shell:Creating package script '/home/dlee/ros2_ws/src/sar_experiment/install/crazyflie_sim/share/crazyflie_sim/package.sh'
[14.898s] INFO:colcon.colcon_core.shell:Creating package script '/home/dlee/ros2_ws/src/sar_experiment/install/crazyflie_sim/share/crazyflie_sim/package.bash'
[14.899s] INFO:colcon.colcon_core.shell:Creating package script '/home/dlee/ros2_ws/src/sar_experiment/install/crazyflie_sim/share/crazyflie_sim/package.zsh'
[14.899s] Level 1:colcon.colcon_core.environment:create_file_with_runtime_dependencies(/home/dlee/ros2_ws/src/sar_experiment/install/crazyflie_sim/share/colcon-core/packages/crazyflie_sim)
[15.252s] DEBUG:colcon.colcon_core.event_handler.log_command:Invoked command in '/home/dlee/ros2_ws/src/sar_experiment/build/crazyflie_examples' returned '0': AMENT_PREFIX_PATH=/home/dlee/ros2_ws/src/sar_experiment/install/crazyflie_py:/home/dlee/ros2_ws/src/sar_experiment/install/crazyflie_interfaces:${AMENT_PREFIX_PATH} CMAKE_PREFIX_PATH=/home/dlee/ros2_ws/src/sar_experiment/install/crazyflie_interfaces:/home/dlee/ros2_ws/install/sar_projects:/home/dlee/ros2_ws/install/sar_gazebo:/home/dlee/ros2_ws/install/sar_control:/home/dlee/ros2_ws/install/sar_msgs:/home/dlee/ros2_ws/install/sar_logging_exp:/home/dlee/ros2_ws/install/sar_logging:/home/dlee/ros2_ws/install/sar_launch:/home/dlee/ros2_ws/install/sar_general:/home/dlee/ros2_ws/install/sar_env_exp:/home/dlee/ros2_ws/install/sar_env:/home/dlee/ros2_ws/install/sar_data_converter:/home/dlee/ros2_ws/install/sar_config:/home/dlee/ros2_ws/install/my_ignition_plugin:/home/dlee/ros2_ws/install/motion_capture_tracking:/home/dlee/ros2_ws/install/crazyflie:/home/dlee/ros2_ws/install/motion_capture_tracking_interfaces:/home/dlee/ros2_ws/install/crazyflie_sim:/home/dlee/ros2_ws/install/crazyflie_examples:/home/dlee/ros2_ws/install/crazyflie_interfaces:/home/dlee/ros2_ws/install/crazyflie_py:/opt/ros/humble LD_LIBRARY_PATH=/home/dlee/ros2_ws/src/sar_experiment/install/crazyflie_interfaces/lib:${LD_LIBRARY_PATH} PYTHONPATH=/home/dlee/ros2_ws/src/sar_experiment/install/crazyflie_py/lib/python3.10/site-packages:/home/dlee/ros2_ws/src/sar_experiment/install/crazyflie_interfaces/local/lib/python3.10/dist-packages:${PYTHONPATH} /usr/bin/cmake /home/dlee/ros2_ws/src/sar_experiment/crazyswarm2/crazyflie_examples -DCMAKE_INSTALL_PREFIX=/home/dlee/ros2_ws/src/sar_experiment/install/crazyflie_examples
[15.255s] DEBUG:colcon.colcon_core.event_handler.log_command:Invoking command in '/home/dlee/ros2_ws/src/sar_experiment/build/crazyflie_examples': AMENT_PREFIX_PATH=/home/dlee/ros2_ws/src/sar_experiment/install/crazyflie_py:/home/dlee/ros2_ws/src/sar_experiment/install/crazyflie_interfaces:${AMENT_PREFIX_PATH} CMAKE_PREFIX_PATH=/home/dlee/ros2_ws/src/sar_experiment/install/crazyflie_interfaces:/home/dlee/ros2_ws/install/sar_projects:/home/dlee/ros2_ws/install/sar_gazebo:/home/dlee/ros2_ws/install/sar_control:/home/dlee/ros2_ws/install/sar_msgs:/home/dlee/ros2_ws/install/sar_logging_exp:/home/dlee/ros2_ws/install/sar_logging:/home/dlee/ros2_ws/install/sar_launch:/home/dlee/ros2_ws/install/sar_general:/home/dlee/ros2_ws/install/sar_env_exp:/home/dlee/ros2_ws/install/sar_env:/home/dlee/ros2_ws/install/sar_data_converter:/home/dlee/ros2_ws/install/sar_config:/home/dlee/ros2_ws/install/my_ignition_plugin:/home/dlee/ros2_ws/install/motion_capture_tracking:/home/dlee/ros2_ws/install/crazyflie:/home/dlee/ros2_ws/install/motion_capture_tracking_interfaces:/home/dlee/ros2_ws/install/crazyflie_sim:/home/dlee/ros2_ws/install/crazyflie_examples:/home/dlee/ros2_ws/install/crazyflie_interfaces:/home/dlee/ros2_ws/install/crazyflie_py:/opt/ros/humble LD_LIBRARY_PATH=/home/dlee/ros2_ws/src/sar_experiment/install/crazyflie_interfaces/lib:${LD_LIBRARY_PATH} PYTHONPATH=/home/dlee/ros2_ws/src/sar_experiment/install/crazyflie_py/lib/python3.10/site-packages:/home/dlee/ros2_ws/src/sar_experiment/install/crazyflie_interfaces/local/lib/python3.10/dist-packages:${PYTHONPATH} /usr/bin/cmake --build /home/dlee/ros2_ws/src/sar_experiment/build/crazyflie_examples -- -j24 -l24
[15.749s] DEBUG:colcon.colcon_core.event_handler.log_command:Invoked command in '/home/dlee/ros2_ws/src/sar_experiment/build/crazyflie_examples' returned '0': AMENT_PREFIX_PATH=/home/dlee/ros2_ws/src/sar_experiment/install/crazyflie_py:/home/dlee/ros2_ws/src/sar_experiment/install/crazyflie_interfaces:${AMENT_PREFIX_PATH} CMAKE_PREFIX_PATH=/home/dlee/ros2_ws/src/sar_experiment/install/crazyflie_interfaces:/home/dlee/ros2_ws/install/sar_projects:/home/dlee/ros2_ws/install/sar_gazebo:/home/dlee/ros2_ws/install/sar_control:/home/dlee/ros2_ws/install/sar_msgs:/home/dlee/ros2_ws/install/sar_logging_exp:/home/dlee/ros2_ws/install/sar_logging:/home/dlee/ros2_ws/install/sar_launch:/home/dlee/ros2_ws/install/sar_general:/home/dlee/ros2_ws/install/sar_env_exp:/home/dlee/ros2_ws/install/sar_env:/home/dlee/ros2_ws/install/sar_data_converter:/home/dlee/ros2_ws/install/sar_config:/home/dlee/ros2_ws/install/my_ignition_plugin:/home/dlee/ros2_ws/install/motion_capture_tracking:/home/dlee/ros2_ws/install/crazyflie:/home/dlee/ros2_ws/install/motion_capture_tracking_interfaces:/home/dlee/ros2_ws/install/crazyflie_sim:/home/dlee/ros2_ws/install/crazyflie_examples:/home/dlee/ros2_ws/install/crazyflie_interfaces:/home/dlee/ros2_ws/install/crazyflie_py:/opt/ros/humble LD_LIBRARY_PATH=/home/dlee/ros2_ws/src/sar_experiment/install/crazyflie_interfaces/lib:${LD_LIBRARY_PATH} PYTHONPATH=/home/dlee/ros2_ws/src/sar_experiment/install/crazyflie_py/lib/python3.10/site-packages:/home/dlee/ros2_ws/src/sar_experiment/install/crazyflie_interfaces/local/lib/python3.10/dist-packages:${PYTHONPATH} /usr/bin/cmake --build /home/dlee/ros2_ws/src/sar_experiment/build/crazyflie_examples -- -j24 -l24
[15.751s] DEBUG:colcon.colcon_core.event_handler.log_command:Invoking command in '/home/dlee/ros2_ws/src/sar_experiment/build/crazyflie_examples': AMENT_PREFIX_PATH=/home/dlee/ros2_ws/src/sar_experiment/install/crazyflie_py:/home/dlee/ros2_ws/src/sar_experiment/install/crazyflie_interfaces:${AMENT_PREFIX_PATH} CMAKE_PREFIX_PATH=/home/dlee/ros2_ws/src/sar_experiment/install/crazyflie_interfaces:/home/dlee/ros2_ws/install/sar_projects:/home/dlee/ros2_ws/install/sar_gazebo:/home/dlee/ros2_ws/install/sar_control:/home/dlee/ros2_ws/install/sar_msgs:/home/dlee/ros2_ws/install/sar_logging_exp:/home/dlee/ros2_ws/install/sar_logging:/home/dlee/ros2_ws/install/sar_launch:/home/dlee/ros2_ws/install/sar_general:/home/dlee/ros2_ws/install/sar_env_exp:/home/dlee/ros2_ws/install/sar_env:/home/dlee/ros2_ws/install/sar_data_converter:/home/dlee/ros2_ws/install/sar_config:/home/dlee/ros2_ws/install/my_ignition_plugin:/home/dlee/ros2_ws/install/motion_capture_tracking:/home/dlee/ros2_ws/install/crazyflie:/home/dlee/ros2_ws/install/motion_capture_tracking_interfaces:/home/dlee/ros2_ws/install/crazyflie_sim:/home/dlee/ros2_ws/install/crazyflie_examples:/home/dlee/ros2_ws/install/crazyflie_interfaces:/home/dlee/ros2_ws/install/crazyflie_py:/opt/ros/humble LD_LIBRARY_PATH=/home/dlee/ros2_ws/src/sar_experiment/install/crazyflie_interfaces/lib:${LD_LIBRARY_PATH} PYTHONPATH=/home/dlee/ros2_ws/src/sar_experiment/install/crazyflie_py/lib/python3.10/site-packages:/home/dlee/ros2_ws/src/sar_experiment/install/crazyflie_interfaces/local/lib/python3.10/dist-packages:${PYTHONPATH} /usr/bin/cmake --install /home/dlee/ros2_ws/src/sar_experiment/build/crazyflie_examples
[15.818s] Level 1:colcon.colcon_core.environment:create_environment_scripts_only(crazyflie_examples)
[15.819s] Level 1:colcon.colcon_core.environment:checking '/home/dlee/ros2_ws/src/sar_experiment/install/crazyflie_examples' for CMake module files
[15.820s] DEBUG:colcon.colcon_core.event_handler.log_command:Invoked command in '/home/dlee/ros2_ws/src/sar_experiment/build/crazyflie_examples' returned '0': AMENT_PREFIX_PATH=/home/dlee/ros2_ws/src/sar_experiment/install/crazyflie_py:/home/dlee/ros2_ws/src/sar_experiment/install/crazyflie_interfaces:${AMENT_PREFIX_PATH} CMAKE_PREFIX_PATH=/home/dlee/ros2_ws/src/sar_experiment/install/crazyflie_interfaces:/home/dlee/ros2_ws/install/sar_projects:/home/dlee/ros2_ws/install/sar_gazebo:/home/dlee/ros2_ws/install/sar_control:/home/dlee/ros2_ws/install/sar_msgs:/home/dlee/ros2_ws/install/sar_logging_exp:/home/dlee/ros2_ws/install/sar_logging:/home/dlee/ros2_ws/install/sar_launch:/home/dlee/ros2_ws/install/sar_general:/home/dlee/ros2_ws/install/sar_env_exp:/home/dlee/ros2_ws/install/sar_env:/home/dlee/ros2_ws/install/sar_data_converter:/home/dlee/ros2_ws/install/sar_config:/home/dlee/ros2_ws/install/my_ignition_plugin:/home/dlee/ros2_ws/install/motion_capture_tracking:/home/dlee/ros2_ws/install/crazyflie:/home/dlee/ros2_ws/install/motion_capture_tracking_interfaces:/home/dlee/ros2_ws/install/crazyflie_sim:/home/dlee/ros2_ws/install/crazyflie_examples:/home/dlee/ros2_ws/install/crazyflie_interfaces:/home/dlee/ros2_ws/install/crazyflie_py:/opt/ros/humble LD_LIBRARY_PATH=/home/dlee/ros2_ws/src/sar_experiment/install/crazyflie_interfaces/lib:${LD_LIBRARY_PATH} PYTHONPATH=/home/dlee/ros2_ws/src/sar_experiment/install/crazyflie_py/lib/python3.10/site-packages:/home/dlee/ros2_ws/src/sar_experiment/install/crazyflie_interfaces/local/lib/python3.10/dist-packages:${PYTHONPATH} /usr/bin/cmake --install /home/dlee/ros2_ws/src/sar_experiment/build/crazyflie_examples
[15.821s] Level 1:colcon.colcon_core.environment:checking '/home/dlee/ros2_ws/src/sar_experiment/install/crazyflie_examples' for CMake config files
[15.822s] Level 1:colcon.colcon_core.shell:create_environment_hook('crazyflie_examples', 'cmake_prefix_path')
[15.823s] INFO:colcon.colcon_core.shell:Creating environment hook '/home/dlee/ros2_ws/src/sar_experiment/install/crazyflie_examples/share/crazyflie_examples/hook/cmake_prefix_path.ps1'
[15.823s] INFO:colcon.colcon_core.shell:Creating environment descriptor '/home/dlee/ros2_ws/src/sar_experiment/install/crazyflie_examples/share/crazyflie_examples/hook/cmake_prefix_path.dsv'
[15.824s] INFO:colcon.colcon_core.shell:Creating environment hook '/home/dlee/ros2_ws/src/sar_experiment/install/crazyflie_examples/share/crazyflie_examples/hook/cmake_prefix_path.sh'
[15.825s] Level 1:colcon.colcon_core.environment:checking '/home/dlee/ros2_ws/src/sar_experiment/install/crazyflie_examples/lib'
[15.825s] Level 1:colcon.colcon_core.environment:checking '/home/dlee/ros2_ws/src/sar_experiment/install/crazyflie_examples/bin'
[15.825s] Level 1:colcon.colcon_core.environment:checking '/home/dlee/ros2_ws/src/sar_experiment/install/crazyflie_examples/lib/pkgconfig/crazyflie_examples.pc'
[15.825s] Level 1:colcon.colcon_core.environment:checking '/home/dlee/ros2_ws/src/sar_experiment/install/crazyflie_examples/lib/python3.10/site-packages'
[15.826s] Level 1:colcon.colcon_core.environment:checking '/home/dlee/ros2_ws/src/sar_experiment/install/crazyflie_examples/bin'
[15.826s] INFO:colcon.colcon_core.shell:Creating package script '/home/dlee/ros2_ws/src/sar_experiment/install/crazyflie_examples/share/crazyflie_examples/package.ps1'
[15.827s] INFO:colcon.colcon_core.shell:Creating package descriptor '/home/dlee/ros2_ws/src/sar_experiment/install/crazyflie_examples/share/crazyflie_examples/package.dsv'
[15.828s] INFO:colcon.colcon_core.shell:Creating package script '/home/dlee/ros2_ws/src/sar_experiment/install/crazyflie_examples/share/crazyflie_examples/package.sh'
[15.828s] INFO:colcon.colcon_core.shell:Creating package script '/home/dlee/ros2_ws/src/sar_experiment/install/crazyflie_examples/share/crazyflie_examples/package.bash'
[15.828s] INFO:colcon.colcon_core.shell:Creating package script '/home/dlee/ros2_ws/src/sar_experiment/install/crazyflie_examples/share/crazyflie_examples/package.zsh'
[15.829s] Level 1:colcon.colcon_core.environment:create_file_with_runtime_dependencies(/home/dlee/ros2_ws/src/sar_experiment/install/crazyflie_examples/share/colcon-core/packages/crazyflie_examples)
[15.830s] Level 1:colcon.colcon_core.environment:create_environment_scripts_only(crazyflie_examples)
[15.830s] Level 1:colcon.colcon_core.environment:checking '/home/dlee/ros2_ws/src/sar_experiment/install/crazyflie_examples' for CMake module files
[15.831s] Level 1:colcon.colcon_core.environment:checking '/home/dlee/ros2_ws/src/sar_experiment/install/crazyflie_examples' for CMake config files
[15.832s] Level 1:colcon.colcon_core.shell:create_environment_hook('crazyflie_examples', 'cmake_prefix_path')
[15.832s] INFO:colcon.colcon_core.shell:Creating environment hook '/home/dlee/ros2_ws/src/sar_experiment/install/crazyflie_examples/share/crazyflie_examples/hook/cmake_prefix_path.ps1'
[15.832s] INFO:colcon.colcon_core.shell:Creating environment descriptor '/home/dlee/ros2_ws/src/sar_experiment/install/crazyflie_examples/share/crazyflie_examples/hook/cmake_prefix_path.dsv'
[15.833s] INFO:colcon.colcon_core.shell:Creating environment hook '/home/dlee/ros2_ws/src/sar_experiment/install/crazyflie_examples/share/crazyflie_examples/hook/cmake_prefix_path.sh'
[15.833s] Level 1:colcon.colcon_core.environment:checking '/home/dlee/ros2_ws/src/sar_experiment/install/crazyflie_examples/lib'
[15.834s] Level 1:colcon.colcon_core.environment:checking '/home/dlee/ros2_ws/src/sar_experiment/install/crazyflie_examples/bin'
[15.834s] Level 1:colcon.colcon_core.environment:checking '/home/dlee/ros2_ws/src/sar_experiment/install/crazyflie_examples/lib/pkgconfig/crazyflie_examples.pc'
[15.834s] Level 1:colcon.colcon_core.environment:checking '/home/dlee/ros2_ws/src/sar_experiment/install/crazyflie_examples/lib/python3.10/site-packages'
[15.835s] Level 1:colcon.colcon_core.environment:checking '/home/dlee/ros2_ws/src/sar_experiment/install/crazyflie_examples/bin'
[15.835s] INFO:colcon.colcon_core.shell:Creating package script '/home/dlee/ros2_ws/src/sar_experiment/install/crazyflie_examples/share/crazyflie_examples/package.ps1'
[15.836s] INFO:colcon.colcon_core.shell:Creating package descriptor '/home/dlee/ros2_ws/src/sar_experiment/install/crazyflie_examples/share/crazyflie_examples/package.dsv'
[15.837s] INFO:colcon.colcon_core.shell:Creating package script '/home/dlee/ros2_ws/src/sar_experiment/install/crazyflie_examples/share/crazyflie_examples/package.sh'
[15.837s] INFO:colcon.colcon_core.shell:Creating package script '/home/dlee/ros2_ws/src/sar_experiment/install/crazyflie_examples/share/crazyflie_examples/package.bash'
[15.838s] INFO:colcon.colcon_core.shell:Creating package script '/home/dlee/ros2_ws/src/sar_experiment/install/crazyflie_examples/share/crazyflie_examples/package.zsh'
[15.838s] Level 1:colcon.colcon_core.environment:create_file_with_runtime_dependencies(/home/dlee/ros2_ws/src/sar_experiment/install/crazyflie_examples/share/colcon-core/packages/crazyflie_examples)
[39.230s] DEBUG:colcon.colcon_core.event_handler.log_command:Invoked command in '/home/dlee/ros2_ws/src/sar_experiment/build/motion_capture_tracking' returned '0': AMENT_PREFIX_PATH=/home/dlee/ros2_ws/src/sar_experiment/install/motion_capture_tracking_interfaces:${AMENT_PREFIX_PATH} CMAKE_PREFIX_PATH=/home/dlee/ros2_ws/src/sar_experiment/install/motion_capture_tracking_interfaces:/home/dlee/ros2_ws/install/sar_projects:/home/dlee/ros2_ws/install/sar_gazebo:/home/dlee/ros2_ws/install/sar_control:/home/dlee/ros2_ws/install/sar_msgs:/home/dlee/ros2_ws/install/sar_logging_exp:/home/dlee/ros2_ws/install/sar_logging:/home/dlee/ros2_ws/install/sar_launch:/home/dlee/ros2_ws/install/sar_general:/home/dlee/ros2_ws/install/sar_env_exp:/home/dlee/ros2_ws/install/sar_env:/home/dlee/ros2_ws/install/sar_data_converter:/home/dlee/ros2_ws/install/sar_config:/home/dlee/ros2_ws/install/my_ignition_plugin:/home/dlee/ros2_ws/install/motion_capture_tracking:/home/dlee/ros2_ws/install/crazyflie:/home/dlee/ros2_ws/install/motion_capture_tracking_interfaces:/home/dlee/ros2_ws/install/crazyflie_sim:/home/dlee/ros2_ws/install/crazyflie_examples:/home/dlee/ros2_ws/install/crazyflie_interfaces:/home/dlee/ros2_ws/install/crazyflie_py:/opt/ros/humble LD_LIBRARY_PATH=/home/dlee/ros2_ws/src/sar_experiment/install/motion_capture_tracking_interfaces/lib:${LD_LIBRARY_PATH} PYTHONPATH=/home/dlee/ros2_ws/src/sar_experiment/install/motion_capture_tracking_interfaces/local/lib/python3.10/dist-packages:${PYTHONPATH} /usr/bin/cmake --build /home/dlee/ros2_ws/src/sar_experiment/build/motion_capture_tracking -- -j24 -l24
[39.231s] DEBUG:colcon.colcon_core.event_handler.log_command:Invoking command in '/home/dlee/ros2_ws/src/sar_experiment/build/motion_capture_tracking': AMENT_PREFIX_PATH=/home/dlee/ros2_ws/src/sar_experiment/install/motion_capture_tracking_interfaces:${AMENT_PREFIX_PATH} CMAKE_PREFIX_PATH=/home/dlee/ros2_ws/src/sar_experiment/install/motion_capture_tracking_interfaces:/home/dlee/ros2_ws/install/sar_projects:/home/dlee/ros2_ws/install/sar_gazebo:/home/dlee/ros2_ws/install/sar_control:/home/dlee/ros2_ws/install/sar_msgs:/home/dlee/ros2_ws/install/sar_logging_exp:/home/dlee/ros2_ws/install/sar_logging:/home/dlee/ros2_ws/install/sar_launch:/home/dlee/ros2_ws/install/sar_general:/home/dlee/ros2_ws/install/sar_env_exp:/home/dlee/ros2_ws/install/sar_env:/home/dlee/ros2_ws/install/sar_data_converter:/home/dlee/ros2_ws/install/sar_config:/home/dlee/ros2_ws/install/my_ignition_plugin:/home/dlee/ros2_ws/install/motion_capture_tracking:/home/dlee/ros2_ws/install/crazyflie:/home/dlee/ros2_ws/install/motion_capture_tracking_interfaces:/home/dlee/ros2_ws/install/crazyflie_sim:/home/dlee/ros2_ws/install/crazyflie_examples:/home/dlee/ros2_ws/install/crazyflie_interfaces:/home/dlee/ros2_ws/install/crazyflie_py:/opt/ros/humble LD_LIBRARY_PATH=/home/dlee/ros2_ws/src/sar_experiment/install/motion_capture_tracking_interfaces/lib:${LD_LIBRARY_PATH} PYTHONPATH=/home/dlee/ros2_ws/src/sar_experiment/install/motion_capture_tracking_interfaces/local/lib/python3.10/dist-packages:${PYTHONPATH} /usr/bin/cmake --install /home/dlee/ros2_ws/src/sar_experiment/build/motion_capture_tracking
[39.261s] Level 1:colcon.colcon_core.environment:create_environment_scripts_only(motion_capture_tracking)
[39.262s] Level 1:colcon.colcon_core.environment:checking '/home/dlee/ros2_ws/src/sar_experiment/install/motion_capture_tracking' for CMake module files
[39.262s] DEBUG:colcon.colcon_core.event_handler.log_command:Invoked command in '/home/dlee/ros2_ws/src/sar_experiment/build/motion_capture_tracking' returned '0': AMENT_PREFIX_PATH=/home/dlee/ros2_ws/src/sar_experiment/install/motion_capture_tracking_interfaces:${AMENT_PREFIX_PATH} CMAKE_PREFIX_PATH=/home/dlee/ros2_ws/src/sar_experiment/install/motion_capture_tracking_interfaces:/home/dlee/ros2_ws/install/sar_projects:/home/dlee/ros2_ws/install/sar_gazebo:/home/dlee/ros2_ws/install/sar_control:/home/dlee/ros2_ws/install/sar_msgs:/home/dlee/ros2_ws/install/sar_logging_exp:/home/dlee/ros2_ws/install/sar_logging:/home/dlee/ros2_ws/install/sar_launch:/home/dlee/ros2_ws/install/sar_general:/home/dlee/ros2_ws/install/sar_env_exp:/home/dlee/ros2_ws/install/sar_env:/home/dlee/ros2_ws/install/sar_data_converter:/home/dlee/ros2_ws/install/sar_config:/home/dlee/ros2_ws/install/my_ignition_plugin:/home/dlee/ros2_ws/install/motion_capture_tracking:/home/dlee/ros2_ws/install/crazyflie:/home/dlee/ros2_ws/install/motion_capture_tracking_interfaces:/home/dlee/ros2_ws/install/crazyflie_sim:/home/dlee/ros2_ws/install/crazyflie_examples:/home/dlee/ros2_ws/install/crazyflie_interfaces:/home/dlee/ros2_ws/install/crazyflie_py:/opt/ros/humble LD_LIBRARY_PATH=/home/dlee/ros2_ws/src/sar_experiment/install/motion_capture_tracking_interfaces/lib:${LD_LIBRARY_PATH} PYTHONPATH=/home/dlee/ros2_ws/src/sar_experiment/install/motion_capture_tracking_interfaces/local/lib/python3.10/dist-packages:${PYTHONPATH} /usr/bin/cmake --install /home/dlee/ros2_ws/src/sar_experiment/build/motion_capture_tracking
[39.263s] Level 1:colcon.colcon_core.environment:checking '/home/dlee/ros2_ws/src/sar_experiment/install/motion_capture_tracking' for CMake config files
[39.263s] Level 1:colcon.colcon_core.shell:create_environment_hook('motion_capture_tracking', 'cmake_prefix_path')
[39.263s] INFO:colcon.colcon_core.shell:Creating environment hook '/home/dlee/ros2_ws/src/sar_experiment/install/motion_capture_tracking/share/motion_capture_tracking/hook/cmake_prefix_path.ps1'
[39.264s] INFO:colcon.colcon_core.shell:Creating environment descriptor '/home/dlee/ros2_ws/src/sar_experiment/install/motion_capture_tracking/share/motion_capture_tracking/hook/cmake_prefix_path.dsv'
[39.264s] INFO:colcon.colcon_core.shell:Creating environment hook '/home/dlee/ros2_ws/src/sar_experiment/install/motion_capture_tracking/share/motion_capture_tracking/hook/cmake_prefix_path.sh'
[39.265s] Level 1:colcon.colcon_core.environment:checking '/home/dlee/ros2_ws/src/sar_experiment/install/motion_capture_tracking/lib'
[39.265s] Level 1:colcon.colcon_core.environment:checking '/home/dlee/ros2_ws/src/sar_experiment/install/motion_capture_tracking/bin'
[39.265s] Level 1:colcon.colcon_core.environment:checking '/home/dlee/ros2_ws/src/sar_experiment/install/motion_capture_tracking/lib/pkgconfig/motion_capture_tracking.pc'
[39.266s] Level 1:colcon.colcon_core.environment:checking '/home/dlee/ros2_ws/src/sar_experiment/install/motion_capture_tracking/lib/python3.10/site-packages'
[39.266s] Level 1:colcon.colcon_core.environment:checking '/home/dlee/ros2_ws/src/sar_experiment/install/motion_capture_tracking/bin'
[39.266s] INFO:colcon.colcon_core.shell:Creating package script '/home/dlee/ros2_ws/src/sar_experiment/install/motion_capture_tracking/share/motion_capture_tracking/package.ps1'
[39.267s] INFO:colcon.colcon_core.shell:Creating package descriptor '/home/dlee/ros2_ws/src/sar_experiment/install/motion_capture_tracking/share/motion_capture_tracking/package.dsv'
[39.267s] INFO:colcon.colcon_core.shell:Creating package script '/home/dlee/ros2_ws/src/sar_experiment/install/motion_capture_tracking/share/motion_capture_tracking/package.sh'
[39.268s] INFO:colcon.colcon_core.shell:Creating package script '/home/dlee/ros2_ws/src/sar_experiment/install/motion_capture_tracking/share/motion_capture_tracking/package.bash'
[39.268s] INFO:colcon.colcon_core.shell:Creating package script '/home/dlee/ros2_ws/src/sar_experiment/install/motion_capture_tracking/share/motion_capture_tracking/package.zsh'
[39.269s] Level 1:colcon.colcon_core.environment:create_file_with_runtime_dependencies(/home/dlee/ros2_ws/src/sar_experiment/install/motion_capture_tracking/share/colcon-core/packages/motion_capture_tracking)
[39.270s] Level 1:colcon.colcon_core.environment:create_environment_scripts_only(motion_capture_tracking)
[39.270s] Level 1:colcon.colcon_core.environment:checking '/home/dlee/ros2_ws/src/sar_experiment/install/motion_capture_tracking' for CMake module files
[39.271s] Level 1:colcon.colcon_core.environment:checking '/home/dlee/ros2_ws/src/sar_experiment/install/motion_capture_tracking' for CMake config files
[39.271s] Level 1:colcon.colcon_core.shell:create_environment_hook('motion_capture_tracking', 'cmake_prefix_path')
[39.271s] INFO:colcon.colcon_core.shell:Creating environment hook '/home/dlee/ros2_ws/src/sar_experiment/install/motion_capture_tracking/share/motion_capture_tracking/hook/cmake_prefix_path.ps1'
[39.272s] INFO:colcon.colcon_core.shell:Creating environment descriptor '/home/dlee/ros2_ws/src/sar_experiment/install/motion_capture_tracking/share/motion_capture_tracking/hook/cmake_prefix_path.dsv'
[39.272s] INFO:colcon.colcon_core.shell:Creating environment hook '/home/dlee/ros2_ws/src/sar_experiment/install/motion_capture_tracking/share/motion_capture_tracking/hook/cmake_prefix_path.sh'
[39.273s] Level 1:colcon.colcon_core.environment:checking '/home/dlee/ros2_ws/src/sar_experiment/install/motion_capture_tracking/lib'
[39.273s] Level 1:colcon.colcon_core.environment:checking '/home/dlee/ros2_ws/src/sar_experiment/install/motion_capture_tracking/bin'
[39.273s] Level 1:colcon.colcon_core.environment:checking '/home/dlee/ros2_ws/src/sar_experiment/install/motion_capture_tracking/lib/pkgconfig/motion_capture_tracking.pc'
[39.273s] Level 1:colcon.colcon_core.environment:checking '/home/dlee/ros2_ws/src/sar_experiment/install/motion_capture_tracking/lib/python3.10/site-packages'
[39.274s] Level 1:colcon.colcon_core.environment:checking '/home/dlee/ros2_ws/src/sar_experiment/install/motion_capture_tracking/bin'
[39.274s] INFO:colcon.colcon_core.shell:Creating package script '/home/dlee/ros2_ws/src/sar_experiment/install/motion_capture_tracking/share/motion_capture_tracking/package.ps1'
[39.275s] INFO:colcon.colcon_core.shell:Creating package descriptor '/home/dlee/ros2_ws/src/sar_experiment/install/motion_capture_tracking/share/motion_capture_tracking/package.dsv'
[39.275s] INFO:colcon.colcon_core.shell:Creating package script '/home/dlee/ros2_ws/src/sar_experiment/install/motion_capture_tracking/share/motion_capture_tracking/package.sh'
[39.276s] INFO:colcon.colcon_core.shell:Creating package script '/home/dlee/ros2_ws/src/sar_experiment/install/motion_capture_tracking/share/motion_capture_tracking/package.bash'
[39.276s] INFO:colcon.colcon_core.shell:Creating package script '/home/dlee/ros2_ws/src/sar_experiment/install/motion_capture_tracking/share/motion_capture_tracking/package.zsh'
[39.277s] Level 1:colcon.colcon_core.environment:create_file_with_runtime_dependencies(/home/dlee/ros2_ws/src/sar_experiment/install/motion_capture_tracking/share/colcon-core/packages/motion_capture_tracking)
[49.045s] DEBUG:colcon.colcon_core.event_handler.log_command:Invoked command in '/home/dlee/ros2_ws/src/sar_experiment/build/crazyflie' returned '0': AMENT_PREFIX_PATH=/home/dlee/ros2_ws/src/sar_experiment/install/motion_capture_tracking_interfaces:/home/dlee/ros2_ws/src/sar_experiment/install/crazyflie_interfaces:${AMENT_PREFIX_PATH} CMAKE_PREFIX_PATH=/home/dlee/ros2_ws/src/sar_experiment/install/motion_capture_tracking_interfaces:/home/dlee/ros2_ws/src/sar_experiment/install/crazyflie_interfaces:/home/dlee/ros2_ws/install/sar_projects:/home/dlee/ros2_ws/install/sar_gazebo:/home/dlee/ros2_ws/install/sar_control:/home/dlee/ros2_ws/install/sar_msgs:/home/dlee/ros2_ws/install/sar_logging_exp:/home/dlee/ros2_ws/install/sar_logging:/home/dlee/ros2_ws/install/sar_launch:/home/dlee/ros2_ws/install/sar_general:/home/dlee/ros2_ws/install/sar_env_exp:/home/dlee/ros2_ws/install/sar_env:/home/dlee/ros2_ws/install/sar_data_converter:/home/dlee/ros2_ws/install/sar_config:/home/dlee/ros2_ws/install/my_ignition_plugin:/home/dlee/ros2_ws/install/motion_capture_tracking:/home/dlee/ros2_ws/install/crazyflie:/home/dlee/ros2_ws/install/motion_capture_tracking_interfaces:/home/dlee/ros2_ws/install/crazyflie_sim:/home/dlee/ros2_ws/install/crazyflie_examples:/home/dlee/ros2_ws/install/crazyflie_interfaces:/home/dlee/ros2_ws/install/crazyflie_py:/opt/ros/humble LD_LIBRARY_PATH=/home/dlee/ros2_ws/src/sar_experiment/install/motion_capture_tracking_interfaces/lib:/home/dlee/ros2_ws/src/sar_experiment/install/crazyflie_interfaces/lib:${LD_LIBRARY_PATH} PYTHONPATH=/home/dlee/ros2_ws/src/sar_experiment/install/motion_capture_tracking_interfaces/local/lib/python3.10/dist-packages:/home/dlee/ros2_ws/src/sar_experiment/install/crazyflie_interfaces/local/lib/python3.10/dist-packages:${PYTHONPATH} /usr/bin/cmake --build /home/dlee/ros2_ws/src/sar_experiment/build/crazyflie -- -j24 -l24
[49.047s] DEBUG:colcon.colcon_core.event_handler.log_command:Invoking command in '/home/dlee/ros2_ws/src/sar_experiment/build/crazyflie': AMENT_PREFIX_PATH=/home/dlee/ros2_ws/src/sar_experiment/install/motion_capture_tracking_interfaces:/home/dlee/ros2_ws/src/sar_experiment/install/crazyflie_interfaces:${AMENT_PREFIX_PATH} CMAKE_PREFIX_PATH=/home/dlee/ros2_ws/src/sar_experiment/install/motion_capture_tracking_interfaces:/home/dlee/ros2_ws/src/sar_experiment/install/crazyflie_interfaces:/home/dlee/ros2_ws/install/sar_projects:/home/dlee/ros2_ws/install/sar_gazebo:/home/dlee/ros2_ws/install/sar_control:/home/dlee/ros2_ws/install/sar_msgs:/home/dlee/ros2_ws/install/sar_logging_exp:/home/dlee/ros2_ws/install/sar_logging:/home/dlee/ros2_ws/install/sar_launch:/home/dlee/ros2_ws/install/sar_general:/home/dlee/ros2_ws/install/sar_env_exp:/home/dlee/ros2_ws/install/sar_env:/home/dlee/ros2_ws/install/sar_data_converter:/home/dlee/ros2_ws/install/sar_config:/home/dlee/ros2_ws/install/my_ignition_plugin:/home/dlee/ros2_ws/install/motion_capture_tracking:/home/dlee/ros2_ws/install/crazyflie:/home/dlee/ros2_ws/install/motion_capture_tracking_interfaces:/home/dlee/ros2_ws/install/crazyflie_sim:/home/dlee/ros2_ws/install/crazyflie_examples:/home/dlee/ros2_ws/install/crazyflie_interfaces:/home/dlee/ros2_ws/install/crazyflie_py:/opt/ros/humble LD_LIBRARY_PATH=/home/dlee/ros2_ws/src/sar_experiment/install/motion_capture_tracking_interfaces/lib:/home/dlee/ros2_ws/src/sar_experiment/install/crazyflie_interfaces/lib:${LD_LIBRARY_PATH} PYTHONPATH=/home/dlee/ros2_ws/src/sar_experiment/install/motion_capture_tracking_interfaces/local/lib/python3.10/dist-packages:/home/dlee/ros2_ws/src/sar_experiment/install/crazyflie_interfaces/local/lib/python3.10/dist-packages:${PYTHONPATH} /usr/bin/cmake --install /home/dlee/ros2_ws/src/sar_experiment/build/crazyflie
[49.123s] Level 1:colcon.colcon_core.environment:create_environment_scripts_only(crazyflie)
[49.124s] Level 1:colcon.colcon_core.environment:checking '/home/dlee/ros2_ws/src/sar_experiment/install/crazyflie' for CMake module files
[49.124s] DEBUG:colcon.colcon_core.event_handler.log_command:Invoked command in '/home/dlee/ros2_ws/src/sar_experiment/build/crazyflie' returned '0': AMENT_PREFIX_PATH=/home/dlee/ros2_ws/src/sar_experiment/install/motion_capture_tracking_interfaces:/home/dlee/ros2_ws/src/sar_experiment/install/crazyflie_interfaces:${AMENT_PREFIX_PATH} CMAKE_PREFIX_PATH=/home/dlee/ros2_ws/src/sar_experiment/install/motion_capture_tracking_interfaces:/home/dlee/ros2_ws/src/sar_experiment/install/crazyflie_interfaces:/home/dlee/ros2_ws/install/sar_projects:/home/dlee/ros2_ws/install/sar_gazebo:/home/dlee/ros2_ws/install/sar_control:/home/dlee/ros2_ws/install/sar_msgs:/home/dlee/ros2_ws/install/sar_logging_exp:/home/dlee/ros2_ws/install/sar_logging:/home/dlee/ros2_ws/install/sar_launch:/home/dlee/ros2_ws/install/sar_general:/home/dlee/ros2_ws/install/sar_env_exp:/home/dlee/ros2_ws/install/sar_env:/home/dlee/ros2_ws/install/sar_data_converter:/home/dlee/ros2_ws/install/sar_config:/home/dlee/ros2_ws/install/my_ignition_plugin:/home/dlee/ros2_ws/install/motion_capture_tracking:/home/dlee/ros2_ws/install/crazyflie:/home/dlee/ros2_ws/install/motion_capture_tracking_interfaces:/home/dlee/ros2_ws/install/crazyflie_sim:/home/dlee/ros2_ws/install/crazyflie_examples:/home/dlee/ros2_ws/install/crazyflie_interfaces:/home/dlee/ros2_ws/install/crazyflie_py:/opt/ros/humble LD_LIBRARY_PATH=/home/dlee/ros2_ws/src/sar_experiment/install/motion_capture_tracking_interfaces/lib:/home/dlee/ros2_ws/src/sar_experiment/install/crazyflie_interfaces/lib:${LD_LIBRARY_PATH} PYTHONPATH=/home/dlee/ros2_ws/src/sar_experiment/install/motion_capture_tracking_interfaces/local/lib/python3.10/dist-packages:/home/dlee/ros2_ws/src/sar_experiment/install/crazyflie_interfaces/local/lib/python3.10/dist-packages:${PYTHONPATH} /usr/bin/cmake --install /home/dlee/ros2_ws/src/sar_experiment/build/crazyflie
[49.125s] Level 1:colcon.colcon_core.environment:checking '/home/dlee/ros2_ws/src/sar_experiment/install/crazyflie' for CMake config files
[49.125s] Level 1:colcon.colcon_core.shell:create_environment_hook('crazyflie', 'cmake_prefix_path')
[49.126s] INFO:colcon.colcon_core.shell:Creating environment hook '/home/dlee/ros2_ws/src/sar_experiment/install/crazyflie/share/crazyflie/hook/cmake_prefix_path.ps1'
[49.126s] INFO:colcon.colcon_core.shell:Creating environment descriptor '/home/dlee/ros2_ws/src/sar_experiment/install/crazyflie/share/crazyflie/hook/cmake_prefix_path.dsv'
[49.127s] INFO:colcon.colcon_core.shell:Creating environment hook '/home/dlee/ros2_ws/src/sar_experiment/install/crazyflie/share/crazyflie/hook/cmake_prefix_path.sh'
[49.127s] Level 1:colcon.colcon_core.environment:checking '/home/dlee/ros2_ws/src/sar_experiment/install/crazyflie/lib'
[49.127s] Level 1:colcon.colcon_core.environment:checking '/home/dlee/ros2_ws/src/sar_experiment/install/crazyflie/bin'
[49.127s] Level 1:colcon.colcon_core.environment:checking '/home/dlee/ros2_ws/src/sar_experiment/install/crazyflie/lib/pkgconfig/crazyflie.pc'
[49.128s] Level 1:colcon.colcon_core.environment:checking '/home/dlee/ros2_ws/src/sar_experiment/install/crazyflie/lib/python3.10/site-packages'
[49.128s] Level 1:colcon.colcon_core.environment:checking '/home/dlee/ros2_ws/src/sar_experiment/install/crazyflie/bin'
[49.128s] INFO:colcon.colcon_core.shell:Creating package script '/home/dlee/ros2_ws/src/sar_experiment/install/crazyflie/share/crazyflie/package.ps1'
[49.129s] INFO:colcon.colcon_core.shell:Creating package descriptor '/home/dlee/ros2_ws/src/sar_experiment/install/crazyflie/share/crazyflie/package.dsv'
[49.129s] INFO:colcon.colcon_core.shell:Creating package script '/home/dlee/ros2_ws/src/sar_experiment/install/crazyflie/share/crazyflie/package.sh'
[49.130s] INFO:colcon.colcon_core.shell:Creating package script '/home/dlee/ros2_ws/src/sar_experiment/install/crazyflie/share/crazyflie/package.bash'
[49.130s] INFO:colcon.colcon_core.shell:Creating package script '/home/dlee/ros2_ws/src/sar_experiment/install/crazyflie/share/crazyflie/package.zsh'
[49.131s] Level 1:colcon.colcon_core.environment:create_file_with_runtime_dependencies(/home/dlee/ros2_ws/src/sar_experiment/install/crazyflie/share/colcon-core/packages/crazyflie)
[49.132s] Level 1:colcon.colcon_core.environment:create_environment_scripts_only(crazyflie)
[49.132s] Level 1:colcon.colcon_core.environment:checking '/home/dlee/ros2_ws/src/sar_experiment/install/crazyflie' for CMake module files
[49.133s] Level 1:colcon.colcon_core.environment:checking '/home/dlee/ros2_ws/src/sar_experiment/install/crazyflie' for CMake config files
[49.133s] Level 1:colcon.colcon_core.shell:create_environment_hook('crazyflie', 'cmake_prefix_path')
[49.134s] INFO:colcon.colcon_core.shell:Creating environment hook '/home/dlee/ros2_ws/src/sar_experiment/install/crazyflie/share/crazyflie/hook/cmake_prefix_path.ps1'
[49.134s] INFO:colcon.colcon_core.shell:Creating environment descriptor '/home/dlee/ros2_ws/src/sar_experiment/install/crazyflie/share/crazyflie/hook/cmake_prefix_path.dsv'
[49.135s] INFO:colcon.colcon_core.shell:Creating environment hook '/home/dlee/ros2_ws/src/sar_experiment/install/crazyflie/share/crazyflie/hook/cmake_prefix_path.sh'
[49.135s] Level 1:colcon.colcon_core.environment:checking '/home/dlee/ros2_ws/src/sar_experiment/install/crazyflie/lib'
[49.135s] Level 1:colcon.colcon_core.environment:checking '/home/dlee/ros2_ws/src/sar_experiment/install/crazyflie/bin'
[49.135s] Level 1:colcon.colcon_core.environment:checking '/home/dlee/ros2_ws/src/sar_experiment/install/crazyflie/lib/pkgconfig/crazyflie.pc'
[49.136s] Level 1:colcon.colcon_core.environment:checking '/home/dlee/ros2_ws/src/sar_experiment/install/crazyflie/lib/python3.10/site-packages'
[49.136s] Level 1:colcon.colcon_core.environment:checking '/home/dlee/ros2_ws/src/sar_experiment/install/crazyflie/bin'
[49.136s] INFO:colcon.colcon_core.shell:Creating package script '/home/dlee/ros2_ws/src/sar_experiment/install/crazyflie/share/crazyflie/package.ps1'
[49.137s] INFO:colcon.colcon_core.shell:Creating package descriptor '/home/dlee/ros2_ws/src/sar_experiment/install/crazyflie/share/crazyflie/package.dsv'
[49.137s] INFO:colcon.colcon_core.shell:Creating package script '/home/dlee/ros2_ws/src/sar_experiment/install/crazyflie/share/crazyflie/package.sh'
[49.138s] INFO:colcon.colcon_core.shell:Creating package script '/home/dlee/ros2_ws/src/sar_experiment/install/crazyflie/share/crazyflie/package.bash'
[49.138s] INFO:colcon.colcon_core.shell:Creating package script '/home/dlee/ros2_ws/src/sar_experiment/install/crazyflie/share/crazyflie/package.zsh'
[49.139s] Level 1:colcon.colcon_core.environment:create_file_with_runtime_dependencies(/home/dlee/ros2_ws/src/sar_experiment/install/crazyflie/share/colcon-core/packages/crazyflie)
[49.139s] DEBUG:colcon.colcon_parallel_executor.executor.parallel:closing loop
[49.139s] DEBUG:colcon.colcon_parallel_executor.executor.parallel:loop closed
[49.140s] DEBUG:colcon.colcon_parallel_executor.executor.parallel:run_until_complete finished with '0'
[49.140s] DEBUG:colcon.colcon_core.event_reactor:joining thread
[49.148s] INFO:colcon.colcon_core.plugin_system:Skipping extension 'colcon_notification.desktop_notification.terminal_notifier': Not used on non-Darwin systems
[49.148s] INFO:colcon.colcon_core.plugin_system:Skipping extension 'colcon_notification.desktop_notification.win32': Not used on non-Windows systems
[49.148s] INFO:colcon.colcon_notification.desktop_notification:Sending desktop notification using 'notify2'
[49.164s] DEBUG:colcon.colcon_core.event_reactor:joined thread
[49.164s] INFO:colcon.colcon_core.shell:Creating prefix script '/home/dlee/ros2_ws/src/sar_experiment/install/local_setup.ps1'
[49.165s] INFO:colcon.colcon_core.shell:Creating prefix util module '/home/dlee/ros2_ws/src/sar_experiment/install/_local_setup_util_ps1.py'
[49.168s] INFO:colcon.colcon_core.shell:Creating prefix chain script '/home/dlee/ros2_ws/src/sar_experiment/install/setup.ps1'
[49.171s] INFO:colcon.colcon_core.shell:Creating prefix script '/home/dlee/ros2_ws/src/sar_experiment/install/local_setup.sh'
[49.172s] INFO:colcon.colcon_core.shell:Creating prefix util module '/home/dlee/ros2_ws/src/sar_experiment/install/_local_setup_util_sh.py'
[49.172s] INFO:colcon.colcon_core.shell:Creating prefix chain script '/home/dlee/ros2_ws/src/sar_experiment/install/setup.sh'
[49.175s] INFO:colcon.colcon_core.shell:Creating prefix script '/home/dlee/ros2_ws/src/sar_experiment/install/local_setup.bash'
[49.176s] INFO:colcon.colcon_core.shell:Creating prefix chain script '/home/dlee/ros2_ws/src/sar_experiment/install/setup.bash'
[49.179s] INFO:colcon.colcon_core.shell:Creating prefix script '/home/dlee/ros2_ws/src/sar_experiment/install/local_setup.zsh'
[49.179s] INFO:colcon.colcon_core.shell:Creating prefix chain script '/home/dlee/ros2_ws/src/sar_experiment/install/setup.zsh'
