[0.090s] DEBUG:colcon:Command line arguments: ['/usr/bin/colcon', 'build']
[0.090s] DEBUG:colcon:Parsed command line arguments: Namespace(log_base=None, log_level=None, verb_name='build', build_base='build', install_base='install', merge_install=False, symlink_install=False, test_result_base=None, continue_on_error=False, executor='parallel', parallel_workers=24, event_handlers=None, ignore_user_meta=False, metas=['./colcon.meta'], base_paths=['.'], packages_ignore=None, packages_ignore_regex=None, paths=None, packages_up_to=None, packages_up_to_regex=None, packages_above=None, packages_above_and_dependencies=None, packages_above_depth=None, packages_select_by_dep=None, packages_skip_by_dep=None, packages_skip_up_to=None, packages_select_build_failed=False, packages_skip_build_finished=False, packages_select_test_failures=False, packages_skip_test_passed=False, packages_select=None, packages_skip=None, packages_select_regex=None, packages_skip_regex=None, packages_start=None, packages_end=None, allow_overriding=[], cmake_args=None, cmake_target=None, cmake_target_skip_unavailable=False, cmake_clean_cache=False, cmake_clean_first=False, cmake_force_configure=False, ament_cmake_args=None, catkin_cmake_args=None, catkin_skip_building_tests=False, verb_parser=<colcon_defaults.argument_parser.defaults.DefaultArgumentsDecorator object at 0x74bad346d9f0>, verb_extension=<colcon_core.verb.build.BuildVerb object at 0x74bad346d3f0>, main=<bound method BuildVerb.main of <colcon_core.verb.build.BuildVerb object at 0x74bad346d3f0>>)
[0.261s] Level 1:colcon.colcon_core.package_discovery:discover_packages(colcon_meta) check parameters
[0.261s] Level 1:colcon.colcon_core.package_discovery:discover_packages(recursive) check parameters
[0.261s] Level 1:colcon.colcon_core.package_discovery:discover_packages(ignore) check parameters
[0.261s] Level 1:colcon.colcon_core.package_discovery:discover_packages(path) check parameters
[0.261s] Level 1:colcon.colcon_core.package_discovery:discover_packages(colcon_meta) discover
[0.261s] Level 1:colcon.colcon_core.package_discovery:discover_packages(recursive) discover
[0.261s] INFO:colcon.colcon_core.package_discovery:Crawling recursively for packages in '/home/dlee/ros2_ws/src/sar_experiment'
[0.261s] Level 1:colcon.colcon_core.package_identification:_identify(.) by extensions ['ignore', 'ignore_ament_install']
[0.261s] Level 1:colcon.colcon_core.package_identification:_identify(.) by extension 'ignore'
[0.261s] Level 1:colcon.colcon_core.package_identification:_identify(.) by extension 'ignore_ament_install'
[0.261s] Level 1:colcon.colcon_core.package_identification:_identify(.) by extensions ['colcon_pkg']
[0.261s] Level 1:colcon.colcon_core.package_identification:_identify(.) by extension 'colcon_pkg'
[0.261s] Level 1:colcon.colcon_core.package_identification:_identify(.) by extensions ['colcon_meta']
[0.261s] Level 1:colcon.colcon_core.package_identification:_identify(.) by extension 'colcon_meta'
[0.261s] Level 1:colcon.colcon_core.package_identification:_identify(.) by extensions ['ros']
[0.261s] Level 1:colcon.colcon_core.package_identification:_identify(.) by extension 'ros'
[0.275s] Level 1:colcon.colcon_core.package_identification:_identify(.) by extensions ['cmake', 'python']
[0.275s] Level 1:colcon.colcon_core.package_identification:_identify(.) by extension 'cmake'
[0.275s] Level 1:colcon.colcon_core.package_identification:_identify(.) by extension 'python'
[0.275s] Level 1:colcon.colcon_core.package_identification:_identify(.) by extensions ['python_setup_py']
[0.275s] Level 1:colcon.colcon_core.package_identification:_identify(.) by extension 'python_setup_py'
[0.276s] Level 1:colcon.colcon_core.package_identification:_identify(CF_Apps) by extensions ['ignore', 'ignore_ament_install']
[0.276s] Level 1:colcon.colcon_core.package_identification:_identify(CF_Apps) by extension 'ignore'
[0.276s] Level 1:colcon.colcon_core.package_identification:_identify(CF_Apps) by extension 'ignore_ament_install'
[0.276s] Level 1:colcon.colcon_core.package_identification:_identify(CF_Apps) by extensions ['colcon_pkg']
[0.276s] Level 1:colcon.colcon_core.package_identification:_identify(CF_Apps) by extension 'colcon_pkg'
[0.276s] Level 1:colcon.colcon_core.package_identification:_identify(CF_Apps) by extensions ['colcon_meta']
[0.276s] Level 1:colcon.colcon_core.package_identification:_identify(CF_Apps) by extension 'colcon_meta'
[0.276s] Level 1:colcon.colcon_core.package_identification:_identify(CF_Apps) by extensions ['ros']
[0.276s] Level 1:colcon.colcon_core.package_identification:_identify(CF_Apps) by extension 'ros'
[0.276s] Level 1:colcon.colcon_core.package_identification:_identify(CF_Apps) ignored
[0.276s] Level 1:colcon.colcon_core.package_identification:_identify(build) by extensions ['ignore', 'ignore_ament_install']
[0.276s] Level 1:colcon.colcon_core.package_identification:_identify(build) by extension 'ignore'
[0.276s] Level 1:colcon.colcon_core.package_identification:_identify(build) ignored
[0.276s] Level 1:colcon.colcon_core.package_identification:_identify(crazyflie-firmware) by extensions ['ignore', 'ignore_ament_install']
[0.276s] Level 1:colcon.colcon_core.package_identification:_identify(crazyflie-firmware) by extension 'ignore'
[0.276s] Level 1:colcon.colcon_core.package_identification:_identify(crazyflie-firmware) by extension 'ignore_ament_install'
[0.276s] Level 1:colcon.colcon_core.package_identification:_identify(crazyflie-firmware) by extensions ['colcon_pkg']
[0.276s] Level 1:colcon.colcon_core.package_identification:_identify(crazyflie-firmware) by extension 'colcon_pkg'
[0.276s] Level 1:colcon.colcon_core.package_identification:_identify(crazyflie-firmware) by extensions ['colcon_meta']
[0.276s] Level 1:colcon.colcon_core.package_identification:_identify(crazyflie-firmware) by extension 'colcon_meta'
[0.276s] Level 1:colcon.colcon_core.package_identification:_identify(crazyflie-firmware) by extensions ['ros']
[0.276s] Level 1:colcon.colcon_core.package_identification:_identify(crazyflie-firmware) by extension 'ros'
[0.277s] Level 1:colcon.colcon_core.package_identification:_identify(crazyflie-firmware) ignored
[0.277s] Level 1:colcon.colcon_core.package_identification:_identify(crazyswarm2) by extensions ['ignore', 'ignore_ament_install']
[0.277s] Level 1:colcon.colcon_core.package_identification:_identify(crazyswarm2) by extension 'ignore'
[0.277s] Level 1:colcon.colcon_core.package_identification:_identify(crazyswarm2) by extension 'ignore_ament_install'
[0.277s] Level 1:colcon.colcon_core.package_identification:_identify(crazyswarm2) by extensions ['colcon_pkg']
[0.277s] Level 1:colcon.colcon_core.package_identification:_identify(crazyswarm2) by extension 'colcon_pkg'
[0.277s] Level 1:colcon.colcon_core.package_identification:_identify(crazyswarm2) by extensions ['colcon_meta']
[0.277s] Level 1:colcon.colcon_core.package_identification:_identify(crazyswarm2) by extension 'colcon_meta'
[0.277s] Level 1:colcon.colcon_core.package_identification:_identify(crazyswarm2) by extensions ['ros']
[0.277s] Level 1:colcon.colcon_core.package_identification:_identify(crazyswarm2) by extension 'ros'
[0.277s] Level 1:colcon.colcon_core.package_identification:_identify(crazyswarm2) by extensions ['cmake', 'python']
[0.277s] Level 1:colcon.colcon_core.package_identification:_identify(crazyswarm2) by extension 'cmake'
[0.277s] Level 1:colcon.colcon_core.package_identification:_identify(crazyswarm2) by extension 'python'
[0.277s] Level 1:colcon.colcon_core.package_identification:_identify(crazyswarm2) by extensions ['python_setup_py']
[0.277s] Level 1:colcon.colcon_core.package_identification:_identify(crazyswarm2) by extension 'python_setup_py'
[0.277s] Level 1:colcon.colcon_core.package_identification:_identify(crazyswarm2/crazyflie) by extensions ['ignore', 'ignore_ament_install']
[0.277s] Level 1:colcon.colcon_core.package_identification:_identify(crazyswarm2/crazyflie) by extension 'ignore'
[0.277s] Level 1:colcon.colcon_core.package_identification:_identify(crazyswarm2/crazyflie) by extension 'ignore_ament_install'
[0.277s] Level 1:colcon.colcon_core.package_identification:_identify(crazyswarm2/crazyflie) by extensions ['colcon_pkg']
[0.277s] Level 1:colcon.colcon_core.package_identification:_identify(crazyswarm2/crazyflie) by extension 'colcon_pkg'
[0.277s] Level 1:colcon.colcon_core.package_identification:_identify(crazyswarm2/crazyflie) by extensions ['colcon_meta']
[0.277s] Level 1:colcon.colcon_core.package_identification:_identify(crazyswarm2/crazyflie) by extension 'colcon_meta'
[0.277s] Level 1:colcon.colcon_core.package_identification:_identify(crazyswarm2/crazyflie) by extensions ['ros']
[0.277s] Level 1:colcon.colcon_core.package_identification:_identify(crazyswarm2/crazyflie) by extension 'ros'
[0.280s] DEBUG:colcon.colcon_core.package_identification:Package 'crazyswarm2/crazyflie' with type 'ros.ament_cmake' and name 'crazyflie'
[0.280s] Level 1:colcon.colcon_core.package_identification:_identify(crazyswarm2/crazyflie_examples) by extensions ['ignore', 'ignore_ament_install']
[0.280s] Level 1:colcon.colcon_core.package_identification:_identify(crazyswarm2/crazyflie_examples) by extension 'ignore'
[0.280s] Level 1:colcon.colcon_core.package_identification:_identify(crazyswarm2/crazyflie_examples) by extension 'ignore_ament_install'
[0.280s] Level 1:colcon.colcon_core.package_identification:_identify(crazyswarm2/crazyflie_examples) by extensions ['colcon_pkg']
[0.280s] Level 1:colcon.colcon_core.package_identification:_identify(crazyswarm2/crazyflie_examples) by extension 'colcon_pkg'
[0.280s] Level 1:colcon.colcon_core.package_identification:_identify(crazyswarm2/crazyflie_examples) by extensions ['colcon_meta']
[0.280s] Level 1:colcon.colcon_core.package_identification:_identify(crazyswarm2/crazyflie_examples) by extension 'colcon_meta'
[0.280s] Level 1:colcon.colcon_core.package_identification:_identify(crazyswarm2/crazyflie_examples) by extensions ['ros']
[0.280s] Level 1:colcon.colcon_core.package_identification:_identify(crazyswarm2/crazyflie_examples) by extension 'ros'
[0.280s] DEBUG:colcon.colcon_core.package_identification:Package 'crazyswarm2/crazyflie_examples' with type 'ros.ament_cmake' and name 'crazyflie_examples'
[0.281s] Level 1:colcon.colcon_core.package_identification:_identify(crazyswarm2/crazyflie_interfaces) by extensions ['ignore', 'ignore_ament_install']
[0.281s] Level 1:colcon.colcon_core.package_identification:_identify(crazyswarm2/crazyflie_interfaces) by extension 'ignore'
[0.281s] Level 1:colcon.colcon_core.package_identification:_identify(crazyswarm2/crazyflie_interfaces) by extension 'ignore_ament_install'
[0.281s] Level 1:colcon.colcon_core.package_identification:_identify(crazyswarm2/crazyflie_interfaces) by extensions ['colcon_pkg']
[0.281s] Level 1:colcon.colcon_core.package_identification:_identify(crazyswarm2/crazyflie_interfaces) by extension 'colcon_pkg'
[0.281s] Level 1:colcon.colcon_core.package_identification:_identify(crazyswarm2/crazyflie_interfaces) by extensions ['colcon_meta']
[0.281s] Level 1:colcon.colcon_core.package_identification:_identify(crazyswarm2/crazyflie_interfaces) by extension 'colcon_meta'
[0.281s] Level 1:colcon.colcon_core.package_identification:_identify(crazyswarm2/crazyflie_interfaces) by extensions ['ros']
[0.281s] Level 1:colcon.colcon_core.package_identification:_identify(crazyswarm2/crazyflie_interfaces) by extension 'ros'
[0.281s] DEBUG:colcon.colcon_core.package_identification:Package 'crazyswarm2/crazyflie_interfaces' with type 'ros.ament_cmake' and name 'crazyflie_interfaces'
[0.281s] Level 1:colcon.colcon_core.package_identification:_identify(crazyswarm2/crazyflie_py) by extensions ['ignore', 'ignore_ament_install']
[0.281s] Level 1:colcon.colcon_core.package_identification:_identify(crazyswarm2/crazyflie_py) by extension 'ignore'
[0.281s] Level 1:colcon.colcon_core.package_identification:_identify(crazyswarm2/crazyflie_py) by extension 'ignore_ament_install'
[0.281s] Level 1:colcon.colcon_core.package_identification:_identify(crazyswarm2/crazyflie_py) by extensions ['colcon_pkg']
[0.282s] Level 1:colcon.colcon_core.package_identification:_identify(crazyswarm2/crazyflie_py) by extension 'colcon_pkg'
[0.282s] Level 1:colcon.colcon_core.package_identification:_identify(crazyswarm2/crazyflie_py) by extensions ['colcon_meta']
[0.282s] Level 1:colcon.colcon_core.package_identification:_identify(crazyswarm2/crazyflie_py) by extension 'colcon_meta'
[0.282s] Level 1:colcon.colcon_core.package_identification:_identify(crazyswarm2/crazyflie_py) by extensions ['ros']
[0.282s] Level 1:colcon.colcon_core.package_identification:_identify(crazyswarm2/crazyflie_py) by extension 'ros'
[0.282s] DEBUG:colcon.colcon_core.package_identification:Package 'crazyswarm2/crazyflie_py' with type 'ros.ament_python' and name 'crazyflie_py'
[0.282s] Level 1:colcon.colcon_core.package_identification:_identify(crazyswarm2/crazyflie_sim) by extensions ['ignore', 'ignore_ament_install']
[0.282s] Level 1:colcon.colcon_core.package_identification:_identify(crazyswarm2/crazyflie_sim) by extension 'ignore'
[0.282s] Level 1:colcon.colcon_core.package_identification:_identify(crazyswarm2/crazyflie_sim) by extension 'ignore_ament_install'
[0.282s] Level 1:colcon.colcon_core.package_identification:_identify(crazyswarm2/crazyflie_sim) by extensions ['colcon_pkg']
[0.282s] Level 1:colcon.colcon_core.package_identification:_identify(crazyswarm2/crazyflie_sim) by extension 'colcon_pkg'
[0.282s] Level 1:colcon.colcon_core.package_identification:_identify(crazyswarm2/crazyflie_sim) by extensions ['colcon_meta']
[0.282s] Level 1:colcon.colcon_core.package_identification:_identify(crazyswarm2/crazyflie_sim) by extension 'colcon_meta'
[0.282s] Level 1:colcon.colcon_core.package_identification:_identify(crazyswarm2/crazyflie_sim) by extensions ['ros']
[0.282s] Level 1:colcon.colcon_core.package_identification:_identify(crazyswarm2/crazyflie_sim) by extension 'ros'
[0.283s] DEBUG:colcon.colcon_core.package_identification:Package 'crazyswarm2/crazyflie_sim' with type 'ros.ament_cmake' and name 'crazyflie_sim'
[0.283s] Level 1:colcon.colcon_core.package_identification:_identify(crazyswarm2/docs) by extensions ['ignore', 'ignore_ament_install']
[0.283s] Level 1:colcon.colcon_core.package_identification:_identify(crazyswarm2/docs) by extension 'ignore'
[0.283s] Level 1:colcon.colcon_core.package_identification:_identify(crazyswarm2/docs) by extension 'ignore_ament_install'
[0.283s] Level 1:colcon.colcon_core.package_identification:_identify(crazyswarm2/docs) by extensions ['colcon_pkg']
[0.283s] Level 1:colcon.colcon_core.package_identification:_identify(crazyswarm2/docs) by extension 'colcon_pkg'
[0.283s] Level 1:colcon.colcon_core.package_identification:_identify(crazyswarm2/docs) by extensions ['colcon_meta']
[0.283s] Level 1:colcon.colcon_core.package_identification:_identify(crazyswarm2/docs) by extension 'colcon_meta'
[0.283s] Level 1:colcon.colcon_core.package_identification:_identify(crazyswarm2/docs) by extensions ['ros']
[0.283s] Level 1:colcon.colcon_core.package_identification:_identify(crazyswarm2/docs) by extension 'ros'
[0.283s] Level 1:colcon.colcon_core.package_identification:_identify(crazyswarm2/docs) by extensions ['cmake', 'python']
[0.284s] Level 1:colcon.colcon_core.package_identification:_identify(crazyswarm2/docs) by extension 'cmake'
[0.284s] Level 1:colcon.colcon_core.package_identification:_identify(crazyswarm2/docs) by extension 'python'
[0.284s] Level 1:colcon.colcon_core.package_identification:_identify(crazyswarm2/docs) by extensions ['python_setup_py']
[0.284s] Level 1:colcon.colcon_core.package_identification:_identify(crazyswarm2/docs) by extension 'python_setup_py'
[0.284s] Level 1:colcon.colcon_core.package_identification:_identify(crazyswarm2/docs/generated) by extensions ['ignore', 'ignore_ament_install']
[0.284s] Level 1:colcon.colcon_core.package_identification:_identify(crazyswarm2/docs/generated) by extension 'ignore'
[0.284s] Level 1:colcon.colcon_core.package_identification:_identify(crazyswarm2/docs/generated) by extension 'ignore_ament_install'
[0.284s] Level 1:colcon.colcon_core.package_identification:_identify(crazyswarm2/docs/generated) by extensions ['colcon_pkg']
[0.284s] Level 1:colcon.colcon_core.package_identification:_identify(crazyswarm2/docs/generated) by extension 'colcon_pkg'
[0.284s] Level 1:colcon.colcon_core.package_identification:_identify(crazyswarm2/docs/generated) by extensions ['colcon_meta']
[0.284s] Level 1:colcon.colcon_core.package_identification:_identify(crazyswarm2/docs/generated) by extension 'colcon_meta'
[0.284s] Level 1:colcon.colcon_core.package_identification:_identify(crazyswarm2/docs/generated) by extensions ['ros']
[0.284s] Level 1:colcon.colcon_core.package_identification:_identify(crazyswarm2/docs/generated) by extension 'ros'
[0.284s] Level 1:colcon.colcon_core.package_identification:_identify(crazyswarm2/docs/generated) by extensions ['cmake', 'python']
[0.284s] Level 1:colcon.colcon_core.package_identification:_identify(crazyswarm2/docs/generated) by extension 'cmake'
[0.284s] Level 1:colcon.colcon_core.package_identification:_identify(crazyswarm2/docs/generated) by extension 'python'
[0.284s] Level 1:colcon.colcon_core.package_identification:_identify(crazyswarm2/docs/generated) by extensions ['python_setup_py']
[0.284s] Level 1:colcon.colcon_core.package_identification:_identify(crazyswarm2/docs/generated) by extension 'python_setup_py'
[0.284s] Level 1:colcon.colcon_core.package_identification:_identify(crazyswarm2/docs/howto) by extensions ['ignore', 'ignore_ament_install']
[0.284s] Level 1:colcon.colcon_core.package_identification:_identify(crazyswarm2/docs/howto) by extension 'ignore'
[0.284s] Level 1:colcon.colcon_core.package_identification:_identify(crazyswarm2/docs/howto) by extension 'ignore_ament_install'
[0.284s] Level 1:colcon.colcon_core.package_identification:_identify(crazyswarm2/docs/howto) by extensions ['colcon_pkg']
[0.284s] Level 1:colcon.colcon_core.package_identification:_identify(crazyswarm2/docs/howto) by extension 'colcon_pkg'
[0.284s] Level 1:colcon.colcon_core.package_identification:_identify(crazyswarm2/docs/howto) by extensions ['colcon_meta']
[0.284s] Level 1:colcon.colcon_core.package_identification:_identify(crazyswarm2/docs/howto) by extension 'colcon_meta'
[0.285s] Level 1:colcon.colcon_core.package_identification:_identify(crazyswarm2/docs/howto) by extensions ['ros']
[0.285s] Level 1:colcon.colcon_core.package_identification:_identify(crazyswarm2/docs/howto) by extension 'ros'
[0.285s] Level 1:colcon.colcon_core.package_identification:_identify(crazyswarm2/docs/howto) by extensions ['cmake', 'python']
[0.285s] Level 1:colcon.colcon_core.package_identification:_identify(crazyswarm2/docs/howto) by extension 'cmake'
[0.285s] Level 1:colcon.colcon_core.package_identification:_identify(crazyswarm2/docs/howto) by extension 'python'
[0.285s] Level 1:colcon.colcon_core.package_identification:_identify(crazyswarm2/docs/howto) by extensions ['python_setup_py']
[0.285s] Level 1:colcon.colcon_core.package_identification:_identify(crazyswarm2/docs/howto) by extension 'python_setup_py'
[0.285s] Level 1:colcon.colcon_core.package_identification:_identify(crazyswarm2/docs/images) by extensions ['ignore', 'ignore_ament_install']
[0.285s] Level 1:colcon.colcon_core.package_identification:_identify(crazyswarm2/docs/images) by extension 'ignore'
[0.285s] Level 1:colcon.colcon_core.package_identification:_identify(crazyswarm2/docs/images) by extension 'ignore_ament_install'
[0.285s] Level 1:colcon.colcon_core.package_identification:_identify(crazyswarm2/docs/images) by extensions ['colcon_pkg']
[0.285s] Level 1:colcon.colcon_core.package_identification:_identify(crazyswarm2/docs/images) by extension 'colcon_pkg'
[0.285s] Level 1:colcon.colcon_core.package_identification:_identify(crazyswarm2/docs/images) by extensions ['colcon_meta']
[0.285s] Level 1:colcon.colcon_core.package_identification:_identify(crazyswarm2/docs/images) by extension 'colcon_meta'
[0.285s] Level 1:colcon.colcon_core.package_identification:_identify(crazyswarm2/docs/images) by extensions ['ros']
[0.285s] Level 1:colcon.colcon_core.package_identification:_identify(crazyswarm2/docs/images) by extension 'ros'
[0.285s] Level 1:colcon.colcon_core.package_identification:_identify(crazyswarm2/docs/images) by extensions ['cmake', 'python']
[0.285s] Level 1:colcon.colcon_core.package_identification:_identify(crazyswarm2/docs/images) by extension 'cmake'
[0.285s] Level 1:colcon.colcon_core.package_identification:_identify(crazyswarm2/docs/images) by extension 'python'
[0.285s] Level 1:colcon.colcon_core.package_identification:_identify(crazyswarm2/docs/images) by extensions ['python_setup_py']
[0.285s] Level 1:colcon.colcon_core.package_identification:_identify(crazyswarm2/docs/images) by extension 'python_setup_py'
[0.285s] Level 1:colcon.colcon_core.package_identification:_identify(crazyswarm2/docs/tutorials) by extensions ['ignore', 'ignore_ament_install']
[0.285s] Level 1:colcon.colcon_core.package_identification:_identify(crazyswarm2/docs/tutorials) by extension 'ignore'
[0.285s] Level 1:colcon.colcon_core.package_identification:_identify(crazyswarm2/docs/tutorials) by extension 'ignore_ament_install'
[0.285s] Level 1:colcon.colcon_core.package_identification:_identify(crazyswarm2/docs/tutorials) by extensions ['colcon_pkg']
[0.286s] Level 1:colcon.colcon_core.package_identification:_identify(crazyswarm2/docs/tutorials) by extension 'colcon_pkg'
[0.286s] Level 1:colcon.colcon_core.package_identification:_identify(crazyswarm2/docs/tutorials) by extensions ['colcon_meta']
[0.286s] Level 1:colcon.colcon_core.package_identification:_identify(crazyswarm2/docs/tutorials) by extension 'colcon_meta'
[0.286s] Level 1:colcon.colcon_core.package_identification:_identify(crazyswarm2/docs/tutorials) by extensions ['ros']
[0.286s] Level 1:colcon.colcon_core.package_identification:_identify(crazyswarm2/docs/tutorials) by extension 'ros'
[0.286s] Level 1:colcon.colcon_core.package_identification:_identify(crazyswarm2/docs/tutorials) by extensions ['cmake', 'python']
[0.286s] Level 1:colcon.colcon_core.package_identification:_identify(crazyswarm2/docs/tutorials) by extension 'cmake'
[0.286s] Level 1:colcon.colcon_core.package_identification:_identify(crazyswarm2/docs/tutorials) by extension 'python'
[0.286s] Level 1:colcon.colcon_core.package_identification:_identify(crazyswarm2/docs/tutorials) by extensions ['python_setup_py']
[0.286s] Level 1:colcon.colcon_core.package_identification:_identify(crazyswarm2/docs/tutorials) by extension 'python_setup_py'
[0.286s] Level 1:colcon.colcon_core.package_identification:_identify(crazyswarm2/docs2) by extensions ['ignore', 'ignore_ament_install']
[0.286s] Level 1:colcon.colcon_core.package_identification:_identify(crazyswarm2/docs2) by extension 'ignore'
[0.286s] Level 1:colcon.colcon_core.package_identification:_identify(crazyswarm2/docs2) by extension 'ignore_ament_install'
[0.286s] Level 1:colcon.colcon_core.package_identification:_identify(crazyswarm2/docs2) by extensions ['colcon_pkg']
[0.286s] Level 1:colcon.colcon_core.package_identification:_identify(crazyswarm2/docs2) by extension 'colcon_pkg'
[0.286s] Level 1:colcon.colcon_core.package_identification:_identify(crazyswarm2/docs2) by extensions ['colcon_meta']
[0.286s] Level 1:colcon.colcon_core.package_identification:_identify(crazyswarm2/docs2) by extension 'colcon_meta'
[0.286s] Level 1:colcon.colcon_core.package_identification:_identify(crazyswarm2/docs2) by extensions ['ros']
[0.286s] Level 1:colcon.colcon_core.package_identification:_identify(crazyswarm2/docs2) by extension 'ros'
[0.286s] Level 1:colcon.colcon_core.package_identification:_identify(crazyswarm2/docs2) by extensions ['cmake', 'python']
[0.286s] Level 1:colcon.colcon_core.package_identification:_identify(crazyswarm2/docs2) by extension 'cmake'
[0.286s] Level 1:colcon.colcon_core.package_identification:_identify(crazyswarm2/docs2) by extension 'python'
[0.286s] Level 1:colcon.colcon_core.package_identification:_identify(crazyswarm2/docs2) by extensions ['python_setup_py']
[0.286s] Level 1:colcon.colcon_core.package_identification:_identify(crazyswarm2/docs2) by extension 'python_setup_py'
[0.286s] Level 1:colcon.colcon_core.package_identification:_identify(crazyswarm2/docs2/images) by extensions ['ignore', 'ignore_ament_install']
[0.287s] Level 1:colcon.colcon_core.package_identification:_identify(crazyswarm2/docs2/images) by extension 'ignore'
[0.287s] Level 1:colcon.colcon_core.package_identification:_identify(crazyswarm2/docs2/images) by extension 'ignore_ament_install'
[0.287s] Level 1:colcon.colcon_core.package_identification:_identify(crazyswarm2/docs2/images) by extensions ['colcon_pkg']
[0.287s] Level 1:colcon.colcon_core.package_identification:_identify(crazyswarm2/docs2/images) by extension 'colcon_pkg'
[0.287s] Level 1:colcon.colcon_core.package_identification:_identify(crazyswarm2/docs2/images) by extensions ['colcon_meta']
[0.287s] Level 1:colcon.colcon_core.package_identification:_identify(crazyswarm2/docs2/images) by extension 'colcon_meta'
[0.287s] Level 1:colcon.colcon_core.package_identification:_identify(crazyswarm2/docs2/images) by extensions ['ros']
[0.287s] Level 1:colcon.colcon_core.package_identification:_identify(crazyswarm2/docs2/images) by extension 'ros'
[0.287s] Level 1:colcon.colcon_core.package_identification:_identify(crazyswarm2/docs2/images) by extensions ['cmake', 'python']
[0.287s] Level 1:colcon.colcon_core.package_identification:_identify(crazyswarm2/docs2/images) by extension 'cmake'
[0.287s] Level 1:colcon.colcon_core.package_identification:_identify(crazyswarm2/docs2/images) by extension 'python'
[0.287s] Level 1:colcon.colcon_core.package_identification:_identify(crazyswarm2/docs2/images) by extensions ['python_setup_py']
[0.287s] Level 1:colcon.colcon_core.package_identification:_identify(crazyswarm2/docs2/images) by extension 'python_setup_py'
[0.287s] Level 1:colcon.colcon_core.package_identification:_identify(crazyswarm2/motion_capture_tracking) by extensions ['ignore', 'ignore_ament_install']
[0.287s] Level 1:colcon.colcon_core.package_identification:_identify(crazyswarm2/motion_capture_tracking) by extension 'ignore'
[0.287s] Level 1:colcon.colcon_core.package_identification:_identify(crazyswarm2/motion_capture_tracking) by extension 'ignore_ament_install'
[0.287s] Level 1:colcon.colcon_core.package_identification:_identify(crazyswarm2/motion_capture_tracking) by extensions ['colcon_pkg']
[0.287s] Level 1:colcon.colcon_core.package_identification:_identify(crazyswarm2/motion_capture_tracking) by extension 'colcon_pkg'
[0.287s] Level 1:colcon.colcon_core.package_identification:_identify(crazyswarm2/motion_capture_tracking) by extensions ['colcon_meta']
[0.287s] Level 1:colcon.colcon_core.package_identification:_identify(crazyswarm2/motion_capture_tracking) by extension 'colcon_meta'
[0.287s] Level 1:colcon.colcon_core.package_identification:_identify(crazyswarm2/motion_capture_tracking) by extensions ['ros']
[0.287s] Level 1:colcon.colcon_core.package_identification:_identify(crazyswarm2/motion_capture_tracking) by extension 'ros'
[0.288s] DEBUG:colcon.colcon_core.package_identification:Package 'crazyswarm2/motion_capture_tracking' with type 'ros.ament_cmake' and name 'motion_capture_tracking'
[0.288s] Level 1:colcon.colcon_core.package_identification:_identify(crazyswarm2/motion_capture_tracking_interfaces) by extensions ['ignore', 'ignore_ament_install']
[0.288s] Level 1:colcon.colcon_core.package_identification:_identify(crazyswarm2/motion_capture_tracking_interfaces) by extension 'ignore'
[0.288s] Level 1:colcon.colcon_core.package_identification:_identify(crazyswarm2/motion_capture_tracking_interfaces) by extension 'ignore_ament_install'
[0.288s] Level 1:colcon.colcon_core.package_identification:_identify(crazyswarm2/motion_capture_tracking_interfaces) by extensions ['colcon_pkg']
[0.288s] Level 1:colcon.colcon_core.package_identification:_identify(crazyswarm2/motion_capture_tracking_interfaces) by extension 'colcon_pkg'
[0.288s] Level 1:colcon.colcon_core.package_identification:_identify(crazyswarm2/motion_capture_tracking_interfaces) by extensions ['colcon_meta']
[0.288s] Level 1:colcon.colcon_core.package_identification:_identify(crazyswarm2/motion_capture_tracking_interfaces) by extension 'colcon_meta'
[0.288s] Level 1:colcon.colcon_core.package_identification:_identify(crazyswarm2/motion_capture_tracking_interfaces) by extensions ['ros']
[0.288s] Level 1:colcon.colcon_core.package_identification:_identify(crazyswarm2/motion_capture_tracking_interfaces) by extension 'ros'
[0.289s] DEBUG:colcon.colcon_core.package_identification:Package 'crazyswarm2/motion_capture_tracking_interfaces' with type 'ros.ament_cmake' and name 'motion_capture_tracking_interfaces'
[0.289s] Level 1:colcon.colcon_core.package_identification:_identify(crazyswarm2/prebuilt) by extensions ['ignore', 'ignore_ament_install']
[0.289s] Level 1:colcon.colcon_core.package_identification:_identify(crazyswarm2/prebuilt) by extension 'ignore'
[0.289s] Level 1:colcon.colcon_core.package_identification:_identify(crazyswarm2/prebuilt) by extension 'ignore_ament_install'
[0.289s] Level 1:colcon.colcon_core.package_identification:_identify(crazyswarm2/prebuilt) by extensions ['colcon_pkg']
[0.289s] Level 1:colcon.colcon_core.package_identification:_identify(crazyswarm2/prebuilt) by extension 'colcon_pkg'
[0.289s] Level 1:colcon.colcon_core.package_identification:_identify(crazyswarm2/prebuilt) by extensions ['colcon_meta']
[0.289s] Level 1:colcon.colcon_core.package_identification:_identify(crazyswarm2/prebuilt) by extension 'colcon_meta'
[0.289s] Level 1:colcon.colcon_core.package_identification:_identify(crazyswarm2/prebuilt) by extensions ['ros']
[0.289s] Level 1:colcon.colcon_core.package_identification:_identify(crazyswarm2/prebuilt) by extension 'ros'
[0.289s] Level 1:colcon.colcon_core.package_identification:_identify(crazyswarm2/prebuilt) by extensions ['cmake', 'python']
[0.289s] Level 1:colcon.colcon_core.package_identification:_identify(crazyswarm2/prebuilt) by extension 'cmake'
[0.289s] Level 1:colcon.colcon_core.package_identification:_identify(crazyswarm2/prebuilt) by extension 'python'
[0.289s] Level 1:colcon.colcon_core.package_identification:_identify(crazyswarm2/prebuilt) by extensions ['python_setup_py']
[0.289s] Level 1:colcon.colcon_core.package_identification:_identify(crazyswarm2/prebuilt) by extension 'python_setup_py'
[0.290s] Level 1:colcon.colcon_core.package_identification:_identify(crazyswarm2/ros_ws) by extensions ['ignore', 'ignore_ament_install']
[0.290s] Level 1:colcon.colcon_core.package_identification:_identify(crazyswarm2/ros_ws) by extension 'ignore'
[0.290s] Level 1:colcon.colcon_core.package_identification:_identify(crazyswarm2/ros_ws) by extension 'ignore_ament_install'
[0.290s] Level 1:colcon.colcon_core.package_identification:_identify(crazyswarm2/ros_ws) by extensions ['colcon_pkg']
[0.290s] Level 1:colcon.colcon_core.package_identification:_identify(crazyswarm2/ros_ws) by extension 'colcon_pkg'
[0.290s] Level 1:colcon.colcon_core.package_identification:_identify(crazyswarm2/ros_ws) by extensions ['colcon_meta']
[0.290s] Level 1:colcon.colcon_core.package_identification:_identify(crazyswarm2/ros_ws) by extension 'colcon_meta'
[0.290s] Level 1:colcon.colcon_core.package_identification:_identify(crazyswarm2/ros_ws) by extensions ['ros']
[0.290s] Level 1:colcon.colcon_core.package_identification:_identify(crazyswarm2/ros_ws) by extension 'ros'
[0.290s] Level 1:colcon.colcon_core.package_identification:_identify(crazyswarm2/ros_ws) by extensions ['cmake', 'python']
[0.290s] Level 1:colcon.colcon_core.package_identification:_identify(crazyswarm2/ros_ws) by extension 'cmake'
[0.290s] Level 1:colcon.colcon_core.package_identification:_identify(crazyswarm2/ros_ws) by extension 'python'
[0.290s] Level 1:colcon.colcon_core.package_identification:_identify(crazyswarm2/ros_ws) by extensions ['python_setup_py']
[0.290s] Level 1:colcon.colcon_core.package_identification:_identify(crazyswarm2/ros_ws) by extension 'python_setup_py'
[0.290s] Level 1:colcon.colcon_core.package_identification:_identify(crazyswarm2/ros_ws/src) by extensions ['ignore', 'ignore_ament_install']
[0.290s] Level 1:colcon.colcon_core.package_identification:_identify(crazyswarm2/ros_ws/src) by extension 'ignore'
[0.290s] Level 1:colcon.colcon_core.package_identification:_identify(crazyswarm2/ros_ws/src) by extension 'ignore_ament_install'
[0.290s] Level 1:colcon.colcon_core.package_identification:_identify(crazyswarm2/ros_ws/src) by extensions ['colcon_pkg']
[0.290s] Level 1:colcon.colcon_core.package_identification:_identify(crazyswarm2/ros_ws/src) by extension 'colcon_pkg'
[0.290s] Level 1:colcon.colcon_core.package_identification:_identify(crazyswarm2/ros_ws/src) by extensions ['colcon_meta']
[0.290s] Level 1:colcon.colcon_core.package_identification:_identify(crazyswarm2/ros_ws/src) by extension 'colcon_meta'
[0.290s] Level 1:colcon.colcon_core.package_identification:_identify(crazyswarm2/ros_ws/src) by extensions ['ros']
[0.290s] Level 1:colcon.colcon_core.package_identification:_identify(crazyswarm2/ros_ws/src) by extension 'ros'
[0.290s] Level 1:colcon.colcon_core.package_identification:_identify(crazyswarm2/ros_ws/src) by extensions ['cmake', 'python']
[0.290s] Level 1:colcon.colcon_core.package_identification:_identify(crazyswarm2/ros_ws/src) by extension 'cmake'
[0.291s] Level 1:colcon.colcon_core.package_identification:_identify(crazyswarm2/ros_ws/src) by extension 'python'
[0.291s] Level 1:colcon.colcon_core.package_identification:_identify(crazyswarm2/ros_ws/src) by extensions ['python_setup_py']
[0.291s] Level 1:colcon.colcon_core.package_identification:_identify(crazyswarm2/ros_ws/src) by extension 'python_setup_py'
[0.291s] Level 1:colcon.colcon_core.package_identification:_identify(crazyswarm2/ros_ws/src/crazyswarm) by extensions ['ignore', 'ignore_ament_install']
[0.291s] Level 1:colcon.colcon_core.package_identification:_identify(crazyswarm2/ros_ws/src/crazyswarm) by extension 'ignore'
[0.291s] Level 1:colcon.colcon_core.package_identification:_identify(crazyswarm2/ros_ws/src/crazyswarm) by extension 'ignore_ament_install'
[0.291s] Level 1:colcon.colcon_core.package_identification:_identify(crazyswarm2/ros_ws/src/crazyswarm) by extensions ['colcon_pkg']
[0.291s] Level 1:colcon.colcon_core.package_identification:_identify(crazyswarm2/ros_ws/src/crazyswarm) by extension 'colcon_pkg'
[0.291s] Level 1:colcon.colcon_core.package_identification:_identify(crazyswarm2/ros_ws/src/crazyswarm) by extensions ['colcon_meta']
[0.291s] Level 1:colcon.colcon_core.package_identification:_identify(crazyswarm2/ros_ws/src/crazyswarm) by extension 'colcon_meta'
[0.291s] Level 1:colcon.colcon_core.package_identification:_identify(crazyswarm2/ros_ws/src/crazyswarm) by extensions ['ros']
[0.291s] Level 1:colcon.colcon_core.package_identification:_identify(crazyswarm2/ros_ws/src/crazyswarm) by extension 'ros'
[0.291s] Level 1:colcon.colcon_core.package_identification:_identify(crazyswarm2/ros_ws/src/crazyswarm) by extensions ['cmake', 'python']
[0.291s] Level 1:colcon.colcon_core.package_identification:_identify(crazyswarm2/ros_ws/src/crazyswarm) by extension 'cmake'
[0.291s] Level 1:colcon.colcon_core.package_identification:_identify(crazyswarm2/ros_ws/src/crazyswarm) by extension 'python'
[0.291s] Level 1:colcon.colcon_core.package_identification:_identify(crazyswarm2/ros_ws/src/crazyswarm) by extensions ['python_setup_py']
[0.291s] Level 1:colcon.colcon_core.package_identification:_identify(crazyswarm2/ros_ws/src/crazyswarm) by extension 'python_setup_py'
[0.291s] Level 1:colcon.colcon_core.package_identification:_identify(crazyswarm2/ros_ws/src/crazyswarm/launch) by extensions ['ignore', 'ignore_ament_install']
[0.291s] Level 1:colcon.colcon_core.package_identification:_identify(crazyswarm2/ros_ws/src/crazyswarm/launch) by extension 'ignore'
[0.291s] Level 1:colcon.colcon_core.package_identification:_identify(crazyswarm2/ros_ws/src/crazyswarm/launch) by extension 'ignore_ament_install'
[0.291s] Level 1:colcon.colcon_core.package_identification:_identify(crazyswarm2/ros_ws/src/crazyswarm/launch) by extensions ['colcon_pkg']
[0.291s] Level 1:colcon.colcon_core.package_identification:_identify(crazyswarm2/ros_ws/src/crazyswarm/launch) by extension 'colcon_pkg'
[0.291s] Level 1:colcon.colcon_core.package_identification:_identify(crazyswarm2/ros_ws/src/crazyswarm/launch) by extensions ['colcon_meta']
[0.291s] Level 1:colcon.colcon_core.package_identification:_identify(crazyswarm2/ros_ws/src/crazyswarm/launch) by extension 'colcon_meta'
[0.292s] Level 1:colcon.colcon_core.package_identification:_identify(crazyswarm2/ros_ws/src/crazyswarm/launch) by extensions ['ros']
[0.292s] Level 1:colcon.colcon_core.package_identification:_identify(crazyswarm2/ros_ws/src/crazyswarm/launch) by extension 'ros'
[0.292s] Level 1:colcon.colcon_core.package_identification:_identify(crazyswarm2/ros_ws/src/crazyswarm/launch) by extensions ['cmake', 'python']
[0.292s] Level 1:colcon.colcon_core.package_identification:_identify(crazyswarm2/ros_ws/src/crazyswarm/launch) by extension 'cmake'
[0.292s] Level 1:colcon.colcon_core.package_identification:_identify(crazyswarm2/ros_ws/src/crazyswarm/launch) by extension 'python'
[0.292s] Level 1:colcon.colcon_core.package_identification:_identify(crazyswarm2/ros_ws/src/crazyswarm/launch) by extensions ['python_setup_py']
[0.292s] Level 1:colcon.colcon_core.package_identification:_identify(crazyswarm2/ros_ws/src/crazyswarm/launch) by extension 'python_setup_py'
[0.292s] Level 1:colcon.colcon_core.package_identification:_identify(crazyswarm2/ros_ws/src/crazyswarm/scripts) by extensions ['ignore', 'ignore_ament_install']
[0.292s] Level 1:colcon.colcon_core.package_identification:_identify(crazyswarm2/ros_ws/src/crazyswarm/scripts) by extension 'ignore'
[0.292s] Level 1:colcon.colcon_core.package_identification:_identify(crazyswarm2/ros_ws/src/crazyswarm/scripts) by extension 'ignore_ament_install'
[0.292s] Level 1:colcon.colcon_core.package_identification:_identify(crazyswarm2/ros_ws/src/crazyswarm/scripts) by extensions ['colcon_pkg']
[0.292s] Level 1:colcon.colcon_core.package_identification:_identify(crazyswarm2/ros_ws/src/crazyswarm/scripts) by extension 'colcon_pkg'
[0.292s] Level 1:colcon.colcon_core.package_identification:_identify(crazyswarm2/ros_ws/src/crazyswarm/scripts) by extensions ['colcon_meta']
[0.292s] Level 1:colcon.colcon_core.package_identification:_identify(crazyswarm2/ros_ws/src/crazyswarm/scripts) by extension 'colcon_meta'
[0.292s] Level 1:colcon.colcon_core.package_identification:_identify(crazyswarm2/ros_ws/src/crazyswarm/scripts) by extensions ['ros']
[0.292s] Level 1:colcon.colcon_core.package_identification:_identify(crazyswarm2/ros_ws/src/crazyswarm/scripts) by extension 'ros'
[0.292s] Level 1:colcon.colcon_core.package_identification:_identify(crazyswarm2/ros_ws/src/crazyswarm/scripts) by extensions ['cmake', 'python']
[0.292s] Level 1:colcon.colcon_core.package_identification:_identify(crazyswarm2/ros_ws/src/crazyswarm/scripts) by extension 'cmake'
[0.292s] Level 1:colcon.colcon_core.package_identification:_identify(crazyswarm2/ros_ws/src/crazyswarm/scripts) by extension 'python'
[0.292s] Level 1:colcon.colcon_core.package_identification:_identify(crazyswarm2/ros_ws/src/crazyswarm/scripts) by extensions ['python_setup_py']
[0.292s] Level 1:colcon.colcon_core.package_identification:_identify(crazyswarm2/ros_ws/src/crazyswarm/scripts) by extension 'python_setup_py'
[0.292s] Level 1:colcon.colcon_core.package_identification:_identify(crazyswarm2/ros_ws/src/crazyswarm/scripts/crossing2_pps) by extensions ['ignore', 'ignore_ament_install']
[0.292s] Level 1:colcon.colcon_core.package_identification:_identify(crazyswarm2/ros_ws/src/crazyswarm/scripts/crossing2_pps) by extension 'ignore'
[0.293s] Level 1:colcon.colcon_core.package_identification:_identify(crazyswarm2/ros_ws/src/crazyswarm/scripts/crossing2_pps) by extension 'ignore_ament_install'
[0.293s] Level 1:colcon.colcon_core.package_identification:_identify(crazyswarm2/ros_ws/src/crazyswarm/scripts/crossing2_pps) by extensions ['colcon_pkg']
[0.293s] Level 1:colcon.colcon_core.package_identification:_identify(crazyswarm2/ros_ws/src/crazyswarm/scripts/crossing2_pps) by extension 'colcon_pkg'
[0.293s] Level 1:colcon.colcon_core.package_identification:_identify(crazyswarm2/ros_ws/src/crazyswarm/scripts/crossing2_pps) by extensions ['colcon_meta']
[0.293s] Level 1:colcon.colcon_core.package_identification:_identify(crazyswarm2/ros_ws/src/crazyswarm/scripts/crossing2_pps) by extension 'colcon_meta'
[0.293s] Level 1:colcon.colcon_core.package_identification:_identify(crazyswarm2/ros_ws/src/crazyswarm/scripts/crossing2_pps) by extensions ['ros']
[0.293s] Level 1:colcon.colcon_core.package_identification:_identify(crazyswarm2/ros_ws/src/crazyswarm/scripts/crossing2_pps) by extension 'ros'
[0.293s] Level 1:colcon.colcon_core.package_identification:_identify(crazyswarm2/ros_ws/src/crazyswarm/scripts/crossing2_pps) by extensions ['cmake', 'python']
[0.293s] Level 1:colcon.colcon_core.package_identification:_identify(crazyswarm2/ros_ws/src/crazyswarm/scripts/crossing2_pps) by extension 'cmake'
[0.293s] Level 1:colcon.colcon_core.package_identification:_identify(crazyswarm2/ros_ws/src/crazyswarm/scripts/crossing2_pps) by extension 'python'
[0.293s] Level 1:colcon.colcon_core.package_identification:_identify(crazyswarm2/ros_ws/src/crazyswarm/scripts/crossing2_pps) by extensions ['python_setup_py']
[0.293s] Level 1:colcon.colcon_core.package_identification:_identify(crazyswarm2/ros_ws/src/crazyswarm/scripts/crossing2_pps) by extension 'python_setup_py'
[0.293s] Level 1:colcon.colcon_core.package_identification:_identify(crazyswarm2/ros_ws/src/crazyswarm/scripts/crossing4_pps) by extensions ['ignore', 'ignore_ament_install']
[0.293s] Level 1:colcon.colcon_core.package_identification:_identify(crazyswarm2/ros_ws/src/crazyswarm/scripts/crossing4_pps) by extension 'ignore'
[0.293s] Level 1:colcon.colcon_core.package_identification:_identify(crazyswarm2/ros_ws/src/crazyswarm/scripts/crossing4_pps) by extension 'ignore_ament_install'
[0.293s] Level 1:colcon.colcon_core.package_identification:_identify(crazyswarm2/ros_ws/src/crazyswarm/scripts/crossing4_pps) by extensions ['colcon_pkg']
[0.293s] Level 1:colcon.colcon_core.package_identification:_identify(crazyswarm2/ros_ws/src/crazyswarm/scripts/crossing4_pps) by extension 'colcon_pkg'
[0.293s] Level 1:colcon.colcon_core.package_identification:_identify(crazyswarm2/ros_ws/src/crazyswarm/scripts/crossing4_pps) by extensions ['colcon_meta']
[0.293s] Level 1:colcon.colcon_core.package_identification:_identify(crazyswarm2/ros_ws/src/crazyswarm/scripts/crossing4_pps) by extension 'colcon_meta'
[0.293s] Level 1:colcon.colcon_core.package_identification:_identify(crazyswarm2/ros_ws/src/crazyswarm/scripts/crossing4_pps) by extensions ['ros']
[0.293s] Level 1:colcon.colcon_core.package_identification:_identify(crazyswarm2/ros_ws/src/crazyswarm/scripts/crossing4_pps) by extension 'ros'
[0.293s] Level 1:colcon.colcon_core.package_identification:_identify(crazyswarm2/ros_ws/src/crazyswarm/scripts/crossing4_pps) by extensions ['cmake', 'python']
[0.293s] Level 1:colcon.colcon_core.package_identification:_identify(crazyswarm2/ros_ws/src/crazyswarm/scripts/crossing4_pps) by extension 'cmake'
[0.293s] Level 1:colcon.colcon_core.package_identification:_identify(crazyswarm2/ros_ws/src/crazyswarm/scripts/crossing4_pps) by extension 'python'
[0.293s] Level 1:colcon.colcon_core.package_identification:_identify(crazyswarm2/ros_ws/src/crazyswarm/scripts/crossing4_pps) by extensions ['python_setup_py']
[0.294s] Level 1:colcon.colcon_core.package_identification:_identify(crazyswarm2/ros_ws/src/crazyswarm/scripts/crossing4_pps) by extension 'python_setup_py'
[0.294s] Level 1:colcon.colcon_core.package_identification:_identify(crazyswarm2/ros_ws/src/crazyswarm/scripts/sequence_trajectories) by extensions ['ignore', 'ignore_ament_install']
[0.294s] Level 1:colcon.colcon_core.package_identification:_identify(crazyswarm2/ros_ws/src/crazyswarm/scripts/sequence_trajectories) by extension 'ignore'
[0.294s] Level 1:colcon.colcon_core.package_identification:_identify(crazyswarm2/ros_ws/src/crazyswarm/scripts/sequence_trajectories) by extension 'ignore_ament_install'
[0.294s] Level 1:colcon.colcon_core.package_identification:_identify(crazyswarm2/ros_ws/src/crazyswarm/scripts/sequence_trajectories) by extensions ['colcon_pkg']
[0.294s] Level 1:colcon.colcon_core.package_identification:_identify(crazyswarm2/ros_ws/src/crazyswarm/scripts/sequence_trajectories) by extension 'colcon_pkg'
[0.294s] Level 1:colcon.colcon_core.package_identification:_identify(crazyswarm2/ros_ws/src/crazyswarm/scripts/sequence_trajectories) by extensions ['colcon_meta']
[0.294s] Level 1:colcon.colcon_core.package_identification:_identify(crazyswarm2/ros_ws/src/crazyswarm/scripts/sequence_trajectories) by extension 'colcon_meta'
[0.294s] Level 1:colcon.colcon_core.package_identification:_identify(crazyswarm2/ros_ws/src/crazyswarm/scripts/sequence_trajectories) by extensions ['ros']
[0.294s] Level 1:colcon.colcon_core.package_identification:_identify(crazyswarm2/ros_ws/src/crazyswarm/scripts/sequence_trajectories) by extension 'ros'
[0.294s] Level 1:colcon.colcon_core.package_identification:_identify(crazyswarm2/ros_ws/src/crazyswarm/scripts/sequence_trajectories) by extensions ['cmake', 'python']
[0.294s] Level 1:colcon.colcon_core.package_identification:_identify(crazyswarm2/ros_ws/src/crazyswarm/scripts/sequence_trajectories) by extension 'cmake'
[0.294s] Level 1:colcon.colcon_core.package_identification:_identify(crazyswarm2/ros_ws/src/crazyswarm/scripts/sequence_trajectories) by extension 'python'
[0.294s] Level 1:colcon.colcon_core.package_identification:_identify(crazyswarm2/ros_ws/src/crazyswarm/scripts/sequence_trajectories) by extensions ['python_setup_py']
[0.294s] Level 1:colcon.colcon_core.package_identification:_identify(crazyswarm2/ros_ws/src/crazyswarm/scripts/sequence_trajectories) by extension 'python_setup_py'
[0.294s] Level 1:colcon.colcon_core.package_identification:_identify(crazyswarm2/ros_ws/src/crazyswarm/scripts/sequence_trajectories/1) by extensions ['ignore', 'ignore_ament_install']
[0.294s] Level 1:colcon.colcon_core.package_identification:_identify(crazyswarm2/ros_ws/src/crazyswarm/scripts/sequence_trajectories/1) by extension 'ignore'
[0.294s] Level 1:colcon.colcon_core.package_identification:_identify(crazyswarm2/ros_ws/src/crazyswarm/scripts/sequence_trajectories/1) by extension 'ignore_ament_install'
[0.294s] Level 1:colcon.colcon_core.package_identification:_identify(crazyswarm2/ros_ws/src/crazyswarm/scripts/sequence_trajectories/1) by extensions ['colcon_pkg']
[0.294s] Level 1:colcon.colcon_core.package_identification:_identify(crazyswarm2/ros_ws/src/crazyswarm/scripts/sequence_trajectories/1) by extension 'colcon_pkg'
[0.294s] Level 1:colcon.colcon_core.package_identification:_identify(crazyswarm2/ros_ws/src/crazyswarm/scripts/sequence_trajectories/1) by extensions ['colcon_meta']
[0.294s] Level 1:colcon.colcon_core.package_identification:_identify(crazyswarm2/ros_ws/src/crazyswarm/scripts/sequence_trajectories/1) by extension 'colcon_meta'
[0.294s] Level 1:colcon.colcon_core.package_identification:_identify(crazyswarm2/ros_ws/src/crazyswarm/scripts/sequence_trajectories/1) by extensions ['ros']
[0.295s] Level 1:colcon.colcon_core.package_identification:_identify(crazyswarm2/ros_ws/src/crazyswarm/scripts/sequence_trajectories/1) by extension 'ros'
[0.295s] Level 1:colcon.colcon_core.package_identification:_identify(crazyswarm2/ros_ws/src/crazyswarm/scripts/sequence_trajectories/1) by extensions ['cmake', 'python']
[0.295s] Level 1:colcon.colcon_core.package_identification:_identify(crazyswarm2/ros_ws/src/crazyswarm/scripts/sequence_trajectories/1) by extension 'cmake'
[0.295s] Level 1:colcon.colcon_core.package_identification:_identify(crazyswarm2/ros_ws/src/crazyswarm/scripts/sequence_trajectories/1) by extension 'python'
[0.295s] Level 1:colcon.colcon_core.package_identification:_identify(crazyswarm2/ros_ws/src/crazyswarm/scripts/sequence_trajectories/1) by extensions ['python_setup_py']
[0.295s] Level 1:colcon.colcon_core.package_identification:_identify(crazyswarm2/ros_ws/src/crazyswarm/scripts/sequence_trajectories/1) by extension 'python_setup_py'
[0.295s] Level 1:colcon.colcon_core.package_identification:_identify(crazyswarm2/ros_ws/src/crazyswarm/scripts/sequence_trajectories/2) by extensions ['ignore', 'ignore_ament_install']
[0.295s] Level 1:colcon.colcon_core.package_identification:_identify(crazyswarm2/ros_ws/src/crazyswarm/scripts/sequence_trajectories/2) by extension 'ignore'
[0.295s] Level 1:colcon.colcon_core.package_identification:_identify(crazyswarm2/ros_ws/src/crazyswarm/scripts/sequence_trajectories/2) by extension 'ignore_ament_install'
[0.295s] Level 1:colcon.colcon_core.package_identification:_identify(crazyswarm2/ros_ws/src/crazyswarm/scripts/sequence_trajectories/2) by extensions ['colcon_pkg']
[0.295s] Level 1:colcon.colcon_core.package_identification:_identify(crazyswarm2/ros_ws/src/crazyswarm/scripts/sequence_trajectories/2) by extension 'colcon_pkg'
[0.295s] Level 1:colcon.colcon_core.package_identification:_identify(crazyswarm2/ros_ws/src/crazyswarm/scripts/sequence_trajectories/2) by extensions ['colcon_meta']
[0.295s] Level 1:colcon.colcon_core.package_identification:_identify(crazyswarm2/ros_ws/src/crazyswarm/scripts/sequence_trajectories/2) by extension 'colcon_meta'
[0.295s] Level 1:colcon.colcon_core.package_identification:_identify(crazyswarm2/ros_ws/src/crazyswarm/scripts/sequence_trajectories/2) by extensions ['ros']
[0.295s] Level 1:colcon.colcon_core.package_identification:_identify(crazyswarm2/ros_ws/src/crazyswarm/scripts/sequence_trajectories/2) by extension 'ros'
[0.295s] Level 1:colcon.colcon_core.package_identification:_identify(crazyswarm2/ros_ws/src/crazyswarm/scripts/sequence_trajectories/2) by extensions ['cmake', 'python']
[0.295s] Level 1:colcon.colcon_core.package_identification:_identify(crazyswarm2/ros_ws/src/crazyswarm/scripts/sequence_trajectories/2) by extension 'cmake'
[0.295s] Level 1:colcon.colcon_core.package_identification:_identify(crazyswarm2/ros_ws/src/crazyswarm/scripts/sequence_trajectories/2) by extension 'python'
[0.295s] Level 1:colcon.colcon_core.package_identification:_identify(crazyswarm2/ros_ws/src/crazyswarm/scripts/sequence_trajectories/2) by extensions ['python_setup_py']
[0.295s] Level 1:colcon.colcon_core.package_identification:_identify(crazyswarm2/ros_ws/src/crazyswarm/scripts/sequence_trajectories/2) by extension 'python_setup_py'
[0.295s] Level 1:colcon.colcon_core.package_identification:_identify(crazyswarm2/ros_ws/src/crazyswarm/scripts/sequence_trajectories/3) by extensions ['ignore', 'ignore_ament_install']
[0.295s] Level 1:colcon.colcon_core.package_identification:_identify(crazyswarm2/ros_ws/src/crazyswarm/scripts/sequence_trajectories/3) by extension 'ignore'
[0.296s] Level 1:colcon.colcon_core.package_identification:_identify(crazyswarm2/ros_ws/src/crazyswarm/scripts/sequence_trajectories/3) by extension 'ignore_ament_install'
[0.296s] Level 1:colcon.colcon_core.package_identification:_identify(crazyswarm2/ros_ws/src/crazyswarm/scripts/sequence_trajectories/3) by extensions ['colcon_pkg']
[0.296s] Level 1:colcon.colcon_core.package_identification:_identify(crazyswarm2/ros_ws/src/crazyswarm/scripts/sequence_trajectories/3) by extension 'colcon_pkg'
[0.296s] Level 1:colcon.colcon_core.package_identification:_identify(crazyswarm2/ros_ws/src/crazyswarm/scripts/sequence_trajectories/3) by extensions ['colcon_meta']
[0.296s] Level 1:colcon.colcon_core.package_identification:_identify(crazyswarm2/ros_ws/src/crazyswarm/scripts/sequence_trajectories/3) by extension 'colcon_meta'
[0.296s] Level 1:colcon.colcon_core.package_identification:_identify(crazyswarm2/ros_ws/src/crazyswarm/scripts/sequence_trajectories/3) by extensions ['ros']
[0.296s] Level 1:colcon.colcon_core.package_identification:_identify(crazyswarm2/ros_ws/src/crazyswarm/scripts/sequence_trajectories/3) by extension 'ros'
[0.296s] Level 1:colcon.colcon_core.package_identification:_identify(crazyswarm2/ros_ws/src/crazyswarm/scripts/sequence_trajectories/3) by extensions ['cmake', 'python']
[0.296s] Level 1:colcon.colcon_core.package_identification:_identify(crazyswarm2/ros_ws/src/crazyswarm/scripts/sequence_trajectories/3) by extension 'cmake'
[0.296s] Level 1:colcon.colcon_core.package_identification:_identify(crazyswarm2/ros_ws/src/crazyswarm/scripts/sequence_trajectories/3) by extension 'python'
[0.296s] Level 1:colcon.colcon_core.package_identification:_identify(crazyswarm2/ros_ws/src/crazyswarm/scripts/sequence_trajectories/3) by extensions ['python_setup_py']
[0.296s] Level 1:colcon.colcon_core.package_identification:_identify(crazyswarm2/ros_ws/src/crazyswarm/scripts/sequence_trajectories/3) by extension 'python_setup_py'
[0.296s] Level 1:colcon.colcon_core.package_identification:_identify(crazyswarm2/ros_ws/src/crazyswarm/scripts/sequence_trajectories/4) by extensions ['ignore', 'ignore_ament_install']
[0.296s] Level 1:colcon.colcon_core.package_identification:_identify(crazyswarm2/ros_ws/src/crazyswarm/scripts/sequence_trajectories/4) by extension 'ignore'
[0.296s] Level 1:colcon.colcon_core.package_identification:_identify(crazyswarm2/ros_ws/src/crazyswarm/scripts/sequence_trajectories/4) by extension 'ignore_ament_install'
[0.296s] Level 1:colcon.colcon_core.package_identification:_identify(crazyswarm2/ros_ws/src/crazyswarm/scripts/sequence_trajectories/4) by extensions ['colcon_pkg']
[0.296s] Level 1:colcon.colcon_core.package_identification:_identify(crazyswarm2/ros_ws/src/crazyswarm/scripts/sequence_trajectories/4) by extension 'colcon_pkg'
[0.296s] Level 1:colcon.colcon_core.package_identification:_identify(crazyswarm2/ros_ws/src/crazyswarm/scripts/sequence_trajectories/4) by extensions ['colcon_meta']
[0.296s] Level 1:colcon.colcon_core.package_identification:_identify(crazyswarm2/ros_ws/src/crazyswarm/scripts/sequence_trajectories/4) by extension 'colcon_meta'
[0.296s] Level 1:colcon.colcon_core.package_identification:_identify(crazyswarm2/ros_ws/src/crazyswarm/scripts/sequence_trajectories/4) by extensions ['ros']
[0.296s] Level 1:colcon.colcon_core.package_identification:_identify(crazyswarm2/ros_ws/src/crazyswarm/scripts/sequence_trajectories/4) by extension 'ros'
[0.296s] Level 1:colcon.colcon_core.package_identification:_identify(crazyswarm2/ros_ws/src/crazyswarm/scripts/sequence_trajectories/4) by extensions ['cmake', 'python']
[0.296s] Level 1:colcon.colcon_core.package_identification:_identify(crazyswarm2/ros_ws/src/crazyswarm/scripts/sequence_trajectories/4) by extension 'cmake'
[0.296s] Level 1:colcon.colcon_core.package_identification:_identify(crazyswarm2/ros_ws/src/crazyswarm/scripts/sequence_trajectories/4) by extension 'python'
[0.297s] Level 1:colcon.colcon_core.package_identification:_identify(crazyswarm2/ros_ws/src/crazyswarm/scripts/sequence_trajectories/4) by extensions ['python_setup_py']
[0.297s] Level 1:colcon.colcon_core.package_identification:_identify(crazyswarm2/ros_ws/src/crazyswarm/scripts/sequence_trajectories/4) by extension 'python_setup_py'
[0.297s] Level 1:colcon.colcon_core.package_identification:_identify(crazyswarm2/ros_ws/src/crazyswarm/scripts/sequence_trajectories/5) by extensions ['ignore', 'ignore_ament_install']
[0.297s] Level 1:colcon.colcon_core.package_identification:_identify(crazyswarm2/ros_ws/src/crazyswarm/scripts/sequence_trajectories/5) by extension 'ignore'
[0.297s] Level 1:colcon.colcon_core.package_identification:_identify(crazyswarm2/ros_ws/src/crazyswarm/scripts/sequence_trajectories/5) by extension 'ignore_ament_install'
[0.297s] Level 1:colcon.colcon_core.package_identification:_identify(crazyswarm2/ros_ws/src/crazyswarm/scripts/sequence_trajectories/5) by extensions ['colcon_pkg']
[0.297s] Level 1:colcon.colcon_core.package_identification:_identify(crazyswarm2/ros_ws/src/crazyswarm/scripts/sequence_trajectories/5) by extension 'colcon_pkg'
[0.297s] Level 1:colcon.colcon_core.package_identification:_identify(crazyswarm2/ros_ws/src/crazyswarm/scripts/sequence_trajectories/5) by extensions ['colcon_meta']
[0.297s] Level 1:colcon.colcon_core.package_identification:_identify(crazyswarm2/ros_ws/src/crazyswarm/scripts/sequence_trajectories/5) by extension 'colcon_meta'
[0.297s] Level 1:colcon.colcon_core.package_identification:_identify(crazyswarm2/ros_ws/src/crazyswarm/scripts/sequence_trajectories/5) by extensions ['ros']
[0.297s] Level 1:colcon.colcon_core.package_identification:_identify(crazyswarm2/ros_ws/src/crazyswarm/scripts/sequence_trajectories/5) by extension 'ros'
[0.297s] Level 1:colcon.colcon_core.package_identification:_identify(crazyswarm2/ros_ws/src/crazyswarm/scripts/sequence_trajectories/5) by extensions ['cmake', 'python']
[0.297s] Level 1:colcon.colcon_core.package_identification:_identify(crazyswarm2/ros_ws/src/crazyswarm/scripts/sequence_trajectories/5) by extension 'cmake'
[0.297s] Level 1:colcon.colcon_core.package_identification:_identify(crazyswarm2/ros_ws/src/crazyswarm/scripts/sequence_trajectories/5) by extension 'python'
[0.297s] Level 1:colcon.colcon_core.package_identification:_identify(crazyswarm2/ros_ws/src/crazyswarm/scripts/sequence_trajectories/5) by extensions ['python_setup_py']
[0.297s] Level 1:colcon.colcon_core.package_identification:_identify(crazyswarm2/ros_ws/src/crazyswarm/scripts/sequence_trajectories/5) by extension 'python_setup_py'
[0.297s] Level 1:colcon.colcon_core.package_identification:_identify(crazyswarm2/ros_ws/src/crazyswarm/scripts/sequence_trajectories/6) by extensions ['ignore', 'ignore_ament_install']
[0.297s] Level 1:colcon.colcon_core.package_identification:_identify(crazyswarm2/ros_ws/src/crazyswarm/scripts/sequence_trajectories/6) by extension 'ignore'
[0.297s] Level 1:colcon.colcon_core.package_identification:_identify(crazyswarm2/ros_ws/src/crazyswarm/scripts/sequence_trajectories/6) by extension 'ignore_ament_install'
[0.297s] Level 1:colcon.colcon_core.package_identification:_identify(crazyswarm2/ros_ws/src/crazyswarm/scripts/sequence_trajectories/6) by extensions ['colcon_pkg']
[0.297s] Level 1:colcon.colcon_core.package_identification:_identify(crazyswarm2/ros_ws/src/crazyswarm/scripts/sequence_trajectories/6) by extension 'colcon_pkg'
[0.297s] Level 1:colcon.colcon_core.package_identification:_identify(crazyswarm2/ros_ws/src/crazyswarm/scripts/sequence_trajectories/6) by extensions ['colcon_meta']
[0.297s] Level 1:colcon.colcon_core.package_identification:_identify(crazyswarm2/ros_ws/src/crazyswarm/scripts/sequence_trajectories/6) by extension 'colcon_meta'
[0.298s] Level 1:colcon.colcon_core.package_identification:_identify(crazyswarm2/ros_ws/src/crazyswarm/scripts/sequence_trajectories/6) by extensions ['ros']
[0.298s] Level 1:colcon.colcon_core.package_identification:_identify(crazyswarm2/ros_ws/src/crazyswarm/scripts/sequence_trajectories/6) by extension 'ros'
[0.298s] Level 1:colcon.colcon_core.package_identification:_identify(crazyswarm2/ros_ws/src/crazyswarm/scripts/sequence_trajectories/6) by extensions ['cmake', 'python']
[0.298s] Level 1:colcon.colcon_core.package_identification:_identify(crazyswarm2/ros_ws/src/crazyswarm/scripts/sequence_trajectories/6) by extension 'cmake'
[0.298s] Level 1:colcon.colcon_core.package_identification:_identify(crazyswarm2/ros_ws/src/crazyswarm/scripts/sequence_trajectories/6) by extension 'python'
[0.298s] Level 1:colcon.colcon_core.package_identification:_identify(crazyswarm2/ros_ws/src/crazyswarm/scripts/sequence_trajectories/6) by extensions ['python_setup_py']
[0.298s] Level 1:colcon.colcon_core.package_identification:_identify(crazyswarm2/ros_ws/src/crazyswarm/scripts/sequence_trajectories/6) by extension 'python_setup_py'
[0.298s] Level 1:colcon.colcon_core.package_identification:_identify(crazyswarm2/ros_ws/src/crazyswarm/scripts/sequence_trajectories/7) by extensions ['ignore', 'ignore_ament_install']
[0.298s] Level 1:colcon.colcon_core.package_identification:_identify(crazyswarm2/ros_ws/src/crazyswarm/scripts/sequence_trajectories/7) by extension 'ignore'
[0.298s] Level 1:colcon.colcon_core.package_identification:_identify(crazyswarm2/ros_ws/src/crazyswarm/scripts/sequence_trajectories/7) by extension 'ignore_ament_install'
[0.298s] Level 1:colcon.colcon_core.package_identification:_identify(crazyswarm2/ros_ws/src/crazyswarm/scripts/sequence_trajectories/7) by extensions ['colcon_pkg']
[0.298s] Level 1:colcon.colcon_core.package_identification:_identify(crazyswarm2/ros_ws/src/crazyswarm/scripts/sequence_trajectories/7) by extension 'colcon_pkg'
[0.298s] Level 1:colcon.colcon_core.package_identification:_identify(crazyswarm2/ros_ws/src/crazyswarm/scripts/sequence_trajectories/7) by extensions ['colcon_meta']
[0.298s] Level 1:colcon.colcon_core.package_identification:_identify(crazyswarm2/ros_ws/src/crazyswarm/scripts/sequence_trajectories/7) by extension 'colcon_meta'
[0.298s] Level 1:colcon.colcon_core.package_identification:_identify(crazyswarm2/ros_ws/src/crazyswarm/scripts/sequence_trajectories/7) by extensions ['ros']
[0.298s] Level 1:colcon.colcon_core.package_identification:_identify(crazyswarm2/ros_ws/src/crazyswarm/scripts/sequence_trajectories/7) by extension 'ros'
[0.298s] Level 1:colcon.colcon_core.package_identification:_identify(crazyswarm2/ros_ws/src/crazyswarm/scripts/sequence_trajectories/7) by extensions ['cmake', 'python']
[0.298s] Level 1:colcon.colcon_core.package_identification:_identify(crazyswarm2/ros_ws/src/crazyswarm/scripts/sequence_trajectories/7) by extension 'cmake'
[0.298s] Level 1:colcon.colcon_core.package_identification:_identify(crazyswarm2/ros_ws/src/crazyswarm/scripts/sequence_trajectories/7) by extension 'python'
[0.298s] Level 1:colcon.colcon_core.package_identification:_identify(crazyswarm2/ros_ws/src/crazyswarm/scripts/sequence_trajectories/7) by extensions ['python_setup_py']
[0.298s] Level 1:colcon.colcon_core.package_identification:_identify(crazyswarm2/ros_ws/src/crazyswarm/scripts/sequence_trajectories/7) by extension 'python_setup_py'
[0.298s] Level 1:colcon.colcon_core.package_identification:_identify(crazyswarm2/ros_ws/src/crazyswarm/scripts/swap6v_pps) by extensions ['ignore', 'ignore_ament_install']
[0.299s] Level 1:colcon.colcon_core.package_identification:_identify(crazyswarm2/ros_ws/src/crazyswarm/scripts/swap6v_pps) by extension 'ignore'
[0.299s] Level 1:colcon.colcon_core.package_identification:_identify(crazyswarm2/ros_ws/src/crazyswarm/scripts/swap6v_pps) by extension 'ignore_ament_install'
[0.299s] Level 1:colcon.colcon_core.package_identification:_identify(crazyswarm2/ros_ws/src/crazyswarm/scripts/swap6v_pps) by extensions ['colcon_pkg']
[0.299s] Level 1:colcon.colcon_core.package_identification:_identify(crazyswarm2/ros_ws/src/crazyswarm/scripts/swap6v_pps) by extension 'colcon_pkg'
[0.299s] Level 1:colcon.colcon_core.package_identification:_identify(crazyswarm2/ros_ws/src/crazyswarm/scripts/swap6v_pps) by extensions ['colcon_meta']
[0.299s] Level 1:colcon.colcon_core.package_identification:_identify(crazyswarm2/ros_ws/src/crazyswarm/scripts/swap6v_pps) by extension 'colcon_meta'
[0.299s] Level 1:colcon.colcon_core.package_identification:_identify(crazyswarm2/ros_ws/src/crazyswarm/scripts/swap6v_pps) by extensions ['ros']
[0.299s] Level 1:colcon.colcon_core.package_identification:_identify(crazyswarm2/ros_ws/src/crazyswarm/scripts/swap6v_pps) by extension 'ros'
[0.299s] Level 1:colcon.colcon_core.package_identification:_identify(crazyswarm2/ros_ws/src/crazyswarm/scripts/swap6v_pps) by extensions ['cmake', 'python']
[0.299s] Level 1:colcon.colcon_core.package_identification:_identify(crazyswarm2/ros_ws/src/crazyswarm/scripts/swap6v_pps) by extension 'cmake'
[0.299s] Level 1:colcon.colcon_core.package_identification:_identify(crazyswarm2/ros_ws/src/crazyswarm/scripts/swap6v_pps) by extension 'python'
[0.299s] Level 1:colcon.colcon_core.package_identification:_identify(crazyswarm2/ros_ws/src/crazyswarm/scripts/swap6v_pps) by extensions ['python_setup_py']
[0.299s] Level 1:colcon.colcon_core.package_identification:_identify(crazyswarm2/ros_ws/src/crazyswarm/scripts/swap6v_pps) by extension 'python_setup_py'
[0.299s] Level 1:colcon.colcon_core.package_identification:_identify(crazyswarm2/systemtests) by extensions ['ignore', 'ignore_ament_install']
[0.299s] Level 1:colcon.colcon_core.package_identification:_identify(crazyswarm2/systemtests) by extension 'ignore'
[0.299s] Level 1:colcon.colcon_core.package_identification:_identify(crazyswarm2/systemtests) by extension 'ignore_ament_install'
[0.299s] Level 1:colcon.colcon_core.package_identification:_identify(crazyswarm2/systemtests) by extensions ['colcon_pkg']
[0.299s] Level 1:colcon.colcon_core.package_identification:_identify(crazyswarm2/systemtests) by extension 'colcon_pkg'
[0.299s] Level 1:colcon.colcon_core.package_identification:_identify(crazyswarm2/systemtests) by extensions ['colcon_meta']
[0.299s] Level 1:colcon.colcon_core.package_identification:_identify(crazyswarm2/systemtests) by extension 'colcon_meta'
[0.299s] Level 1:colcon.colcon_core.package_identification:_identify(crazyswarm2/systemtests) by extensions ['ros']
[0.299s] Level 1:colcon.colcon_core.package_identification:_identify(crazyswarm2/systemtests) by extension 'ros'
[0.299s] Level 1:colcon.colcon_core.package_identification:_identify(crazyswarm2/systemtests) by extensions ['cmake', 'python']
[0.299s] Level 1:colcon.colcon_core.package_identification:_identify(crazyswarm2/systemtests) by extension 'cmake'
[0.299s] Level 1:colcon.colcon_core.package_identification:_identify(crazyswarm2/systemtests) by extension 'python'
[0.300s] Level 1:colcon.colcon_core.package_identification:_identify(crazyswarm2/systemtests) by extensions ['python_setup_py']
[0.300s] Level 1:colcon.colcon_core.package_identification:_identify(crazyswarm2/systemtests) by extension 'python_setup_py'
[0.300s] Level 1:colcon.colcon_core.package_identification:_identify(crazyswarm2/systemtests/SDplotting) by extensions ['ignore', 'ignore_ament_install']
[0.300s] Level 1:colcon.colcon_core.package_identification:_identify(crazyswarm2/systemtests/SDplotting) by extension 'ignore'
[0.300s] Level 1:colcon.colcon_core.package_identification:_identify(crazyswarm2/systemtests/SDplotting) by extension 'ignore_ament_install'
[0.300s] Level 1:colcon.colcon_core.package_identification:_identify(crazyswarm2/systemtests/SDplotting) by extensions ['colcon_pkg']
[0.300s] Level 1:colcon.colcon_core.package_identification:_identify(crazyswarm2/systemtests/SDplotting) by extension 'colcon_pkg'
[0.300s] Level 1:colcon.colcon_core.package_identification:_identify(crazyswarm2/systemtests/SDplotting) by extensions ['colcon_meta']
[0.300s] Level 1:colcon.colcon_core.package_identification:_identify(crazyswarm2/systemtests/SDplotting) by extension 'colcon_meta'
[0.300s] Level 1:colcon.colcon_core.package_identification:_identify(crazyswarm2/systemtests/SDplotting) by extensions ['ros']
[0.300s] Level 1:colcon.colcon_core.package_identification:_identify(crazyswarm2/systemtests/SDplotting) by extension 'ros'
[0.300s] Level 1:colcon.colcon_core.package_identification:_identify(crazyswarm2/systemtests/SDplotting) by extensions ['cmake', 'python']
[0.300s] Level 1:colcon.colcon_core.package_identification:_identify(crazyswarm2/systemtests/SDplotting) by extension 'cmake'
[0.300s] Level 1:colcon.colcon_core.package_identification:_identify(crazyswarm2/systemtests/SDplotting) by extension 'python'
[0.300s] Level 1:colcon.colcon_core.package_identification:_identify(crazyswarm2/systemtests/SDplotting) by extensions ['python_setup_py']
[0.300s] Level 1:colcon.colcon_core.package_identification:_identify(crazyswarm2/systemtests/SDplotting) by extension 'python_setup_py'
[0.300s] Level 1:colcon.colcon_core.package_identification:_identify(install) by extensions ['ignore', 'ignore_ament_install']
[0.300s] Level 1:colcon.colcon_core.package_identification:_identify(install) by extension 'ignore'
[0.300s] Level 1:colcon.colcon_core.package_identification:_identify(install) ignored
[0.300s] Level 1:colcon.colcon_core.package_identification:_identify(log) by extensions ['ignore', 'ignore_ament_install']
[0.300s] Level 1:colcon.colcon_core.package_identification:_identify(log) by extension 'ignore'
[0.300s] Level 1:colcon.colcon_core.package_identification:_identify(log) ignored
[0.301s] Level 1:colcon.colcon_core.package_identification:_identify(sar_config_exp) by extensions ['ignore', 'ignore_ament_install']
[0.301s] Level 1:colcon.colcon_core.package_identification:_identify(sar_config_exp) by extension 'ignore'
[0.301s] Level 1:colcon.colcon_core.package_identification:_identify(sar_config_exp) by extension 'ignore_ament_install'
[0.301s] Level 1:colcon.colcon_core.package_identification:_identify(sar_config_exp) by extensions ['colcon_pkg']
[0.301s] Level 1:colcon.colcon_core.package_identification:_identify(sar_config_exp) by extension 'colcon_pkg'
[0.301s] Level 1:colcon.colcon_core.package_identification:_identify(sar_config_exp) by extensions ['colcon_meta']
[0.301s] Level 1:colcon.colcon_core.package_identification:_identify(sar_config_exp) by extension 'colcon_meta'
[0.301s] Level 1:colcon.colcon_core.package_identification:_identify(sar_config_exp) by extensions ['ros']
[0.301s] Level 1:colcon.colcon_core.package_identification:_identify(sar_config_exp) by extension 'ros'
[0.301s] Level 1:colcon.colcon_core.package_identification:_identify(sar_config_exp) by extensions ['cmake', 'python']
[0.301s] Level 1:colcon.colcon_core.package_identification:_identify(sar_config_exp) by extension 'cmake'
[0.301s] Level 1:colcon.colcon_core.package_identification:_identify(sar_config_exp) by extension 'python'
[0.301s] Level 1:colcon.colcon_core.package_identification:_identify(sar_config_exp) by extensions ['python_setup_py']
[0.301s] Level 1:colcon.colcon_core.package_identification:_identify(sar_config_exp) by extension 'python_setup_py'
[0.301s] Level 1:colcon.colcon_core.package_identification:_identify(sar_env_exp) by extensions ['ignore', 'ignore_ament_install']
[0.301s] Level 1:colcon.colcon_core.package_identification:_identify(sar_env_exp) by extension 'ignore'
[0.301s] Level 1:colcon.colcon_core.package_identification:_identify(sar_env_exp) by extension 'ignore_ament_install'
[0.301s] Level 1:colcon.colcon_core.package_identification:_identify(sar_env_exp) by extensions ['colcon_pkg']
[0.301s] Level 1:colcon.colcon_core.package_identification:_identify(sar_env_exp) by extension 'colcon_pkg'
[0.301s] Level 1:colcon.colcon_core.package_identification:_identify(sar_env_exp) by extensions ['colcon_meta']
[0.301s] Level 1:colcon.colcon_core.package_identification:_identify(sar_env_exp) by extension 'colcon_meta'
[0.301s] Level 1:colcon.colcon_core.package_identification:_identify(sar_env_exp) by extensions ['ros']
[0.301s] Level 1:colcon.colcon_core.package_identification:_identify(sar_env_exp) by extension 'ros'
[0.302s] DEBUG:colcon.colcon_core.package_identification:Package 'sar_env_exp' with type 'ros.ament_cmake' and name 'sar_env_exp'
[0.302s] Level 1:colcon.colcon_core.package_identification:_identify(sar_logging_exp) by extensions ['ignore', 'ignore_ament_install']
[0.302s] Level 1:colcon.colcon_core.package_identification:_identify(sar_logging_exp) by extension 'ignore'
[0.302s] Level 1:colcon.colcon_core.package_identification:_identify(sar_logging_exp) by extension 'ignore_ament_install'
[0.302s] Level 1:colcon.colcon_core.package_identification:_identify(sar_logging_exp) by extensions ['colcon_pkg']
[0.302s] Level 1:colcon.colcon_core.package_identification:_identify(sar_logging_exp) by extension 'colcon_pkg'
[0.302s] Level 1:colcon.colcon_core.package_identification:_identify(sar_logging_exp) by extensions ['colcon_meta']
[0.302s] Level 1:colcon.colcon_core.package_identification:_identify(sar_logging_exp) by extension 'colcon_meta'
[0.302s] Level 1:colcon.colcon_core.package_identification:_identify(sar_logging_exp) by extensions ['ros']
[0.302s] Level 1:colcon.colcon_core.package_identification:_identify(sar_logging_exp) by extension 'ros'
[0.302s] DEBUG:colcon.colcon_core.package_identification:Package 'sar_logging_exp' with type 'ros.ament_cmake' and name 'sar_logging_exp'
[0.302s] Level 1:colcon.colcon_core.package_discovery:discover_packages(recursive) using defaults
[0.302s] Level 1:colcon.colcon_core.package_discovery:discover_packages(ignore) discover
[0.302s] Level 1:colcon.colcon_core.package_discovery:discover_packages(ignore) using defaults
[0.302s] Level 1:colcon.colcon_core.package_discovery:discover_packages(path) discover
[0.303s] Level 1:colcon.colcon_core.package_discovery:discover_packages(path) using defaults
[0.320s] Level 1:colcon.colcon_core.package_discovery:discover_packages(prefix_path) check parameters
[0.320s] Level 1:colcon.colcon_core.package_discovery:discover_packages(prefix_path) discover
[0.323s] DEBUG:colcon.colcon_installed_package_information.package_discovery:Found 20 installed packages in /home/dlee/ros2_ws/install
[0.324s] DEBUG:colcon.colcon_installed_package_information.package_discovery:Found 288 installed packages in /opt/ros/humble
[0.326s] Level 1:colcon.colcon_core.package_discovery:discover_packages(prefix_path) using defaults
[0.359s] Level 5:colcon.colcon_core.verb:set package 'crazyflie_interfaces' build argument 'cmake_args' from command line to 'None'
[0.359s] Level 5:colcon.colcon_core.verb:set package 'crazyflie_interfaces' build argument 'cmake_target' from command line to 'None'
[0.359s] Level 5:colcon.colcon_core.verb:set package 'crazyflie_interfaces' build argument 'cmake_target_skip_unavailable' from command line to 'False'
[0.359s] Level 5:colcon.colcon_core.verb:set package 'crazyflie_interfaces' build argument 'cmake_clean_cache' from command line to 'False'
[0.359s] Level 5:colcon.colcon_core.verb:set package 'crazyflie_interfaces' build argument 'cmake_clean_first' from command line to 'False'
[0.359s] Level 5:colcon.colcon_core.verb:set package 'crazyflie_interfaces' build argument 'cmake_force_configure' from command line to 'False'
[0.359s] Level 5:colcon.colcon_core.verb:set package 'crazyflie_interfaces' build argument 'ament_cmake_args' from command line to 'None'
[0.359s] Level 5:colcon.colcon_core.verb:set package 'crazyflie_interfaces' build argument 'catkin_cmake_args' from command line to 'None'
[0.359s] Level 5:colcon.colcon_core.verb:set package 'crazyflie_interfaces' build argument 'catkin_skip_building_tests' from command line to 'False'
[0.359s] DEBUG:colcon.colcon_core.verb:Building package 'crazyflie_interfaces' with the following arguments: {'ament_cmake_args': None, 'build_base': '/home/dlee/ros2_ws/src/sar_experiment/build/crazyflie_interfaces', 'catkin_cmake_args': None, 'catkin_skip_building_tests': False, 'cmake_args': None, 'cmake_clean_cache': False, 'cmake_clean_first': False, 'cmake_force_configure': False, 'cmake_target': None, 'cmake_target_skip_unavailable': False, 'install_base': '/home/dlee/ros2_ws/src/sar_experiment/install/crazyflie_interfaces', 'merge_install': False, 'path': '/home/dlee/ros2_ws/src/sar_experiment/crazyswarm2/crazyflie_interfaces', 'symlink_install': False, 'test_result_base': None}
[0.360s] Level 5:colcon.colcon_core.verb:set package 'motion_capture_tracking_interfaces' build argument 'cmake_args' from command line to 'None'
[0.360s] Level 5:colcon.colcon_core.verb:set package 'motion_capture_tracking_interfaces' build argument 'cmake_target' from command line to 'None'
[0.360s] Level 5:colcon.colcon_core.verb:set package 'motion_capture_tracking_interfaces' build argument 'cmake_target_skip_unavailable' from command line to 'False'
[0.360s] Level 5:colcon.colcon_core.verb:set package 'motion_capture_tracking_interfaces' build argument 'cmake_clean_cache' from command line to 'False'
[0.360s] Level 5:colcon.colcon_core.verb:set package 'motion_capture_tracking_interfaces' build argument 'cmake_clean_first' from command line to 'False'
[0.360s] Level 5:colcon.colcon_core.verb:set package 'motion_capture_tracking_interfaces' build argument 'cmake_force_configure' from command line to 'False'
[0.360s] Level 5:colcon.colcon_core.verb:set package 'motion_capture_tracking_interfaces' build argument 'ament_cmake_args' from command line to 'None'
[0.360s] Level 5:colcon.colcon_core.verb:set package 'motion_capture_tracking_interfaces' build argument 'catkin_cmake_args' from command line to 'None'
[0.360s] Level 5:colcon.colcon_core.verb:set package 'motion_capture_tracking_interfaces' build argument 'catkin_skip_building_tests' from command line to 'False'
[0.360s] DEBUG:colcon.colcon_core.verb:Building package 'motion_capture_tracking_interfaces' with the following arguments: {'ament_cmake_args': None, 'build_base': '/home/dlee/ros2_ws/src/sar_experiment/build/motion_capture_tracking_interfaces', 'catkin_cmake_args': None, 'catkin_skip_building_tests': False, 'cmake_args': None, 'cmake_clean_cache': False, 'cmake_clean_first': False, 'cmake_force_configure': False, 'cmake_target': None, 'cmake_target_skip_unavailable': False, 'install_base': '/home/dlee/ros2_ws/src/sar_experiment/install/motion_capture_tracking_interfaces', 'merge_install': False, 'path': '/home/dlee/ros2_ws/src/sar_experiment/crazyswarm2/motion_capture_tracking_interfaces', 'symlink_install': False, 'test_result_base': None}
[0.360s] Level 5:colcon.colcon_core.verb:set package 'sar_env_exp' build argument 'cmake_args' from command line to 'None'
[0.360s] Level 5:colcon.colcon_core.verb:set package 'sar_env_exp' build argument 'cmake_target' from command line to 'None'
[0.360s] Level 5:colcon.colcon_core.verb:set package 'sar_env_exp' build argument 'cmake_target_skip_unavailable' from command line to 'False'
[0.360s] Level 5:colcon.colcon_core.verb:set package 'sar_env_exp' build argument 'cmake_clean_cache' from command line to 'False'
[0.360s] Level 5:colcon.colcon_core.verb:set package 'sar_env_exp' build argument 'cmake_clean_first' from command line to 'False'
[0.360s] Level 5:colcon.colcon_core.verb:set package 'sar_env_exp' build argument 'cmake_force_configure' from command line to 'False'
[0.360s] Level 5:colcon.colcon_core.verb:set package 'sar_env_exp' build argument 'ament_cmake_args' from command line to 'None'
[0.360s] Level 5:colcon.colcon_core.verb:set package 'sar_env_exp' build argument 'catkin_cmake_args' from command line to 'None'
[0.360s] Level 5:colcon.colcon_core.verb:set package 'sar_env_exp' build argument 'catkin_skip_building_tests' from command line to 'False'
[0.360s] DEBUG:colcon.colcon_core.verb:Building package 'sar_env_exp' with the following arguments: {'ament_cmake_args': None, 'build_base': '/home/dlee/ros2_ws/src/sar_experiment/build/sar_env_exp', 'catkin_cmake_args': None, 'catkin_skip_building_tests': False, 'cmake_args': None, 'cmake_clean_cache': False, 'cmake_clean_first': False, 'cmake_force_configure': False, 'cmake_target': None, 'cmake_target_skip_unavailable': False, 'install_base': '/home/dlee/ros2_ws/src/sar_experiment/install/sar_env_exp', 'merge_install': False, 'path': '/home/dlee/ros2_ws/src/sar_experiment/sar_env_exp', 'symlink_install': False, 'test_result_base': None}
[0.361s] Level 5:colcon.colcon_core.verb:set package 'sar_logging_exp' build argument 'cmake_args' from command line to 'None'
[0.361s] Level 5:colcon.colcon_core.verb:set package 'sar_logging_exp' build argument 'cmake_target' from command line to 'None'
[0.361s] Level 5:colcon.colcon_core.verb:set package 'sar_logging_exp' build argument 'cmake_target_skip_unavailable' from command line to 'False'
[0.361s] Level 5:colcon.colcon_core.verb:set package 'sar_logging_exp' build argument 'cmake_clean_cache' from command line to 'False'
[0.361s] Level 5:colcon.colcon_core.verb:set package 'sar_logging_exp' build argument 'cmake_clean_first' from command line to 'False'
[0.361s] Level 5:colcon.colcon_core.verb:set package 'sar_logging_exp' build argument 'cmake_force_configure' from command line to 'False'
[0.361s] Level 5:colcon.colcon_core.verb:set package 'sar_logging_exp' build argument 'ament_cmake_args' from command line to 'None'
[0.361s] Level 5:colcon.colcon_core.verb:set package 'sar_logging_exp' build argument 'catkin_cmake_args' from command line to 'None'
[0.361s] Level 5:colcon.colcon_core.verb:set package 'sar_logging_exp' build argument 'catkin_skip_building_tests' from command line to 'False'
[0.361s] DEBUG:colcon.colcon_core.verb:Building package 'sar_logging_exp' with the following arguments: {'ament_cmake_args': None, 'build_base': '/home/dlee/ros2_ws/src/sar_experiment/build/sar_logging_exp', 'catkin_cmake_args': None, 'catkin_skip_building_tests': False, 'cmake_args': None, 'cmake_clean_cache': False, 'cmake_clean_first': False, 'cmake_force_configure': False, 'cmake_target': None, 'cmake_target_skip_unavailable': False, 'install_base': '/home/dlee/ros2_ws/src/sar_experiment/install/sar_logging_exp', 'merge_install': False, 'path': '/home/dlee/ros2_ws/src/sar_experiment/sar_logging_exp', 'symlink_install': False, 'test_result_base': None}
[0.361s] Level 5:colcon.colcon_core.verb:set package 'crazyflie' build argument 'cmake_args' from command line to 'None'
[0.361s] Level 5:colcon.colcon_core.verb:set package 'crazyflie' build argument 'cmake_target' from command line to 'None'
[0.361s] Level 5:colcon.colcon_core.verb:set package 'crazyflie' build argument 'cmake_target_skip_unavailable' from command line to 'False'
[0.361s] Level 5:colcon.colcon_core.verb:set package 'crazyflie' build argument 'cmake_clean_cache' from command line to 'False'
[0.361s] Level 5:colcon.colcon_core.verb:set package 'crazyflie' build argument 'cmake_clean_first' from command line to 'False'
[0.361s] Level 5:colcon.colcon_core.verb:set package 'crazyflie' build argument 'cmake_force_configure' from command line to 'False'
[0.361s] Level 5:colcon.colcon_core.verb:set package 'crazyflie' build argument 'ament_cmake_args' from command line to 'None'
[0.361s] Level 5:colcon.colcon_core.verb:set package 'crazyflie' build argument 'catkin_cmake_args' from command line to 'None'
[0.361s] Level 5:colcon.colcon_core.verb:set package 'crazyflie' build argument 'catkin_skip_building_tests' from command line to 'False'
[0.361s] DEBUG:colcon.colcon_core.verb:Building package 'crazyflie' with the following arguments: {'ament_cmake_args': None, 'build_base': '/home/dlee/ros2_ws/src/sar_experiment/build/crazyflie', 'catkin_cmake_args': None, 'catkin_skip_building_tests': False, 'cmake_args': None, 'cmake_clean_cache': False, 'cmake_clean_first': False, 'cmake_force_configure': False, 'cmake_target': None, 'cmake_target_skip_unavailable': False, 'install_base': '/home/dlee/ros2_ws/src/sar_experiment/install/crazyflie', 'merge_install': False, 'path': '/home/dlee/ros2_ws/src/sar_experiment/crazyswarm2/crazyflie', 'symlink_install': False, 'test_result_base': None}
[0.362s] Level 5:colcon.colcon_core.verb:set package 'crazyflie_py' build argument 'cmake_args' from command line to 'None'
[0.362s] Level 5:colcon.colcon_core.verb:set package 'crazyflie_py' build argument 'cmake_target' from command line to 'None'
[0.362s] Level 5:colcon.colcon_core.verb:set package 'crazyflie_py' build argument 'cmake_target_skip_unavailable' from command line to 'False'
[0.362s] Level 5:colcon.colcon_core.verb:set package 'crazyflie_py' build argument 'cmake_clean_cache' from command line to 'False'
[0.362s] Level 5:colcon.colcon_core.verb:set package 'crazyflie_py' build argument 'cmake_clean_first' from command line to 'False'
[0.362s] Level 5:colcon.colcon_core.verb:set package 'crazyflie_py' build argument 'cmake_force_configure' from command line to 'False'
[0.362s] Level 5:colcon.colcon_core.verb:set package 'crazyflie_py' build argument 'ament_cmake_args' from command line to 'None'
[0.362s] Level 5:colcon.colcon_core.verb:set package 'crazyflie_py' build argument 'catkin_cmake_args' from command line to 'None'
[0.362s] Level 5:colcon.colcon_core.verb:set package 'crazyflie_py' build argument 'catkin_skip_building_tests' from command line to 'False'
[0.362s] DEBUG:colcon.colcon_core.verb:Building package 'crazyflie_py' with the following arguments: {'ament_cmake_args': None, 'build_base': '/home/dlee/ros2_ws/src/sar_experiment/build/crazyflie_py', 'catkin_cmake_args': None, 'catkin_skip_building_tests': False, 'cmake_args': None, 'cmake_clean_cache': False, 'cmake_clean_first': False, 'cmake_force_configure': False, 'cmake_target': None, 'cmake_target_skip_unavailable': False, 'install_base': '/home/dlee/ros2_ws/src/sar_experiment/install/crazyflie_py', 'merge_install': False, 'path': '/home/dlee/ros2_ws/src/sar_experiment/crazyswarm2/crazyflie_py', 'symlink_install': False, 'test_result_base': None}
[0.362s] Level 5:colcon.colcon_core.verb:set package 'crazyflie_sim' build argument 'cmake_args' from command line to 'None'
[0.362s] Level 5:colcon.colcon_core.verb:set package 'crazyflie_sim' build argument 'cmake_target' from command line to 'None'
[0.362s] Level 5:colcon.colcon_core.verb:set package 'crazyflie_sim' build argument 'cmake_target_skip_unavailable' from command line to 'False'
[0.362s] Level 5:colcon.colcon_core.verb:set package 'crazyflie_sim' build argument 'cmake_clean_cache' from command line to 'False'
[0.362s] Level 5:colcon.colcon_core.verb:set package 'crazyflie_sim' build argument 'cmake_clean_first' from command line to 'False'
[0.362s] Level 5:colcon.colcon_core.verb:set package 'crazyflie_sim' build argument 'cmake_force_configure' from command line to 'False'
[0.362s] Level 5:colcon.colcon_core.verb:set package 'crazyflie_sim' build argument 'ament_cmake_args' from command line to 'None'
[0.362s] Level 5:colcon.colcon_core.verb:set package 'crazyflie_sim' build argument 'catkin_cmake_args' from command line to 'None'
[0.362s] Level 5:colcon.colcon_core.verb:set package 'crazyflie_sim' build argument 'catkin_skip_building_tests' from command line to 'False'
[0.362s] DEBUG:colcon.colcon_core.verb:Building package 'crazyflie_sim' with the following arguments: {'ament_cmake_args': None, 'build_base': '/home/dlee/ros2_ws/src/sar_experiment/build/crazyflie_sim', 'catkin_cmake_args': None, 'catkin_skip_building_tests': False, 'cmake_args': None, 'cmake_clean_cache': False, 'cmake_clean_first': False, 'cmake_force_configure': False, 'cmake_target': None, 'cmake_target_skip_unavailable': False, 'install_base': '/home/dlee/ros2_ws/src/sar_experiment/install/crazyflie_sim', 'merge_install': False, 'path': '/home/dlee/ros2_ws/src/sar_experiment/crazyswarm2/crazyflie_sim', 'symlink_install': False, 'test_result_base': None}
[0.362s] Level 5:colcon.colcon_core.verb:set package 'motion_capture_tracking' build argument 'cmake_args' from command line to 'None'
[0.362s] Level 5:colcon.colcon_core.verb:set package 'motion_capture_tracking' build argument 'cmake_target' from command line to 'None'
[0.362s] Level 5:colcon.colcon_core.verb:set package 'motion_capture_tracking' build argument 'cmake_target_skip_unavailable' from command line to 'False'
[0.362s] Level 5:colcon.colcon_core.verb:set package 'motion_capture_tracking' build argument 'cmake_clean_cache' from command line to 'False'
[0.363s] Level 5:colcon.colcon_core.verb:set package 'motion_capture_tracking' build argument 'cmake_clean_first' from command line to 'False'
[0.363s] Level 5:colcon.colcon_core.verb:set package 'motion_capture_tracking' build argument 'cmake_force_configure' from command line to 'False'
[0.363s] Level 5:colcon.colcon_core.verb:set package 'motion_capture_tracking' build argument 'ament_cmake_args' from command line to 'None'
[0.363s] Level 5:colcon.colcon_core.verb:set package 'motion_capture_tracking' build argument 'catkin_cmake_args' from command line to 'None'
[0.363s] Level 5:colcon.colcon_core.verb:set package 'motion_capture_tracking' build argument 'catkin_skip_building_tests' from command line to 'False'
[0.363s] DEBUG:colcon.colcon_core.verb:Building package 'motion_capture_tracking' with the following arguments: {'ament_cmake_args': None, 'build_base': '/home/dlee/ros2_ws/src/sar_experiment/build/motion_capture_tracking', 'catkin_cmake_args': None, 'catkin_skip_building_tests': False, 'cmake_args': None, 'cmake_clean_cache': False, 'cmake_clean_first': False, 'cmake_force_configure': False, 'cmake_target': None, 'cmake_target_skip_unavailable': False, 'install_base': '/home/dlee/ros2_ws/src/sar_experiment/install/motion_capture_tracking', 'merge_install': False, 'path': '/home/dlee/ros2_ws/src/sar_experiment/crazyswarm2/motion_capture_tracking', 'symlink_install': False, 'test_result_base': None}
[0.363s] Level 5:colcon.colcon_core.verb:set package 'crazyflie_examples' build argument 'cmake_args' from command line to 'None'
[0.363s] Level 5:colcon.colcon_core.verb:set package 'crazyflie_examples' build argument 'cmake_target' from command line to 'None'
[0.363s] Level 5:colcon.colcon_core.verb:set package 'crazyflie_examples' build argument 'cmake_target_skip_unavailable' from command line to 'False'
[0.363s] Level 5:colcon.colcon_core.verb:set package 'crazyflie_examples' build argument 'cmake_clean_cache' from command line to 'False'
[0.363s] Level 5:colcon.colcon_core.verb:set package 'crazyflie_examples' build argument 'cmake_clean_first' from command line to 'False'
[0.363s] Level 5:colcon.colcon_core.verb:set package 'crazyflie_examples' build argument 'cmake_force_configure' from command line to 'False'
[0.363s] Level 5:colcon.colcon_core.verb:set package 'crazyflie_examples' build argument 'ament_cmake_args' from command line to 'None'
[0.363s] Level 5:colcon.colcon_core.verb:set package 'crazyflie_examples' build argument 'catkin_cmake_args' from command line to 'None'
[0.363s] Level 5:colcon.colcon_core.verb:set package 'crazyflie_examples' build argument 'catkin_skip_building_tests' from command line to 'False'
[0.363s] DEBUG:colcon.colcon_core.verb:Building package 'crazyflie_examples' with the following arguments: {'ament_cmake_args': None, 'build_base': '/home/dlee/ros2_ws/src/sar_experiment/build/crazyflie_examples', 'catkin_cmake_args': None, 'catkin_skip_building_tests': False, 'cmake_args': None, 'cmake_clean_cache': False, 'cmake_clean_first': False, 'cmake_force_configure': False, 'cmake_target': None, 'cmake_target_skip_unavailable': False, 'install_base': '/home/dlee/ros2_ws/src/sar_experiment/install/crazyflie_examples', 'merge_install': False, 'path': '/home/dlee/ros2_ws/src/sar_experiment/crazyswarm2/crazyflie_examples', 'symlink_install': False, 'test_result_base': None}
[0.363s] INFO:colcon.colcon_core.executor:Executing jobs using 'parallel' executor
[0.364s] DEBUG:colcon.colcon_parallel_executor.executor.parallel:run_until_complete
[0.364s] INFO:colcon.colcon_ros.task.ament_cmake.build:Building ROS package in '/home/dlee/ros2_ws/src/sar_experiment/crazyswarm2/crazyflie_interfaces' with build type 'ament_cmake'
[0.364s] INFO:colcon.colcon_cmake.task.cmake.build:Building CMake package in '/home/dlee/ros2_ws/src/sar_experiment/crazyswarm2/crazyflie_interfaces'
[0.366s] INFO:colcon.colcon_core.plugin_system:Skipping extension 'colcon_core.shell.bat': Not used on non-Windows systems
[0.366s] INFO:colcon.colcon_core.shell:Skip shell extension 'powershell' for command environment: Not usable outside of PowerShell
[0.366s] DEBUG:colcon.colcon_core.shell:Skip shell extension 'dsv' for command environment
[0.370s] INFO:colcon.colcon_ros.task.ament_cmake.build:Building ROS package in '/home/dlee/ros2_ws/src/sar_experiment/crazyswarm2/motion_capture_tracking_interfaces' with build type 'ament_cmake'
[0.370s] INFO:colcon.colcon_cmake.task.cmake.build:Building CMake package in '/home/dlee/ros2_ws/src/sar_experiment/crazyswarm2/motion_capture_tracking_interfaces'
[0.371s] INFO:colcon.colcon_core.shell:Skip shell extension 'powershell' for command environment: Not usable outside of PowerShell
[0.371s] DEBUG:colcon.colcon_core.shell:Skip shell extension 'dsv' for command environment
[0.374s] INFO:colcon.colcon_ros.task.ament_cmake.build:Building ROS package in '/home/dlee/ros2_ws/src/sar_experiment/sar_env_exp' with build type 'ament_cmake'
[0.374s] INFO:colcon.colcon_cmake.task.cmake.build:Building CMake package in '/home/dlee/ros2_ws/src/sar_experiment/sar_env_exp'
[0.375s] INFO:colcon.colcon_core.shell:Skip shell extension 'powershell' for command environment: Not usable outside of PowerShell
[0.375s] DEBUG:colcon.colcon_core.shell:Skip shell extension 'dsv' for command environment
[0.378s] INFO:colcon.colcon_ros.task.ament_cmake.build:Building ROS package in '/home/dlee/ros2_ws/src/sar_experiment/sar_logging_exp' with build type 'ament_cmake'
[0.378s] INFO:colcon.colcon_cmake.task.cmake.build:Building CMake package in '/home/dlee/ros2_ws/src/sar_experiment/sar_logging_exp'
[0.378s] INFO:colcon.colcon_core.shell:Skip shell extension 'powershell' for command environment: Not usable outside of PowerShell
[0.378s] DEBUG:colcon.colcon_core.shell:Skip shell extension 'dsv' for command environment
[0.386s] DEBUG:colcon.colcon_core.event_handler.log_command:Invoking command in '/home/dlee/ros2_ws/src/sar_experiment/build/crazyflie_interfaces': CMAKE_PREFIX_PATH=${CMAKE_PREFIX_PATH}:/home/dlee/ros2_ws/install/crazyflie_py:/opt/ros/humble /usr/bin/cmake --build /home/dlee/ros2_ws/src/sar_experiment/build/crazyflie_interfaces -- -j24 -l24
[0.388s] DEBUG:colcon.colcon_core.event_handler.log_command:Invoking command in '/home/dlee/ros2_ws/src/sar_experiment/build/motion_capture_tracking_interfaces': CMAKE_PREFIX_PATH=${CMAKE_PREFIX_PATH}:/home/dlee/ros2_ws/install/crazyflie_py:/opt/ros/humble /usr/bin/cmake --build /home/dlee/ros2_ws/src/sar_experiment/build/motion_capture_tracking_interfaces -- -j24 -l24
[0.391s] DEBUG:colcon.colcon_core.event_handler.log_command:Invoking command in '/home/dlee/ros2_ws/src/sar_experiment/build/sar_env_exp': CMAKE_PREFIX_PATH=${CMAKE_PREFIX_PATH}:/home/dlee/ros2_ws/install/crazyflie_py:/opt/ros/humble /usr/bin/cmake --build /home/dlee/ros2_ws/src/sar_experiment/build/sar_env_exp -- -j24 -l24
[0.394s] DEBUG:colcon.colcon_core.event_handler.log_command:Invoking command in '/home/dlee/ros2_ws/src/sar_experiment/build/sar_logging_exp': CMAKE_PREFIX_PATH=${CMAKE_PREFIX_PATH}:/home/dlee/ros2_ws/install/crazyflie_py:/opt/ros/humble /usr/bin/cmake --build /home/dlee/ros2_ws/src/sar_experiment/build/sar_logging_exp -- -j24 -l24
[0.432s] DEBUG:colcon.colcon_core.event_handler.log_command:Invoked command in '/home/dlee/ros2_ws/src/sar_experiment/build/sar_logging_exp' returned '0': CMAKE_PREFIX_PATH=${CMAKE_PREFIX_PATH}:/home/dlee/ros2_ws/install/crazyflie_py:/opt/ros/humble /usr/bin/cmake --build /home/dlee/ros2_ws/src/sar_experiment/build/sar_logging_exp -- -j24 -l24
[0.442s] DEBUG:colcon.colcon_core.event_handler.log_command:Invoking command in '/home/dlee/ros2_ws/src/sar_experiment/build/sar_logging_exp': CMAKE_PREFIX_PATH=${CMAKE_PREFIX_PATH}:/home/dlee/ros2_ws/install/crazyflie_py:/opt/ros/humble /usr/bin/cmake --install /home/dlee/ros2_ws/src/sar_experiment/build/sar_logging_exp
[0.443s] DEBUG:colcon.colcon_core.event_handler.log_command:Invoked command in '/home/dlee/ros2_ws/src/sar_experiment/build/sar_env_exp' returned '0': CMAKE_PREFIX_PATH=${CMAKE_PREFIX_PATH}:/home/dlee/ros2_ws/install/crazyflie_py:/opt/ros/humble /usr/bin/cmake --build /home/dlee/ros2_ws/src/sar_experiment/build/sar_env_exp -- -j24 -l24
[0.444s] DEBUG:colcon.colcon_core.event_handler.log_command:Invoking command in '/home/dlee/ros2_ws/src/sar_experiment/build/sar_env_exp': CMAKE_PREFIX_PATH=${CMAKE_PREFIX_PATH}:/home/dlee/ros2_ws/install/crazyflie_py:/opt/ros/humble /usr/bin/cmake --install /home/dlee/ros2_ws/src/sar_experiment/build/sar_env_exp
[0.451s] Level 1:colcon.colcon_core.environment:create_environment_scripts_only(sar_logging_exp)
[0.452s] DEBUG:colcon.colcon_core.event_handler.log_command:Invoked command in '/home/dlee/ros2_ws/src/sar_experiment/build/sar_logging_exp' returned '0': CMAKE_PREFIX_PATH=${CMAKE_PREFIX_PATH}:/home/dlee/ros2_ws/install/crazyflie_py:/opt/ros/humble /usr/bin/cmake --install /home/dlee/ros2_ws/src/sar_experiment/build/sar_logging_exp
[0.456s] Level 1:colcon.colcon_core.environment:checking '/home/dlee/ros2_ws/src/sar_experiment/install/sar_logging_exp' for CMake module files
[0.457s] Level 1:colcon.colcon_core.environment:checking '/home/dlee/ros2_ws/src/sar_experiment/install/sar_logging_exp' for CMake config files
[0.457s] Level 1:colcon.colcon_core.shell:create_environment_hook('sar_logging_exp', 'cmake_prefix_path')
[0.458s] INFO:colcon.colcon_core.shell:Creating environment hook '/home/dlee/ros2_ws/src/sar_experiment/install/sar_logging_exp/share/sar_logging_exp/hook/cmake_prefix_path.ps1'
[0.458s] INFO:colcon.colcon_core.shell:Creating environment descriptor '/home/dlee/ros2_ws/src/sar_experiment/install/sar_logging_exp/share/sar_logging_exp/hook/cmake_prefix_path.dsv'
[0.459s] INFO:colcon.colcon_core.shell:Creating environment hook '/home/dlee/ros2_ws/src/sar_experiment/install/sar_logging_exp/share/sar_logging_exp/hook/cmake_prefix_path.sh'
[0.460s] Level 1:colcon.colcon_core.environment:checking '/home/dlee/ros2_ws/src/sar_experiment/install/sar_logging_exp/bin'
[0.460s] Level 1:colcon.colcon_core.environment:checking '/home/dlee/ros2_ws/src/sar_experiment/install/sar_logging_exp/lib/pkgconfig/sar_logging_exp.pc'
[0.460s] Level 1:colcon.colcon_core.environment:checking '/home/dlee/ros2_ws/src/sar_experiment/install/sar_logging_exp/lib/python3.10/site-packages'
[0.461s] Level 1:colcon.colcon_core.environment:checking '/home/dlee/ros2_ws/src/sar_experiment/install/sar_logging_exp/bin'
[0.461s] INFO:colcon.colcon_core.shell:Creating package script '/home/dlee/ros2_ws/src/sar_experiment/install/sar_logging_exp/share/sar_logging_exp/package.ps1'
[0.462s] INFO:colcon.colcon_core.shell:Creating package descriptor '/home/dlee/ros2_ws/src/sar_experiment/install/sar_logging_exp/share/sar_logging_exp/package.dsv'
[0.463s] INFO:colcon.colcon_core.shell:Creating package script '/home/dlee/ros2_ws/src/sar_experiment/install/sar_logging_exp/share/sar_logging_exp/package.sh'
[0.465s] INFO:colcon.colcon_core.shell:Creating package script '/home/dlee/ros2_ws/src/sar_experiment/install/sar_logging_exp/share/sar_logging_exp/package.bash'
[0.465s] INFO:colcon.colcon_core.shell:Creating package script '/home/dlee/ros2_ws/src/sar_experiment/install/sar_logging_exp/share/sar_logging_exp/package.zsh'
[0.466s] Level 1:colcon.colcon_core.environment:create_file_with_runtime_dependencies(/home/dlee/ros2_ws/src/sar_experiment/install/sar_logging_exp/share/colcon-core/packages/sar_logging_exp)
[0.467s] Level 1:colcon.colcon_core.environment:create_environment_scripts_only(sar_logging_exp)
[0.467s] Level 1:colcon.colcon_core.environment:checking '/home/dlee/ros2_ws/src/sar_experiment/install/sar_logging_exp' for CMake module files
[0.468s] Level 1:colcon.colcon_core.environment:checking '/home/dlee/ros2_ws/src/sar_experiment/install/sar_logging_exp' for CMake config files
[0.468s] Level 1:colcon.colcon_core.shell:create_environment_hook('sar_logging_exp', 'cmake_prefix_path')
[0.468s] INFO:colcon.colcon_core.shell:Creating environment hook '/home/dlee/ros2_ws/src/sar_experiment/install/sar_logging_exp/share/sar_logging_exp/hook/cmake_prefix_path.ps1'
[0.469s] INFO:colcon.colcon_core.shell:Creating environment descriptor '/home/dlee/ros2_ws/src/sar_experiment/install/sar_logging_exp/share/sar_logging_exp/hook/cmake_prefix_path.dsv'
[0.469s] INFO:colcon.colcon_core.shell:Creating environment hook '/home/dlee/ros2_ws/src/sar_experiment/install/sar_logging_exp/share/sar_logging_exp/hook/cmake_prefix_path.sh'
[0.470s] Level 1:colcon.colcon_core.environment:checking '/home/dlee/ros2_ws/src/sar_experiment/install/sar_logging_exp/bin'
[0.470s] Level 1:colcon.colcon_core.environment:checking '/home/dlee/ros2_ws/src/sar_experiment/install/sar_logging_exp/lib/pkgconfig/sar_logging_exp.pc'
[0.470s] Level 1:colcon.colcon_core.environment:checking '/home/dlee/ros2_ws/src/sar_experiment/install/sar_logging_exp/lib/python3.10/site-packages'
[0.470s] Level 1:colcon.colcon_core.environment:checking '/home/dlee/ros2_ws/src/sar_experiment/install/sar_logging_exp/bin'
[0.471s] INFO:colcon.colcon_core.shell:Creating package script '/home/dlee/ros2_ws/src/sar_experiment/install/sar_logging_exp/share/sar_logging_exp/package.ps1'
[0.471s] INFO:colcon.colcon_core.shell:Creating package descriptor '/home/dlee/ros2_ws/src/sar_experiment/install/sar_logging_exp/share/sar_logging_exp/package.dsv'
[0.472s] INFO:colcon.colcon_core.shell:Creating package script '/home/dlee/ros2_ws/src/sar_experiment/install/sar_logging_exp/share/sar_logging_exp/package.sh'
[0.472s] INFO:colcon.colcon_core.shell:Creating package script '/home/dlee/ros2_ws/src/sar_experiment/install/sar_logging_exp/share/sar_logging_exp/package.bash'
[0.472s] INFO:colcon.colcon_core.shell:Creating package script '/home/dlee/ros2_ws/src/sar_experiment/install/sar_logging_exp/share/sar_logging_exp/package.zsh'
[0.473s] Level 1:colcon.colcon_core.environment:create_file_with_runtime_dependencies(/home/dlee/ros2_ws/src/sar_experiment/install/sar_logging_exp/share/colcon-core/packages/sar_logging_exp)
[0.474s] Level 1:colcon.colcon_core.environment:create_environment_scripts_only(sar_env_exp)
[0.474s] Level 1:colcon.colcon_core.environment:checking '/home/dlee/ros2_ws/src/sar_experiment/install/sar_env_exp' for CMake module files
[0.474s] DEBUG:colcon.colcon_core.event_handler.log_command:Invoked command in '/home/dlee/ros2_ws/src/sar_experiment/build/sar_env_exp' returned '0': CMAKE_PREFIX_PATH=${CMAKE_PREFIX_PATH}:/home/dlee/ros2_ws/install/crazyflie_py:/opt/ros/humble /usr/bin/cmake --install /home/dlee/ros2_ws/src/sar_experiment/build/sar_env_exp
[0.475s] Level 1:colcon.colcon_core.environment:checking '/home/dlee/ros2_ws/src/sar_experiment/install/sar_env_exp' for CMake config files
[0.475s] Level 1:colcon.colcon_core.shell:create_environment_hook('sar_env_exp', 'cmake_prefix_path')
[0.475s] INFO:colcon.colcon_core.shell:Creating environment hook '/home/dlee/ros2_ws/src/sar_experiment/install/sar_env_exp/share/sar_env_exp/hook/cmake_prefix_path.ps1'
[0.476s] INFO:colcon.colcon_core.shell:Creating environment descriptor '/home/dlee/ros2_ws/src/sar_experiment/install/sar_env_exp/share/sar_env_exp/hook/cmake_prefix_path.dsv'
[0.476s] INFO:colcon.colcon_core.shell:Creating environment hook '/home/dlee/ros2_ws/src/sar_experiment/install/sar_env_exp/share/sar_env_exp/hook/cmake_prefix_path.sh'
[0.477s] Level 1:colcon.colcon_core.environment:checking '/home/dlee/ros2_ws/src/sar_experiment/install/sar_env_exp/bin'
[0.477s] Level 1:colcon.colcon_core.environment:checking '/home/dlee/ros2_ws/src/sar_experiment/install/sar_env_exp/lib/pkgconfig/sar_env_exp.pc'
[0.477s] Level 1:colcon.colcon_core.environment:checking '/home/dlee/ros2_ws/src/sar_experiment/install/sar_env_exp/lib/python3.10/site-packages'
[0.477s] Level 1:colcon.colcon_core.environment:checking '/home/dlee/ros2_ws/src/sar_experiment/install/sar_env_exp/bin'
[0.477s] INFO:colcon.colcon_core.shell:Creating package script '/home/dlee/ros2_ws/src/sar_experiment/install/sar_env_exp/share/sar_env_exp/package.ps1'
[0.478s] INFO:colcon.colcon_core.shell:Creating package descriptor '/home/dlee/ros2_ws/src/sar_experiment/install/sar_env_exp/share/sar_env_exp/package.dsv'
[0.479s] INFO:colcon.colcon_core.shell:Creating package script '/home/dlee/ros2_ws/src/sar_experiment/install/sar_env_exp/share/sar_env_exp/package.sh'
[0.479s] INFO:colcon.colcon_core.shell:Creating package script '/home/dlee/ros2_ws/src/sar_experiment/install/sar_env_exp/share/sar_env_exp/package.bash'
[0.480s] INFO:colcon.colcon_core.shell:Creating package script '/home/dlee/ros2_ws/src/sar_experiment/install/sar_env_exp/share/sar_env_exp/package.zsh'
[0.480s] Level 1:colcon.colcon_core.environment:create_file_with_runtime_dependencies(/home/dlee/ros2_ws/src/sar_experiment/install/sar_env_exp/share/colcon-core/packages/sar_env_exp)
[0.481s] Level 1:colcon.colcon_core.environment:create_environment_scripts_only(sar_env_exp)
[0.481s] Level 1:colcon.colcon_core.environment:checking '/home/dlee/ros2_ws/src/sar_experiment/install/sar_env_exp' for CMake module files
[0.482s] Level 1:colcon.colcon_core.environment:checking '/home/dlee/ros2_ws/src/sar_experiment/install/sar_env_exp' for CMake config files
[0.482s] Level 1:colcon.colcon_core.shell:create_environment_hook('sar_env_exp', 'cmake_prefix_path')
[0.482s] INFO:colcon.colcon_core.shell:Creating environment hook '/home/dlee/ros2_ws/src/sar_experiment/install/sar_env_exp/share/sar_env_exp/hook/cmake_prefix_path.ps1'
[0.483s] INFO:colcon.colcon_core.shell:Creating environment descriptor '/home/dlee/ros2_ws/src/sar_experiment/install/sar_env_exp/share/sar_env_exp/hook/cmake_prefix_path.dsv'
[0.483s] INFO:colcon.colcon_core.shell:Creating environment hook '/home/dlee/ros2_ws/src/sar_experiment/install/sar_env_exp/share/sar_env_exp/hook/cmake_prefix_path.sh'
[0.484s] Level 1:colcon.colcon_core.environment:checking '/home/dlee/ros2_ws/src/sar_experiment/install/sar_env_exp/bin'
[0.484s] Level 1:colcon.colcon_core.environment:checking '/home/dlee/ros2_ws/src/sar_experiment/install/sar_env_exp/lib/pkgconfig/sar_env_exp.pc'
[0.484s] Level 1:colcon.colcon_core.environment:checking '/home/dlee/ros2_ws/src/sar_experiment/install/sar_env_exp/lib/python3.10/site-packages'
[0.484s] Level 1:colcon.colcon_core.environment:checking '/home/dlee/ros2_ws/src/sar_experiment/install/sar_env_exp/bin'
[0.485s] INFO:colcon.colcon_core.shell:Creating package script '/home/dlee/ros2_ws/src/sar_experiment/install/sar_env_exp/share/sar_env_exp/package.ps1'
[0.485s] INFO:colcon.colcon_core.shell:Creating package descriptor '/home/dlee/ros2_ws/src/sar_experiment/install/sar_env_exp/share/sar_env_exp/package.dsv'
[0.486s] INFO:colcon.colcon_core.shell:Creating package script '/home/dlee/ros2_ws/src/sar_experiment/install/sar_env_exp/share/sar_env_exp/package.sh'
[0.486s] INFO:colcon.colcon_core.shell:Creating package script '/home/dlee/ros2_ws/src/sar_experiment/install/sar_env_exp/share/sar_env_exp/package.bash'
[0.487s] INFO:colcon.colcon_core.shell:Creating package script '/home/dlee/ros2_ws/src/sar_experiment/install/sar_env_exp/share/sar_env_exp/package.zsh'
[0.487s] Level 1:colcon.colcon_core.environment:create_file_with_runtime_dependencies(/home/dlee/ros2_ws/src/sar_experiment/install/sar_env_exp/share/colcon-core/packages/sar_env_exp)
[0.778s] DEBUG:colcon.colcon_core.event_handler.log_command:Invoked command in '/home/dlee/ros2_ws/src/sar_experiment/build/crazyflie_interfaces' returned '0': CMAKE_PREFIX_PATH=${CMAKE_PREFIX_PATH}:/home/dlee/ros2_ws/install/crazyflie_py:/opt/ros/humble /usr/bin/cmake --build /home/dlee/ros2_ws/src/sar_experiment/build/crazyflie_interfaces -- -j24 -l24
[0.780s] DEBUG:colcon.colcon_core.event_handler.log_command:Invoking command in '/home/dlee/ros2_ws/src/sar_experiment/build/crazyflie_interfaces': CMAKE_PREFIX_PATH=${CMAKE_PREFIX_PATH}:/home/dlee/ros2_ws/install/crazyflie_py:/opt/ros/humble /usr/bin/cmake --install /home/dlee/ros2_ws/src/sar_experiment/build/crazyflie_interfaces
[0.781s] DEBUG:colcon.colcon_core.event_handler.log_command:Invoked command in '/home/dlee/ros2_ws/src/sar_experiment/build/motion_capture_tracking_interfaces' returned '0': CMAKE_PREFIX_PATH=${CMAKE_PREFIX_PATH}:/home/dlee/ros2_ws/install/crazyflie_py:/opt/ros/humble /usr/bin/cmake --build /home/dlee/ros2_ws/src/sar_experiment/build/motion_capture_tracking_interfaces -- -j24 -l24
[0.782s] DEBUG:colcon.colcon_core.event_handler.log_command:Invoking command in '/home/dlee/ros2_ws/src/sar_experiment/build/motion_capture_tracking_interfaces': CMAKE_PREFIX_PATH=${CMAKE_PREFIX_PATH}:/home/dlee/ros2_ws/install/crazyflie_py:/opt/ros/humble /usr/bin/cmake --install /home/dlee/ros2_ws/src/sar_experiment/build/motion_capture_tracking_interfaces
[0.838s] Level 1:colcon.colcon_core.environment:create_environment_scripts_only(motion_capture_tracking_interfaces)
[0.838s] Level 1:colcon.colcon_core.environment:checking '/home/dlee/ros2_ws/src/sar_experiment/install/motion_capture_tracking_interfaces' for CMake module files
[0.843s] Level 1:colcon.colcon_core.environment:checking '/home/dlee/ros2_ws/src/sar_experiment/install/motion_capture_tracking_interfaces' for CMake config files
[0.854s] DEBUG:colcon.colcon_core.event_handler.log_command:Invoked command in '/home/dlee/ros2_ws/src/sar_experiment/build/motion_capture_tracking_interfaces' returned '0': CMAKE_PREFIX_PATH=${CMAKE_PREFIX_PATH}:/home/dlee/ros2_ws/install/crazyflie_py:/opt/ros/humble /usr/bin/cmake --install /home/dlee/ros2_ws/src/sar_experiment/build/motion_capture_tracking_interfaces
[0.863s] Level 1:colcon.colcon_core.shell:create_environment_hook('motion_capture_tracking_interfaces', 'cmake_prefix_path')
[0.863s] INFO:colcon.colcon_core.shell:Creating environment hook '/home/dlee/ros2_ws/src/sar_experiment/install/motion_capture_tracking_interfaces/share/motion_capture_tracking_interfaces/hook/cmake_prefix_path.ps1'
[0.864s] INFO:colcon.colcon_core.shell:Creating environment descriptor '/home/dlee/ros2_ws/src/sar_experiment/install/motion_capture_tracking_interfaces/share/motion_capture_tracking_interfaces/hook/cmake_prefix_path.dsv'
[0.864s] INFO:colcon.colcon_core.shell:Creating environment hook '/home/dlee/ros2_ws/src/sar_experiment/install/motion_capture_tracking_interfaces/share/motion_capture_tracking_interfaces/hook/cmake_prefix_path.sh'
[0.865s] Level 1:colcon.colcon_core.environment:checking '/home/dlee/ros2_ws/src/sar_experiment/install/motion_capture_tracking_interfaces/lib'
[0.865s] Level 1:colcon.colcon_core.shell:create_environment_hook('motion_capture_tracking_interfaces', 'ld_library_path_lib')
[0.865s] INFO:colcon.colcon_core.shell:Creating environment hook '/home/dlee/ros2_ws/src/sar_experiment/install/motion_capture_tracking_interfaces/share/motion_capture_tracking_interfaces/hook/ld_library_path_lib.ps1'
[0.866s] INFO:colcon.colcon_core.shell:Creating environment descriptor '/home/dlee/ros2_ws/src/sar_experiment/install/motion_capture_tracking_interfaces/share/motion_capture_tracking_interfaces/hook/ld_library_path_lib.dsv'
[0.866s] INFO:colcon.colcon_core.shell:Creating environment hook '/home/dlee/ros2_ws/src/sar_experiment/install/motion_capture_tracking_interfaces/share/motion_capture_tracking_interfaces/hook/ld_library_path_lib.sh'
[0.867s] Level 1:colcon.colcon_core.environment:checking '/home/dlee/ros2_ws/src/sar_experiment/install/motion_capture_tracking_interfaces/bin'
[0.867s] Level 1:colcon.colcon_core.environment:checking '/home/dlee/ros2_ws/src/sar_experiment/install/motion_capture_tracking_interfaces/lib/pkgconfig/motion_capture_tracking_interfaces.pc'
[0.867s] Level 1:colcon.colcon_core.environment:checking '/home/dlee/ros2_ws/src/sar_experiment/install/motion_capture_tracking_interfaces/lib/python3.10/site-packages'
[0.867s] Level 1:colcon.colcon_core.environment:checking '/home/dlee/ros2_ws/src/sar_experiment/install/motion_capture_tracking_interfaces/bin'
[0.868s] INFO:colcon.colcon_core.shell:Creating package script '/home/dlee/ros2_ws/src/sar_experiment/install/motion_capture_tracking_interfaces/share/motion_capture_tracking_interfaces/package.ps1'
[0.868s] INFO:colcon.colcon_core.shell:Creating package descriptor '/home/dlee/ros2_ws/src/sar_experiment/install/motion_capture_tracking_interfaces/share/motion_capture_tracking_interfaces/package.dsv'
[0.868s] INFO:colcon.colcon_core.shell:Creating package script '/home/dlee/ros2_ws/src/sar_experiment/install/motion_capture_tracking_interfaces/share/motion_capture_tracking_interfaces/package.sh'
[0.869s] INFO:colcon.colcon_core.shell:Creating package script '/home/dlee/ros2_ws/src/sar_experiment/install/motion_capture_tracking_interfaces/share/motion_capture_tracking_interfaces/package.bash'
[0.869s] INFO:colcon.colcon_core.shell:Creating package script '/home/dlee/ros2_ws/src/sar_experiment/install/motion_capture_tracking_interfaces/share/motion_capture_tracking_interfaces/package.zsh'
[0.870s] Level 1:colcon.colcon_core.environment:create_file_with_runtime_dependencies(/home/dlee/ros2_ws/src/sar_experiment/install/motion_capture_tracking_interfaces/share/colcon-core/packages/motion_capture_tracking_interfaces)
[0.870s] Level 1:colcon.colcon_core.environment:create_environment_scripts_only(motion_capture_tracking_interfaces)
[0.870s] Level 1:colcon.colcon_core.environment:checking '/home/dlee/ros2_ws/src/sar_experiment/install/motion_capture_tracking_interfaces' for CMake module files
[0.871s] Level 1:colcon.colcon_core.environment:checking '/home/dlee/ros2_ws/src/sar_experiment/install/motion_capture_tracking_interfaces' for CMake config files
[0.872s] Level 1:colcon.colcon_core.shell:create_environment_hook('motion_capture_tracking_interfaces', 'cmake_prefix_path')
[0.872s] INFO:colcon.colcon_core.shell:Creating environment hook '/home/dlee/ros2_ws/src/sar_experiment/install/motion_capture_tracking_interfaces/share/motion_capture_tracking_interfaces/hook/cmake_prefix_path.ps1'
[0.873s] INFO:colcon.colcon_core.shell:Creating environment descriptor '/home/dlee/ros2_ws/src/sar_experiment/install/motion_capture_tracking_interfaces/share/motion_capture_tracking_interfaces/hook/cmake_prefix_path.dsv'
[0.873s] INFO:colcon.colcon_core.shell:Creating environment hook '/home/dlee/ros2_ws/src/sar_experiment/install/motion_capture_tracking_interfaces/share/motion_capture_tracking_interfaces/hook/cmake_prefix_path.sh'
[0.873s] Level 1:colcon.colcon_core.environment:checking '/home/dlee/ros2_ws/src/sar_experiment/install/motion_capture_tracking_interfaces/lib'
[0.873s] Level 1:colcon.colcon_core.shell:create_environment_hook('motion_capture_tracking_interfaces', 'ld_library_path_lib')
[0.874s] INFO:colcon.colcon_core.shell:Creating environment hook '/home/dlee/ros2_ws/src/sar_experiment/install/motion_capture_tracking_interfaces/share/motion_capture_tracking_interfaces/hook/ld_library_path_lib.ps1'
[0.874s] INFO:colcon.colcon_core.shell:Creating environment descriptor '/home/dlee/ros2_ws/src/sar_experiment/install/motion_capture_tracking_interfaces/share/motion_capture_tracking_interfaces/hook/ld_library_path_lib.dsv'
[0.874s] INFO:colcon.colcon_core.shell:Creating environment hook '/home/dlee/ros2_ws/src/sar_experiment/install/motion_capture_tracking_interfaces/share/motion_capture_tracking_interfaces/hook/ld_library_path_lib.sh'
[0.875s] Level 1:colcon.colcon_core.environment:checking '/home/dlee/ros2_ws/src/sar_experiment/install/motion_capture_tracking_interfaces/bin'
[0.875s] Level 1:colcon.colcon_core.environment:checking '/home/dlee/ros2_ws/src/sar_experiment/install/motion_capture_tracking_interfaces/lib/pkgconfig/motion_capture_tracking_interfaces.pc'
[0.875s] Level 1:colcon.colcon_core.environment:checking '/home/dlee/ros2_ws/src/sar_experiment/install/motion_capture_tracking_interfaces/lib/python3.10/site-packages'
[0.875s] Level 1:colcon.colcon_core.environment:checking '/home/dlee/ros2_ws/src/sar_experiment/install/motion_capture_tracking_interfaces/bin'
[0.876s] INFO:colcon.colcon_core.shell:Creating package script '/home/dlee/ros2_ws/src/sar_experiment/install/motion_capture_tracking_interfaces/share/motion_capture_tracking_interfaces/package.ps1'
[0.876s] INFO:colcon.colcon_core.shell:Creating package descriptor '/home/dlee/ros2_ws/src/sar_experiment/install/motion_capture_tracking_interfaces/share/motion_capture_tracking_interfaces/package.dsv'
[0.877s] INFO:colcon.colcon_core.shell:Creating package script '/home/dlee/ros2_ws/src/sar_experiment/install/motion_capture_tracking_interfaces/share/motion_capture_tracking_interfaces/package.sh'
[0.877s] INFO:colcon.colcon_core.shell:Creating package script '/home/dlee/ros2_ws/src/sar_experiment/install/motion_capture_tracking_interfaces/share/motion_capture_tracking_interfaces/package.bash'
[0.877s] INFO:colcon.colcon_core.shell:Creating package script '/home/dlee/ros2_ws/src/sar_experiment/install/motion_capture_tracking_interfaces/share/motion_capture_tracking_interfaces/package.zsh'
[0.878s] Level 1:colcon.colcon_core.environment:create_file_with_runtime_dependencies(/home/dlee/ros2_ws/src/sar_experiment/install/motion_capture_tracking_interfaces/share/colcon-core/packages/motion_capture_tracking_interfaces)
[0.878s] INFO:colcon.colcon_ros.task.ament_cmake.build:Building ROS package in '/home/dlee/ros2_ws/src/sar_experiment/crazyswarm2/motion_capture_tracking' with build type 'ament_cmake'
[0.878s] INFO:colcon.colcon_cmake.task.cmake.build:Building CMake package in '/home/dlee/ros2_ws/src/sar_experiment/crazyswarm2/motion_capture_tracking'
[0.879s] INFO:colcon.colcon_core.shell:Skip shell extension 'powershell' for command environment: Not usable outside of PowerShell
[0.879s] DEBUG:colcon.colcon_core.shell:Skip shell extension 'dsv' for command environment
[0.885s] Level 1:colcon.colcon_core.environment:create_environment_scripts_only(crazyflie_interfaces)
[0.885s] Level 1:colcon.colcon_core.environment:checking '/home/dlee/ros2_ws/src/sar_experiment/install/crazyflie_interfaces' for CMake module files
[0.885s] DEBUG:colcon.colcon_core.event_handler.log_command:Invoked command in '/home/dlee/ros2_ws/src/sar_experiment/build/crazyflie_interfaces' returned '0': CMAKE_PREFIX_PATH=${CMAKE_PREFIX_PATH}:/home/dlee/ros2_ws/install/crazyflie_py:/opt/ros/humble /usr/bin/cmake --install /home/dlee/ros2_ws/src/sar_experiment/build/crazyflie_interfaces
[0.886s] Level 1:colcon.colcon_core.environment:checking '/home/dlee/ros2_ws/src/sar_experiment/install/crazyflie_interfaces' for CMake config files
[0.888s] Level 1:colcon.colcon_core.shell:create_environment_hook('crazyflie_interfaces', 'cmake_prefix_path')
[0.889s] INFO:colcon.colcon_core.shell:Creating environment hook '/home/dlee/ros2_ws/src/sar_experiment/install/crazyflie_interfaces/share/crazyflie_interfaces/hook/cmake_prefix_path.ps1'
[0.889s] INFO:colcon.colcon_core.shell:Creating environment descriptor '/home/dlee/ros2_ws/src/sar_experiment/install/crazyflie_interfaces/share/crazyflie_interfaces/hook/cmake_prefix_path.dsv'
[0.889s] INFO:colcon.colcon_core.shell:Creating environment hook '/home/dlee/ros2_ws/src/sar_experiment/install/crazyflie_interfaces/share/crazyflie_interfaces/hook/cmake_prefix_path.sh'
[0.890s] Level 1:colcon.colcon_core.environment:checking '/home/dlee/ros2_ws/src/sar_experiment/install/crazyflie_interfaces/lib'
[0.890s] Level 1:colcon.colcon_core.shell:create_environment_hook('crazyflie_interfaces', 'ld_library_path_lib')
[0.891s] INFO:colcon.colcon_core.shell:Creating environment hook '/home/dlee/ros2_ws/src/sar_experiment/install/crazyflie_interfaces/share/crazyflie_interfaces/hook/ld_library_path_lib.ps1'
[0.891s] INFO:colcon.colcon_core.shell:Creating environment descriptor '/home/dlee/ros2_ws/src/sar_experiment/install/crazyflie_interfaces/share/crazyflie_interfaces/hook/ld_library_path_lib.dsv'
[0.891s] INFO:colcon.colcon_core.shell:Creating environment hook '/home/dlee/ros2_ws/src/sar_experiment/install/crazyflie_interfaces/share/crazyflie_interfaces/hook/ld_library_path_lib.sh'
[0.892s] Level 1:colcon.colcon_core.environment:checking '/home/dlee/ros2_ws/src/sar_experiment/install/crazyflie_interfaces/bin'
[0.892s] Level 1:colcon.colcon_core.environment:checking '/home/dlee/ros2_ws/src/sar_experiment/install/crazyflie_interfaces/lib/pkgconfig/crazyflie_interfaces.pc'
[0.892s] Level 1:colcon.colcon_core.environment:checking '/home/dlee/ros2_ws/src/sar_experiment/install/crazyflie_interfaces/lib/python3.10/site-packages'
[0.893s] Level 1:colcon.colcon_core.environment:checking '/home/dlee/ros2_ws/src/sar_experiment/install/crazyflie_interfaces/bin'
[0.893s] INFO:colcon.colcon_core.shell:Creating package script '/home/dlee/ros2_ws/src/sar_experiment/install/crazyflie_interfaces/share/crazyflie_interfaces/package.ps1'
[0.894s] INFO:colcon.colcon_core.shell:Creating package descriptor '/home/dlee/ros2_ws/src/sar_experiment/install/crazyflie_interfaces/share/crazyflie_interfaces/package.dsv'
[0.894s] INFO:colcon.colcon_core.shell:Creating package script '/home/dlee/ros2_ws/src/sar_experiment/install/crazyflie_interfaces/share/crazyflie_interfaces/package.sh'
[0.895s] INFO:colcon.colcon_core.shell:Creating package script '/home/dlee/ros2_ws/src/sar_experiment/install/crazyflie_interfaces/share/crazyflie_interfaces/package.bash'
[0.895s] INFO:colcon.colcon_core.shell:Creating package script '/home/dlee/ros2_ws/src/sar_experiment/install/crazyflie_interfaces/share/crazyflie_interfaces/package.zsh'
[0.896s] Level 1:colcon.colcon_core.environment:create_file_with_runtime_dependencies(/home/dlee/ros2_ws/src/sar_experiment/install/crazyflie_interfaces/share/colcon-core/packages/crazyflie_interfaces)
[0.896s] Level 1:colcon.colcon_core.environment:create_environment_scripts_only(crazyflie_interfaces)
[0.897s] Level 1:colcon.colcon_core.environment:checking '/home/dlee/ros2_ws/src/sar_experiment/install/crazyflie_interfaces' for CMake module files
[0.897s] Level 1:colcon.colcon_core.environment:checking '/home/dlee/ros2_ws/src/sar_experiment/install/crazyflie_interfaces' for CMake config files
[0.899s] Level 1:colcon.colcon_core.shell:create_environment_hook('crazyflie_interfaces', 'cmake_prefix_path')
[0.900s] INFO:colcon.colcon_core.shell:Creating environment hook '/home/dlee/ros2_ws/src/sar_experiment/install/crazyflie_interfaces/share/crazyflie_interfaces/hook/cmake_prefix_path.ps1'
[0.900s] INFO:colcon.colcon_core.shell:Creating environment descriptor '/home/dlee/ros2_ws/src/sar_experiment/install/crazyflie_interfaces/share/crazyflie_interfaces/hook/cmake_prefix_path.dsv'
[0.901s] INFO:colcon.colcon_core.shell:Creating environment hook '/home/dlee/ros2_ws/src/sar_experiment/install/crazyflie_interfaces/share/crazyflie_interfaces/hook/cmake_prefix_path.sh'
[0.901s] Level 1:colcon.colcon_core.environment:checking '/home/dlee/ros2_ws/src/sar_experiment/install/crazyflie_interfaces/lib'
[0.901s] Level 1:colcon.colcon_core.shell:create_environment_hook('crazyflie_interfaces', 'ld_library_path_lib')
[0.901s] INFO:colcon.colcon_core.shell:Creating environment hook '/home/dlee/ros2_ws/src/sar_experiment/install/crazyflie_interfaces/share/crazyflie_interfaces/hook/ld_library_path_lib.ps1'
[0.902s] INFO:colcon.colcon_core.shell:Creating environment descriptor '/home/dlee/ros2_ws/src/sar_experiment/install/crazyflie_interfaces/share/crazyflie_interfaces/hook/ld_library_path_lib.dsv'
[0.902s] INFO:colcon.colcon_core.shell:Creating environment hook '/home/dlee/ros2_ws/src/sar_experiment/install/crazyflie_interfaces/share/crazyflie_interfaces/hook/ld_library_path_lib.sh'
[0.903s] Level 1:colcon.colcon_core.environment:checking '/home/dlee/ros2_ws/src/sar_experiment/install/crazyflie_interfaces/bin'
[0.903s] Level 1:colcon.colcon_core.environment:checking '/home/dlee/ros2_ws/src/sar_experiment/install/crazyflie_interfaces/lib/pkgconfig/crazyflie_interfaces.pc'
[0.903s] Level 1:colcon.colcon_core.environment:checking '/home/dlee/ros2_ws/src/sar_experiment/install/crazyflie_interfaces/lib/python3.10/site-packages'
[0.903s] Level 1:colcon.colcon_core.environment:checking '/home/dlee/ros2_ws/src/sar_experiment/install/crazyflie_interfaces/bin'
[0.903s] INFO:colcon.colcon_core.shell:Creating package script '/home/dlee/ros2_ws/src/sar_experiment/install/crazyflie_interfaces/share/crazyflie_interfaces/package.ps1'
[0.904s] INFO:colcon.colcon_core.shell:Creating package descriptor '/home/dlee/ros2_ws/src/sar_experiment/install/crazyflie_interfaces/share/crazyflie_interfaces/package.dsv'
[0.904s] INFO:colcon.colcon_core.shell:Creating package script '/home/dlee/ros2_ws/src/sar_experiment/install/crazyflie_interfaces/share/crazyflie_interfaces/package.sh'
[0.905s] INFO:colcon.colcon_core.shell:Creating package script '/home/dlee/ros2_ws/src/sar_experiment/install/crazyflie_interfaces/share/crazyflie_interfaces/package.bash'
[0.905s] INFO:colcon.colcon_core.shell:Creating package script '/home/dlee/ros2_ws/src/sar_experiment/install/crazyflie_interfaces/share/crazyflie_interfaces/package.zsh'
[0.906s] Level 1:colcon.colcon_core.environment:create_file_with_runtime_dependencies(/home/dlee/ros2_ws/src/sar_experiment/install/crazyflie_interfaces/share/colcon-core/packages/crazyflie_interfaces)
[0.906s] INFO:colcon.colcon_ros.task.ament_python.build:Building ROS package in '/home/dlee/ros2_ws/src/sar_experiment/crazyswarm2/crazyflie_py' with build type 'ament_python'
[0.906s] Level 1:colcon.colcon_core.shell:create_environment_hook('crazyflie_py', 'ament_prefix_path')
[0.907s] INFO:colcon.colcon_core.shell:Creating environment hook '/home/dlee/ros2_ws/src/sar_experiment/install/crazyflie_py/share/crazyflie_py/hook/ament_prefix_path.ps1'
[0.907s] INFO:colcon.colcon_core.shell:Creating environment descriptor '/home/dlee/ros2_ws/src/sar_experiment/install/crazyflie_py/share/crazyflie_py/hook/ament_prefix_path.dsv'
[0.908s] INFO:colcon.colcon_core.shell:Creating environment hook '/home/dlee/ros2_ws/src/sar_experiment/install/crazyflie_py/share/crazyflie_py/hook/ament_prefix_path.sh'
[0.908s] INFO:colcon.colcon_core.shell:Skip shell extension 'powershell' for command environment: Not usable outside of PowerShell
[0.909s] DEBUG:colcon.colcon_core.shell:Skip shell extension 'dsv' for command environment
[0.913s] INFO:colcon.colcon_ros.task.ament_cmake.build:Building ROS package in '/home/dlee/ros2_ws/src/sar_experiment/crazyswarm2/crazyflie' with build type 'ament_cmake'
[0.913s] INFO:colcon.colcon_cmake.task.cmake.build:Building CMake package in '/home/dlee/ros2_ws/src/sar_experiment/crazyswarm2/crazyflie'
[0.914s] INFO:colcon.colcon_core.shell:Skip shell extension 'powershell' for command environment: Not usable outside of PowerShell
[0.914s] DEBUG:colcon.colcon_core.shell:Skip shell extension 'dsv' for command environment
[0.919s] INFO:colcon.colcon_ros.task.ament_cmake.build:Building ROS package in '/home/dlee/ros2_ws/src/sar_experiment/crazyswarm2/crazyflie_sim' with build type 'ament_cmake'
[0.919s] INFO:colcon.colcon_cmake.task.cmake.build:Building CMake package in '/home/dlee/ros2_ws/src/sar_experiment/crazyswarm2/crazyflie_sim'
[0.919s] INFO:colcon.colcon_core.shell:Skip shell extension 'powershell' for command environment: Not usable outside of PowerShell
[0.919s] DEBUG:colcon.colcon_core.shell:Skip shell extension 'dsv' for command environment
[0.929s] DEBUG:colcon.colcon_core.event_handler.log_command:Invoking command in '/home/dlee/ros2_ws/src/sar_experiment/build/motion_capture_tracking': AMENT_PREFIX_PATH=/home/dlee/ros2_ws/src/sar_experiment/install/motion_capture_tracking_interfaces:${AMENT_PREFIX_PATH} CMAKE_PREFIX_PATH=/home/dlee/ros2_ws/src/sar_experiment/install/motion_capture_tracking_interfaces:/home/dlee/ros2_ws/install/sar_projects:/home/dlee/ros2_ws/install/sar_gazebo:/home/dlee/ros2_ws/install/sar_control:/home/dlee/ros2_ws/install/sar_msgs:/home/dlee/ros2_ws/install/sar_logging_exp:/home/dlee/ros2_ws/install/sar_logging:/home/dlee/ros2_ws/install/sar_launch:/home/dlee/ros2_ws/install/sar_general:/home/dlee/ros2_ws/install/sar_env_exp:/home/dlee/ros2_ws/install/sar_env:/home/dlee/ros2_ws/install/sar_data_converter:/home/dlee/ros2_ws/install/sar_config:/home/dlee/ros2_ws/install/my_ignition_plugin:/home/dlee/ros2_ws/install/motion_capture_tracking:/home/dlee/ros2_ws/install/crazyflie:/home/dlee/ros2_ws/install/motion_capture_tracking_interfaces:/home/dlee/ros2_ws/install/crazyflie_sim:/home/dlee/ros2_ws/install/crazyflie_examples:/home/dlee/ros2_ws/install/crazyflie_interfaces:/home/dlee/ros2_ws/install/crazyflie_py:/opt/ros/humble LD_LIBRARY_PATH=/home/dlee/ros2_ws/src/sar_experiment/install/motion_capture_tracking_interfaces/lib:${LD_LIBRARY_PATH} PYTHONPATH=/home/dlee/ros2_ws/src/sar_experiment/install/motion_capture_tracking_interfaces/local/lib/python3.10/dist-packages:${PYTHONPATH} /usr/bin/cmake --build /home/dlee/ros2_ws/src/sar_experiment/build/motion_capture_tracking -- -j24 -l24
[1.179s] INFO:colcon.colcon_core.task.python.build:Building Python package in '/home/dlee/ros2_ws/src/sar_experiment/crazyswarm2/crazyflie_py'
[1.179s] INFO:colcon.colcon_core.shell:Skip shell extension 'powershell' for command environment: Not usable outside of PowerShell
[1.179s] DEBUG:colcon.colcon_core.shell:Skip shell extension 'dsv' for command environment
[1.186s] DEBUG:colcon.colcon_core.event_handler.log_command:Invoking command in '/home/dlee/ros2_ws/src/sar_experiment/build/crazyflie': AMENT_PREFIX_PATH=/home/dlee/ros2_ws/src/sar_experiment/install/motion_capture_tracking_interfaces:/home/dlee/ros2_ws/src/sar_experiment/install/crazyflie_interfaces:${AMENT_PREFIX_PATH} CMAKE_PREFIX_PATH=/home/dlee/ros2_ws/src/sar_experiment/install/motion_capture_tracking_interfaces:/home/dlee/ros2_ws/src/sar_experiment/install/crazyflie_interfaces:/home/dlee/ros2_ws/install/sar_projects:/home/dlee/ros2_ws/install/sar_gazebo:/home/dlee/ros2_ws/install/sar_control:/home/dlee/ros2_ws/install/sar_msgs:/home/dlee/ros2_ws/install/sar_logging_exp:/home/dlee/ros2_ws/install/sar_logging:/home/dlee/ros2_ws/install/sar_launch:/home/dlee/ros2_ws/install/sar_general:/home/dlee/ros2_ws/install/sar_env_exp:/home/dlee/ros2_ws/install/sar_env:/home/dlee/ros2_ws/install/sar_data_converter:/home/dlee/ros2_ws/install/sar_config:/home/dlee/ros2_ws/install/my_ignition_plugin:/home/dlee/ros2_ws/install/motion_capture_tracking:/home/dlee/ros2_ws/install/crazyflie:/home/dlee/ros2_ws/install/motion_capture_tracking_interfaces:/home/dlee/ros2_ws/install/crazyflie_sim:/home/dlee/ros2_ws/install/crazyflie_examples:/home/dlee/ros2_ws/install/crazyflie_interfaces:/home/dlee/ros2_ws/install/crazyflie_py:/opt/ros/humble LD_LIBRARY_PATH=/home/dlee/ros2_ws/src/sar_experiment/install/motion_capture_tracking_interfaces/lib:/home/dlee/ros2_ws/src/sar_experiment/install/crazyflie_interfaces/lib:${LD_LIBRARY_PATH} PYTHONPATH=/home/dlee/ros2_ws/src/sar_experiment/install/motion_capture_tracking_interfaces/local/lib/python3.10/dist-packages:/home/dlee/ros2_ws/src/sar_experiment/install/crazyflie_interfaces/local/lib/python3.10/dist-packages:${PYTHONPATH} /usr/bin/cmake --build /home/dlee/ros2_ws/src/sar_experiment/build/crazyflie -- -j24 -l24
[1.189s] DEBUG:colcon.colcon_core.event_handler.log_command:Invoking command in '/home/dlee/ros2_ws/src/sar_experiment/build/crazyflie_sim': AMENT_PREFIX_PATH=/home/dlee/ros2_ws/src/sar_experiment/install/crazyflie_interfaces:${AMENT_PREFIX_PATH} CMAKE_PREFIX_PATH=/home/dlee/ros2_ws/src/sar_experiment/install/crazyflie_interfaces:/home/dlee/ros2_ws/install/sar_projects:/home/dlee/ros2_ws/install/sar_gazebo:/home/dlee/ros2_ws/install/sar_control:/home/dlee/ros2_ws/install/sar_msgs:/home/dlee/ros2_ws/install/sar_logging_exp:/home/dlee/ros2_ws/install/sar_logging:/home/dlee/ros2_ws/install/sar_launch:/home/dlee/ros2_ws/install/sar_general:/home/dlee/ros2_ws/install/sar_env_exp:/home/dlee/ros2_ws/install/sar_env:/home/dlee/ros2_ws/install/sar_data_converter:/home/dlee/ros2_ws/install/sar_config:/home/dlee/ros2_ws/install/my_ignition_plugin:/home/dlee/ros2_ws/install/motion_capture_tracking:/home/dlee/ros2_ws/install/crazyflie:/home/dlee/ros2_ws/install/motion_capture_tracking_interfaces:/home/dlee/ros2_ws/install/crazyflie_sim:/home/dlee/ros2_ws/install/crazyflie_examples:/home/dlee/ros2_ws/install/crazyflie_interfaces:/home/dlee/ros2_ws/install/crazyflie_py:/opt/ros/humble LD_LIBRARY_PATH=/home/dlee/ros2_ws/src/sar_experiment/install/crazyflie_interfaces/lib:${LD_LIBRARY_PATH} PYTHONPATH=/home/dlee/ros2_ws/src/sar_experiment/install/crazyflie_interfaces/local/lib/python3.10/dist-packages:${PYTHONPATH} /usr/bin/cmake --build /home/dlee/ros2_ws/src/sar_experiment/build/crazyflie_sim -- -j24 -l24
[1.189s] DEBUG:colcon.colcon_core.event_handler.log_command:Invoked command in '/home/dlee/ros2_ws/src/sar_experiment/build/motion_capture_tracking' returned '0': AMENT_PREFIX_PATH=/home/dlee/ros2_ws/src/sar_experiment/install/motion_capture_tracking_interfaces:${AMENT_PREFIX_PATH} CMAKE_PREFIX_PATH=/home/dlee/ros2_ws/src/sar_experiment/install/motion_capture_tracking_interfaces:/home/dlee/ros2_ws/install/sar_projects:/home/dlee/ros2_ws/install/sar_gazebo:/home/dlee/ros2_ws/install/sar_control:/home/dlee/ros2_ws/install/sar_msgs:/home/dlee/ros2_ws/install/sar_logging_exp:/home/dlee/ros2_ws/install/sar_logging:/home/dlee/ros2_ws/install/sar_launch:/home/dlee/ros2_ws/install/sar_general:/home/dlee/ros2_ws/install/sar_env_exp:/home/dlee/ros2_ws/install/sar_env:/home/dlee/ros2_ws/install/sar_data_converter:/home/dlee/ros2_ws/install/sar_config:/home/dlee/ros2_ws/install/my_ignition_plugin:/home/dlee/ros2_ws/install/motion_capture_tracking:/home/dlee/ros2_ws/install/crazyflie:/home/dlee/ros2_ws/install/motion_capture_tracking_interfaces:/home/dlee/ros2_ws/install/crazyflie_sim:/home/dlee/ros2_ws/install/crazyflie_examples:/home/dlee/ros2_ws/install/crazyflie_interfaces:/home/dlee/ros2_ws/install/crazyflie_py:/opt/ros/humble LD_LIBRARY_PATH=/home/dlee/ros2_ws/src/sar_experiment/install/motion_capture_tracking_interfaces/lib:${LD_LIBRARY_PATH} PYTHONPATH=/home/dlee/ros2_ws/src/sar_experiment/install/motion_capture_tracking_interfaces/local/lib/python3.10/dist-packages:${PYTHONPATH} /usr/bin/cmake --build /home/dlee/ros2_ws/src/sar_experiment/build/motion_capture_tracking -- -j24 -l24
[1.190s] DEBUG:colcon.colcon_core.event_handler.log_command:Invoking command in '/home/dlee/ros2_ws/src/sar_experiment/build/motion_capture_tracking': AMENT_PREFIX_PATH=/home/dlee/ros2_ws/src/sar_experiment/install/motion_capture_tracking_interfaces:${AMENT_PREFIX_PATH} CMAKE_PREFIX_PATH=/home/dlee/ros2_ws/src/sar_experiment/install/motion_capture_tracking_interfaces:/home/dlee/ros2_ws/install/sar_projects:/home/dlee/ros2_ws/install/sar_gazebo:/home/dlee/ros2_ws/install/sar_control:/home/dlee/ros2_ws/install/sar_msgs:/home/dlee/ros2_ws/install/sar_logging_exp:/home/dlee/ros2_ws/install/sar_logging:/home/dlee/ros2_ws/install/sar_launch:/home/dlee/ros2_ws/install/sar_general:/home/dlee/ros2_ws/install/sar_env_exp:/home/dlee/ros2_ws/install/sar_env:/home/dlee/ros2_ws/install/sar_data_converter:/home/dlee/ros2_ws/install/sar_config:/home/dlee/ros2_ws/install/my_ignition_plugin:/home/dlee/ros2_ws/install/motion_capture_tracking:/home/dlee/ros2_ws/install/crazyflie:/home/dlee/ros2_ws/install/motion_capture_tracking_interfaces:/home/dlee/ros2_ws/install/crazyflie_sim:/home/dlee/ros2_ws/install/crazyflie_examples:/home/dlee/ros2_ws/install/crazyflie_interfaces:/home/dlee/ros2_ws/install/crazyflie_py:/opt/ros/humble LD_LIBRARY_PATH=/home/dlee/ros2_ws/src/sar_experiment/install/motion_capture_tracking_interfaces/lib:${LD_LIBRARY_PATH} PYTHONPATH=/home/dlee/ros2_ws/src/sar_experiment/install/motion_capture_tracking_interfaces/local/lib/python3.10/dist-packages:${PYTHONPATH} /usr/bin/cmake --install /home/dlee/ros2_ws/src/sar_experiment/build/motion_capture_tracking
[1.201s] Level 1:colcon.colcon_core.environment:create_environment_scripts_only(motion_capture_tracking)
[1.201s] Level 1:colcon.colcon_core.environment:checking '/home/dlee/ros2_ws/src/sar_experiment/install/motion_capture_tracking' for CMake module files
[1.201s] DEBUG:colcon.colcon_core.event_handler.log_command:Invoked command in '/home/dlee/ros2_ws/src/sar_experiment/build/motion_capture_tracking' returned '0': AMENT_PREFIX_PATH=/home/dlee/ros2_ws/src/sar_experiment/install/motion_capture_tracking_interfaces:${AMENT_PREFIX_PATH} CMAKE_PREFIX_PATH=/home/dlee/ros2_ws/src/sar_experiment/install/motion_capture_tracking_interfaces:/home/dlee/ros2_ws/install/sar_projects:/home/dlee/ros2_ws/install/sar_gazebo:/home/dlee/ros2_ws/install/sar_control:/home/dlee/ros2_ws/install/sar_msgs:/home/dlee/ros2_ws/install/sar_logging_exp:/home/dlee/ros2_ws/install/sar_logging:/home/dlee/ros2_ws/install/sar_launch:/home/dlee/ros2_ws/install/sar_general:/home/dlee/ros2_ws/install/sar_env_exp:/home/dlee/ros2_ws/install/sar_env:/home/dlee/ros2_ws/install/sar_data_converter:/home/dlee/ros2_ws/install/sar_config:/home/dlee/ros2_ws/install/my_ignition_plugin:/home/dlee/ros2_ws/install/motion_capture_tracking:/home/dlee/ros2_ws/install/crazyflie:/home/dlee/ros2_ws/install/motion_capture_tracking_interfaces:/home/dlee/ros2_ws/install/crazyflie_sim:/home/dlee/ros2_ws/install/crazyflie_examples:/home/dlee/ros2_ws/install/crazyflie_interfaces:/home/dlee/ros2_ws/install/crazyflie_py:/opt/ros/humble LD_LIBRARY_PATH=/home/dlee/ros2_ws/src/sar_experiment/install/motion_capture_tracking_interfaces/lib:${LD_LIBRARY_PATH} PYTHONPATH=/home/dlee/ros2_ws/src/sar_experiment/install/motion_capture_tracking_interfaces/local/lib/python3.10/dist-packages:${PYTHONPATH} /usr/bin/cmake --install /home/dlee/ros2_ws/src/sar_experiment/build/motion_capture_tracking
[1.202s] Level 1:colcon.colcon_core.environment:checking '/home/dlee/ros2_ws/src/sar_experiment/install/motion_capture_tracking' for CMake config files
[1.202s] Level 1:colcon.colcon_core.shell:create_environment_hook('motion_capture_tracking', 'cmake_prefix_path')
[1.202s] INFO:colcon.colcon_core.shell:Creating environment hook '/home/dlee/ros2_ws/src/sar_experiment/install/motion_capture_tracking/share/motion_capture_tracking/hook/cmake_prefix_path.ps1'
[1.202s] INFO:colcon.colcon_core.shell:Creating environment descriptor '/home/dlee/ros2_ws/src/sar_experiment/install/motion_capture_tracking/share/motion_capture_tracking/hook/cmake_prefix_path.dsv'
[1.203s] INFO:colcon.colcon_core.shell:Creating environment hook '/home/dlee/ros2_ws/src/sar_experiment/install/motion_capture_tracking/share/motion_capture_tracking/hook/cmake_prefix_path.sh'
[1.203s] Level 1:colcon.colcon_core.environment:checking '/home/dlee/ros2_ws/src/sar_experiment/install/motion_capture_tracking/lib'
[1.203s] Level 1:colcon.colcon_core.environment:checking '/home/dlee/ros2_ws/src/sar_experiment/install/motion_capture_tracking/bin'
[1.203s] Level 1:colcon.colcon_core.environment:checking '/home/dlee/ros2_ws/src/sar_experiment/install/motion_capture_tracking/lib/pkgconfig/motion_capture_tracking.pc'
[1.203s] Level 1:colcon.colcon_core.environment:checking '/home/dlee/ros2_ws/src/sar_experiment/install/motion_capture_tracking/lib/python3.10/site-packages'
[1.203s] Level 1:colcon.colcon_core.environment:checking '/home/dlee/ros2_ws/src/sar_experiment/install/motion_capture_tracking/bin'
[1.204s] INFO:colcon.colcon_core.shell:Creating package script '/home/dlee/ros2_ws/src/sar_experiment/install/motion_capture_tracking/share/motion_capture_tracking/package.ps1'
[1.204s] INFO:colcon.colcon_core.shell:Creating package descriptor '/home/dlee/ros2_ws/src/sar_experiment/install/motion_capture_tracking/share/motion_capture_tracking/package.dsv'
[1.204s] INFO:colcon.colcon_core.shell:Creating package script '/home/dlee/ros2_ws/src/sar_experiment/install/motion_capture_tracking/share/motion_capture_tracking/package.sh'
[1.204s] INFO:colcon.colcon_core.shell:Creating package script '/home/dlee/ros2_ws/src/sar_experiment/install/motion_capture_tracking/share/motion_capture_tracking/package.bash'
[1.205s] INFO:colcon.colcon_core.shell:Creating package script '/home/dlee/ros2_ws/src/sar_experiment/install/motion_capture_tracking/share/motion_capture_tracking/package.zsh'
[1.205s] Level 1:colcon.colcon_core.environment:create_file_with_runtime_dependencies(/home/dlee/ros2_ws/src/sar_experiment/install/motion_capture_tracking/share/colcon-core/packages/motion_capture_tracking)
[1.206s] Level 1:colcon.colcon_core.environment:create_environment_scripts_only(motion_capture_tracking)
[1.206s] Level 1:colcon.colcon_core.environment:checking '/home/dlee/ros2_ws/src/sar_experiment/install/motion_capture_tracking' for CMake module files
[1.206s] Level 1:colcon.colcon_core.environment:checking '/home/dlee/ros2_ws/src/sar_experiment/install/motion_capture_tracking' for CMake config files
[1.206s] Level 1:colcon.colcon_core.shell:create_environment_hook('motion_capture_tracking', 'cmake_prefix_path')
[1.206s] INFO:colcon.colcon_core.shell:Creating environment hook '/home/dlee/ros2_ws/src/sar_experiment/install/motion_capture_tracking/share/motion_capture_tracking/hook/cmake_prefix_path.ps1'
[1.207s] INFO:colcon.colcon_core.shell:Creating environment descriptor '/home/dlee/ros2_ws/src/sar_experiment/install/motion_capture_tracking/share/motion_capture_tracking/hook/cmake_prefix_path.dsv'
[1.207s] INFO:colcon.colcon_core.shell:Creating environment hook '/home/dlee/ros2_ws/src/sar_experiment/install/motion_capture_tracking/share/motion_capture_tracking/hook/cmake_prefix_path.sh'
[1.207s] Level 1:colcon.colcon_core.environment:checking '/home/dlee/ros2_ws/src/sar_experiment/install/motion_capture_tracking/lib'
[1.207s] Level 1:colcon.colcon_core.environment:checking '/home/dlee/ros2_ws/src/sar_experiment/install/motion_capture_tracking/bin'
[1.207s] Level 1:colcon.colcon_core.environment:checking '/home/dlee/ros2_ws/src/sar_experiment/install/motion_capture_tracking/lib/pkgconfig/motion_capture_tracking.pc'
[1.208s] Level 1:colcon.colcon_core.environment:checking '/home/dlee/ros2_ws/src/sar_experiment/install/motion_capture_tracking/lib/python3.10/site-packages'
[1.208s] Level 1:colcon.colcon_core.environment:checking '/home/dlee/ros2_ws/src/sar_experiment/install/motion_capture_tracking/bin'
[1.208s] INFO:colcon.colcon_core.shell:Creating package script '/home/dlee/ros2_ws/src/sar_experiment/install/motion_capture_tracking/share/motion_capture_tracking/package.ps1'
[1.208s] INFO:colcon.colcon_core.shell:Creating package descriptor '/home/dlee/ros2_ws/src/sar_experiment/install/motion_capture_tracking/share/motion_capture_tracking/package.dsv'
[1.209s] INFO:colcon.colcon_core.shell:Creating package script '/home/dlee/ros2_ws/src/sar_experiment/install/motion_capture_tracking/share/motion_capture_tracking/package.sh'
[1.209s] INFO:colcon.colcon_core.shell:Creating package script '/home/dlee/ros2_ws/src/sar_experiment/install/motion_capture_tracking/share/motion_capture_tracking/package.bash'
[1.209s] INFO:colcon.colcon_core.shell:Creating package script '/home/dlee/ros2_ws/src/sar_experiment/install/motion_capture_tracking/share/motion_capture_tracking/package.zsh'
[1.209s] Level 1:colcon.colcon_core.environment:create_file_with_runtime_dependencies(/home/dlee/ros2_ws/src/sar_experiment/install/motion_capture_tracking/share/colcon-core/packages/motion_capture_tracking)
[1.331s] DEBUG:colcon.colcon_core.event_handler.log_command:Invoked command in '/home/dlee/ros2_ws/src/sar_experiment/build/crazyflie' returned '0': AMENT_PREFIX_PATH=/home/dlee/ros2_ws/src/sar_experiment/install/motion_capture_tracking_interfaces:/home/dlee/ros2_ws/src/sar_experiment/install/crazyflie_interfaces:${AMENT_PREFIX_PATH} CMAKE_PREFIX_PATH=/home/dlee/ros2_ws/src/sar_experiment/install/motion_capture_tracking_interfaces:/home/dlee/ros2_ws/src/sar_experiment/install/crazyflie_interfaces:/home/dlee/ros2_ws/install/sar_projects:/home/dlee/ros2_ws/install/sar_gazebo:/home/dlee/ros2_ws/install/sar_control:/home/dlee/ros2_ws/install/sar_msgs:/home/dlee/ros2_ws/install/sar_logging_exp:/home/dlee/ros2_ws/install/sar_logging:/home/dlee/ros2_ws/install/sar_launch:/home/dlee/ros2_ws/install/sar_general:/home/dlee/ros2_ws/install/sar_env_exp:/home/dlee/ros2_ws/install/sar_env:/home/dlee/ros2_ws/install/sar_data_converter:/home/dlee/ros2_ws/install/sar_config:/home/dlee/ros2_ws/install/my_ignition_plugin:/home/dlee/ros2_ws/install/motion_capture_tracking:/home/dlee/ros2_ws/install/crazyflie:/home/dlee/ros2_ws/install/motion_capture_tracking_interfaces:/home/dlee/ros2_ws/install/crazyflie_sim:/home/dlee/ros2_ws/install/crazyflie_examples:/home/dlee/ros2_ws/install/crazyflie_interfaces:/home/dlee/ros2_ws/install/crazyflie_py:/opt/ros/humble LD_LIBRARY_PATH=/home/dlee/ros2_ws/src/sar_experiment/install/motion_capture_tracking_interfaces/lib:/home/dlee/ros2_ws/src/sar_experiment/install/crazyflie_interfaces/lib:${LD_LIBRARY_PATH} PYTHONPATH=/home/dlee/ros2_ws/src/sar_experiment/install/motion_capture_tracking_interfaces/local/lib/python3.10/dist-packages:/home/dlee/ros2_ws/src/sar_experiment/install/crazyflie_interfaces/local/lib/python3.10/dist-packages:${PYTHONPATH} /usr/bin/cmake --build /home/dlee/ros2_ws/src/sar_experiment/build/crazyflie -- -j24 -l24
[1.332s] DEBUG:colcon.colcon_core.event_handler.log_command:Invoking command in '/home/dlee/ros2_ws/src/sar_experiment/build/crazyflie': AMENT_PREFIX_PATH=/home/dlee/ros2_ws/src/sar_experiment/install/motion_capture_tracking_interfaces:/home/dlee/ros2_ws/src/sar_experiment/install/crazyflie_interfaces:${AMENT_PREFIX_PATH} CMAKE_PREFIX_PATH=/home/dlee/ros2_ws/src/sar_experiment/install/motion_capture_tracking_interfaces:/home/dlee/ros2_ws/src/sar_experiment/install/crazyflie_interfaces:/home/dlee/ros2_ws/install/sar_projects:/home/dlee/ros2_ws/install/sar_gazebo:/home/dlee/ros2_ws/install/sar_control:/home/dlee/ros2_ws/install/sar_msgs:/home/dlee/ros2_ws/install/sar_logging_exp:/home/dlee/ros2_ws/install/sar_logging:/home/dlee/ros2_ws/install/sar_launch:/home/dlee/ros2_ws/install/sar_general:/home/dlee/ros2_ws/install/sar_env_exp:/home/dlee/ros2_ws/install/sar_env:/home/dlee/ros2_ws/install/sar_data_converter:/home/dlee/ros2_ws/install/sar_config:/home/dlee/ros2_ws/install/my_ignition_plugin:/home/dlee/ros2_ws/install/motion_capture_tracking:/home/dlee/ros2_ws/install/crazyflie:/home/dlee/ros2_ws/install/motion_capture_tracking_interfaces:/home/dlee/ros2_ws/install/crazyflie_sim:/home/dlee/ros2_ws/install/crazyflie_examples:/home/dlee/ros2_ws/install/crazyflie_interfaces:/home/dlee/ros2_ws/install/crazyflie_py:/opt/ros/humble LD_LIBRARY_PATH=/home/dlee/ros2_ws/src/sar_experiment/install/motion_capture_tracking_interfaces/lib:/home/dlee/ros2_ws/src/sar_experiment/install/crazyflie_interfaces/lib:${LD_LIBRARY_PATH} PYTHONPATH=/home/dlee/ros2_ws/src/sar_experiment/install/motion_capture_tracking_interfaces/local/lib/python3.10/dist-packages:/home/dlee/ros2_ws/src/sar_experiment/install/crazyflie_interfaces/local/lib/python3.10/dist-packages:${PYTHONPATH} /usr/bin/cmake --install /home/dlee/ros2_ws/src/sar_experiment/build/crazyflie
[1.347s] Level 1:colcon.colcon_core.environment:create_environment_scripts_only(crazyflie)
[1.347s] Level 1:colcon.colcon_core.environment:checking '/home/dlee/ros2_ws/src/sar_experiment/install/crazyflie' for CMake module files
[1.348s] DEBUG:colcon.colcon_core.event_handler.log_command:Invoked command in '/home/dlee/ros2_ws/src/sar_experiment/build/crazyflie' returned '0': AMENT_PREFIX_PATH=/home/dlee/ros2_ws/src/sar_experiment/install/motion_capture_tracking_interfaces:/home/dlee/ros2_ws/src/sar_experiment/install/crazyflie_interfaces:${AMENT_PREFIX_PATH} CMAKE_PREFIX_PATH=/home/dlee/ros2_ws/src/sar_experiment/install/motion_capture_tracking_interfaces:/home/dlee/ros2_ws/src/sar_experiment/install/crazyflie_interfaces:/home/dlee/ros2_ws/install/sar_projects:/home/dlee/ros2_ws/install/sar_gazebo:/home/dlee/ros2_ws/install/sar_control:/home/dlee/ros2_ws/install/sar_msgs:/home/dlee/ros2_ws/install/sar_logging_exp:/home/dlee/ros2_ws/install/sar_logging:/home/dlee/ros2_ws/install/sar_launch:/home/dlee/ros2_ws/install/sar_general:/home/dlee/ros2_ws/install/sar_env_exp:/home/dlee/ros2_ws/install/sar_env:/home/dlee/ros2_ws/install/sar_data_converter:/home/dlee/ros2_ws/install/sar_config:/home/dlee/ros2_ws/install/my_ignition_plugin:/home/dlee/ros2_ws/install/motion_capture_tracking:/home/dlee/ros2_ws/install/crazyflie:/home/dlee/ros2_ws/install/motion_capture_tracking_interfaces:/home/dlee/ros2_ws/install/crazyflie_sim:/home/dlee/ros2_ws/install/crazyflie_examples:/home/dlee/ros2_ws/install/crazyflie_interfaces:/home/dlee/ros2_ws/install/crazyflie_py:/opt/ros/humble LD_LIBRARY_PATH=/home/dlee/ros2_ws/src/sar_experiment/install/motion_capture_tracking_interfaces/lib:/home/dlee/ros2_ws/src/sar_experiment/install/crazyflie_interfaces/lib:${LD_LIBRARY_PATH} PYTHONPATH=/home/dlee/ros2_ws/src/sar_experiment/install/motion_capture_tracking_interfaces/local/lib/python3.10/dist-packages:/home/dlee/ros2_ws/src/sar_experiment/install/crazyflie_interfaces/local/lib/python3.10/dist-packages:${PYTHONPATH} /usr/bin/cmake --install /home/dlee/ros2_ws/src/sar_experiment/build/crazyflie
[1.348s] Level 1:colcon.colcon_core.environment:checking '/home/dlee/ros2_ws/src/sar_experiment/install/crazyflie' for CMake config files
[1.348s] Level 1:colcon.colcon_core.shell:create_environment_hook('crazyflie', 'cmake_prefix_path')
[1.348s] INFO:colcon.colcon_core.shell:Creating environment hook '/home/dlee/ros2_ws/src/sar_experiment/install/crazyflie/share/crazyflie/hook/cmake_prefix_path.ps1'
[1.349s] INFO:colcon.colcon_core.shell:Creating environment descriptor '/home/dlee/ros2_ws/src/sar_experiment/install/crazyflie/share/crazyflie/hook/cmake_prefix_path.dsv'
[1.349s] INFO:colcon.colcon_core.shell:Creating environment hook '/home/dlee/ros2_ws/src/sar_experiment/install/crazyflie/share/crazyflie/hook/cmake_prefix_path.sh'
[1.350s] Level 1:colcon.colcon_core.environment:checking '/home/dlee/ros2_ws/src/sar_experiment/install/crazyflie/lib'
[1.350s] Level 1:colcon.colcon_core.environment:checking '/home/dlee/ros2_ws/src/sar_experiment/install/crazyflie/bin'
[1.350s] Level 1:colcon.colcon_core.environment:checking '/home/dlee/ros2_ws/src/sar_experiment/install/crazyflie/lib/pkgconfig/crazyflie.pc'
[1.350s] Level 1:colcon.colcon_core.environment:checking '/home/dlee/ros2_ws/src/sar_experiment/install/crazyflie/lib/python3.10/site-packages'
[1.350s] Level 1:colcon.colcon_core.environment:checking '/home/dlee/ros2_ws/src/sar_experiment/install/crazyflie/bin'
[1.350s] INFO:colcon.colcon_core.shell:Creating package script '/home/dlee/ros2_ws/src/sar_experiment/install/crazyflie/share/crazyflie/package.ps1'
[1.351s] INFO:colcon.colcon_core.shell:Creating package descriptor '/home/dlee/ros2_ws/src/sar_experiment/install/crazyflie/share/crazyflie/package.dsv'
[1.351s] INFO:colcon.colcon_core.shell:Creating package script '/home/dlee/ros2_ws/src/sar_experiment/install/crazyflie/share/crazyflie/package.sh'
[1.351s] INFO:colcon.colcon_core.shell:Creating package script '/home/dlee/ros2_ws/src/sar_experiment/install/crazyflie/share/crazyflie/package.bash'
[1.351s] INFO:colcon.colcon_core.shell:Creating package script '/home/dlee/ros2_ws/src/sar_experiment/install/crazyflie/share/crazyflie/package.zsh'
[1.352s] Level 1:colcon.colcon_core.environment:create_file_with_runtime_dependencies(/home/dlee/ros2_ws/src/sar_experiment/install/crazyflie/share/colcon-core/packages/crazyflie)
[1.352s] Level 1:colcon.colcon_core.environment:create_environment_scripts_only(crazyflie)
[1.352s] Level 1:colcon.colcon_core.environment:checking '/home/dlee/ros2_ws/src/sar_experiment/install/crazyflie' for CMake module files
[1.353s] Level 1:colcon.colcon_core.environment:checking '/home/dlee/ros2_ws/src/sar_experiment/install/crazyflie' for CMake config files
[1.353s] Level 1:colcon.colcon_core.shell:create_environment_hook('crazyflie', 'cmake_prefix_path')
[1.353s] INFO:colcon.colcon_core.shell:Creating environment hook '/home/dlee/ros2_ws/src/sar_experiment/install/crazyflie/share/crazyflie/hook/cmake_prefix_path.ps1'
[1.354s] INFO:colcon.colcon_core.shell:Creating environment descriptor '/home/dlee/ros2_ws/src/sar_experiment/install/crazyflie/share/crazyflie/hook/cmake_prefix_path.dsv'
[1.354s] INFO:colcon.colcon_core.shell:Creating environment hook '/home/dlee/ros2_ws/src/sar_experiment/install/crazyflie/share/crazyflie/hook/cmake_prefix_path.sh'
[1.354s] Level 1:colcon.colcon_core.environment:checking '/home/dlee/ros2_ws/src/sar_experiment/install/crazyflie/lib'
[1.354s] Level 1:colcon.colcon_core.environment:checking '/home/dlee/ros2_ws/src/sar_experiment/install/crazyflie/bin'
[1.354s] Level 1:colcon.colcon_core.environment:checking '/home/dlee/ros2_ws/src/sar_experiment/install/crazyflie/lib/pkgconfig/crazyflie.pc'
[1.355s] Level 1:colcon.colcon_core.environment:checking '/home/dlee/ros2_ws/src/sar_experiment/install/crazyflie/lib/python3.10/site-packages'
[1.355s] Level 1:colcon.colcon_core.environment:checking '/home/dlee/ros2_ws/src/sar_experiment/install/crazyflie/bin'
[1.355s] INFO:colcon.colcon_core.shell:Creating package script '/home/dlee/ros2_ws/src/sar_experiment/install/crazyflie/share/crazyflie/package.ps1'
[1.355s] INFO:colcon.colcon_core.shell:Creating package descriptor '/home/dlee/ros2_ws/src/sar_experiment/install/crazyflie/share/crazyflie/package.dsv'
[1.356s] INFO:colcon.colcon_core.shell:Creating package script '/home/dlee/ros2_ws/src/sar_experiment/install/crazyflie/share/crazyflie/package.sh'
[1.356s] INFO:colcon.colcon_core.shell:Creating package script '/home/dlee/ros2_ws/src/sar_experiment/install/crazyflie/share/crazyflie/package.bash'
[1.356s] INFO:colcon.colcon_core.shell:Creating package script '/home/dlee/ros2_ws/src/sar_experiment/install/crazyflie/share/crazyflie/package.zsh'
[1.357s] Level 1:colcon.colcon_core.environment:create_file_with_runtime_dependencies(/home/dlee/ros2_ws/src/sar_experiment/install/crazyflie/share/colcon-core/packages/crazyflie)
[1.601s] DEBUG:colcon.colcon_core.event_handler.log_command:Invoking command in '/home/dlee/ros2_ws/src/sar_experiment/crazyswarm2/crazyflie_py': AMENT_PREFIX_PATH=/home/dlee/ros2_ws/src/sar_experiment/install/crazyflie_interfaces:${AMENT_PREFIX_PATH} CMAKE_PREFIX_PATH=/home/dlee/ros2_ws/src/sar_experiment/install/crazyflie_interfaces:${CMAKE_PREFIX_PATH} LD_LIBRARY_PATH=/home/dlee/ros2_ws/src/sar_experiment/install/crazyflie_interfaces/lib:${LD_LIBRARY_PATH} PYTHONPATH=/home/dlee/ros2_ws/src/sar_experiment/build/crazyflie_py/prefix_override:/usr/lib/python3/dist-packages/colcon_core/task/python/colcon_distutils_commands:/home/dlee/ros2_ws/src/sar_experiment/install/crazyflie_py/lib/python3.10/site-packages:/home/dlee/ros2_ws/src/sar_experiment/install/crazyflie_interfaces/local/lib/python3.10/dist-packages:${PYTHONPATH} /usr/bin/python3 -W ignore:setup.py install is deprecated -W ignore:easy_install command is deprecated setup.py egg_info --egg-base ../../build/crazyflie_py build --build-base /home/dlee/ros2_ws/src/sar_experiment/build/crazyflie_py/build install --record /home/dlee/ros2_ws/src/sar_experiment/build/crazyflie_py/install.log --single-version-externally-managed install_data
[1.640s] DEBUG:colcon.colcon_core.event_handler.log_command:Invoked command in '/home/dlee/ros2_ws/src/sar_experiment/build/crazyflie_sim' returned '0': AMENT_PREFIX_PATH=/home/dlee/ros2_ws/src/sar_experiment/install/crazyflie_interfaces:${AMENT_PREFIX_PATH} CMAKE_PREFIX_PATH=/home/dlee/ros2_ws/src/sar_experiment/install/crazyflie_interfaces:/home/dlee/ros2_ws/install/sar_projects:/home/dlee/ros2_ws/install/sar_gazebo:/home/dlee/ros2_ws/install/sar_control:/home/dlee/ros2_ws/install/sar_msgs:/home/dlee/ros2_ws/install/sar_logging_exp:/home/dlee/ros2_ws/install/sar_logging:/home/dlee/ros2_ws/install/sar_launch:/home/dlee/ros2_ws/install/sar_general:/home/dlee/ros2_ws/install/sar_env_exp:/home/dlee/ros2_ws/install/sar_env:/home/dlee/ros2_ws/install/sar_data_converter:/home/dlee/ros2_ws/install/sar_config:/home/dlee/ros2_ws/install/my_ignition_plugin:/home/dlee/ros2_ws/install/motion_capture_tracking:/home/dlee/ros2_ws/install/crazyflie:/home/dlee/ros2_ws/install/motion_capture_tracking_interfaces:/home/dlee/ros2_ws/install/crazyflie_sim:/home/dlee/ros2_ws/install/crazyflie_examples:/home/dlee/ros2_ws/install/crazyflie_interfaces:/home/dlee/ros2_ws/install/crazyflie_py:/opt/ros/humble LD_LIBRARY_PATH=/home/dlee/ros2_ws/src/sar_experiment/install/crazyflie_interfaces/lib:${LD_LIBRARY_PATH} PYTHONPATH=/home/dlee/ros2_ws/src/sar_experiment/install/crazyflie_interfaces/local/lib/python3.10/dist-packages:${PYTHONPATH} /usr/bin/cmake --build /home/dlee/ros2_ws/src/sar_experiment/build/crazyflie_sim -- -j24 -l24
[1.641s] DEBUG:colcon.colcon_core.event_handler.log_command:Invoking command in '/home/dlee/ros2_ws/src/sar_experiment/build/crazyflie_sim': AMENT_PREFIX_PATH=/home/dlee/ros2_ws/src/sar_experiment/install/crazyflie_interfaces:${AMENT_PREFIX_PATH} CMAKE_PREFIX_PATH=/home/dlee/ros2_ws/src/sar_experiment/install/crazyflie_interfaces:/home/dlee/ros2_ws/install/sar_projects:/home/dlee/ros2_ws/install/sar_gazebo:/home/dlee/ros2_ws/install/sar_control:/home/dlee/ros2_ws/install/sar_msgs:/home/dlee/ros2_ws/install/sar_logging_exp:/home/dlee/ros2_ws/install/sar_logging:/home/dlee/ros2_ws/install/sar_launch:/home/dlee/ros2_ws/install/sar_general:/home/dlee/ros2_ws/install/sar_env_exp:/home/dlee/ros2_ws/install/sar_env:/home/dlee/ros2_ws/install/sar_data_converter:/home/dlee/ros2_ws/install/sar_config:/home/dlee/ros2_ws/install/my_ignition_plugin:/home/dlee/ros2_ws/install/motion_capture_tracking:/home/dlee/ros2_ws/install/crazyflie:/home/dlee/ros2_ws/install/motion_capture_tracking_interfaces:/home/dlee/ros2_ws/install/crazyflie_sim:/home/dlee/ros2_ws/install/crazyflie_examples:/home/dlee/ros2_ws/install/crazyflie_interfaces:/home/dlee/ros2_ws/install/crazyflie_py:/opt/ros/humble LD_LIBRARY_PATH=/home/dlee/ros2_ws/src/sar_experiment/install/crazyflie_interfaces/lib:${LD_LIBRARY_PATH} PYTHONPATH=/home/dlee/ros2_ws/src/sar_experiment/install/crazyflie_interfaces/local/lib/python3.10/dist-packages:${PYTHONPATH} /usr/bin/cmake --install /home/dlee/ros2_ws/src/sar_experiment/build/crazyflie_sim
[1.691s] Level 1:colcon.colcon_core.environment:create_environment_scripts_only(crazyflie_sim)
[1.692s] DEBUG:colcon.colcon_core.event_handler.log_command:Invoked command in '/home/dlee/ros2_ws/src/sar_experiment/build/crazyflie_sim' returned '0': AMENT_PREFIX_PATH=/home/dlee/ros2_ws/src/sar_experiment/install/crazyflie_interfaces:${AMENT_PREFIX_PATH} CMAKE_PREFIX_PATH=/home/dlee/ros2_ws/src/sar_experiment/install/crazyflie_interfaces:/home/dlee/ros2_ws/install/sar_projects:/home/dlee/ros2_ws/install/sar_gazebo:/home/dlee/ros2_ws/install/sar_control:/home/dlee/ros2_ws/install/sar_msgs:/home/dlee/ros2_ws/install/sar_logging_exp:/home/dlee/ros2_ws/install/sar_logging:/home/dlee/ros2_ws/install/sar_launch:/home/dlee/ros2_ws/install/sar_general:/home/dlee/ros2_ws/install/sar_env_exp:/home/dlee/ros2_ws/install/sar_env:/home/dlee/ros2_ws/install/sar_data_converter:/home/dlee/ros2_ws/install/sar_config:/home/dlee/ros2_ws/install/my_ignition_plugin:/home/dlee/ros2_ws/install/motion_capture_tracking:/home/dlee/ros2_ws/install/crazyflie:/home/dlee/ros2_ws/install/motion_capture_tracking_interfaces:/home/dlee/ros2_ws/install/crazyflie_sim:/home/dlee/ros2_ws/install/crazyflie_examples:/home/dlee/ros2_ws/install/crazyflie_interfaces:/home/dlee/ros2_ws/install/crazyflie_py:/opt/ros/humble LD_LIBRARY_PATH=/home/dlee/ros2_ws/src/sar_experiment/install/crazyflie_interfaces/lib:${LD_LIBRARY_PATH} PYTHONPATH=/home/dlee/ros2_ws/src/sar_experiment/install/crazyflie_interfaces/local/lib/python3.10/dist-packages:${PYTHONPATH} /usr/bin/cmake --install /home/dlee/ros2_ws/src/sar_experiment/build/crazyflie_sim
[1.692s] Level 1:colcon.colcon_core.environment:checking '/home/dlee/ros2_ws/src/sar_experiment/install/crazyflie_sim' for CMake module files
[1.693s] Level 1:colcon.colcon_core.environment:checking '/home/dlee/ros2_ws/src/sar_experiment/install/crazyflie_sim' for CMake config files
[1.694s] Level 1:colcon.colcon_core.shell:create_environment_hook('crazyflie_sim', 'cmake_prefix_path')
[1.694s] INFO:colcon.colcon_core.shell:Creating environment hook '/home/dlee/ros2_ws/src/sar_experiment/install/crazyflie_sim/share/crazyflie_sim/hook/cmake_prefix_path.ps1'
[1.695s] INFO:colcon.colcon_core.shell:Creating environment descriptor '/home/dlee/ros2_ws/src/sar_experiment/install/crazyflie_sim/share/crazyflie_sim/hook/cmake_prefix_path.dsv'
[1.695s] INFO:colcon.colcon_core.shell:Creating environment hook '/home/dlee/ros2_ws/src/sar_experiment/install/crazyflie_sim/share/crazyflie_sim/hook/cmake_prefix_path.sh'
[1.696s] Level 1:colcon.colcon_core.environment:checking '/home/dlee/ros2_ws/src/sar_experiment/install/crazyflie_sim/lib'
[1.696s] Level 1:colcon.colcon_core.environment:checking '/home/dlee/ros2_ws/src/sar_experiment/install/crazyflie_sim/bin'
[1.696s] Level 1:colcon.colcon_core.environment:checking '/home/dlee/ros2_ws/src/sar_experiment/install/crazyflie_sim/lib/pkgconfig/crazyflie_sim.pc'
[1.696s] Level 1:colcon.colcon_core.environment:checking '/home/dlee/ros2_ws/src/sar_experiment/install/crazyflie_sim/lib/python3.10/site-packages'
[1.697s] Level 1:colcon.colcon_core.environment:checking '/home/dlee/ros2_ws/src/sar_experiment/install/crazyflie_sim/bin'
[1.697s] INFO:colcon.colcon_core.shell:Creating package script '/home/dlee/ros2_ws/src/sar_experiment/install/crazyflie_sim/share/crazyflie_sim/package.ps1'
[1.698s] INFO:colcon.colcon_core.shell:Creating package descriptor '/home/dlee/ros2_ws/src/sar_experiment/install/crazyflie_sim/share/crazyflie_sim/package.dsv'
[1.698s] INFO:colcon.colcon_core.shell:Creating package script '/home/dlee/ros2_ws/src/sar_experiment/install/crazyflie_sim/share/crazyflie_sim/package.sh'
[1.699s] INFO:colcon.colcon_core.shell:Creating package script '/home/dlee/ros2_ws/src/sar_experiment/install/crazyflie_sim/share/crazyflie_sim/package.bash'
[1.699s] INFO:colcon.colcon_core.shell:Creating package script '/home/dlee/ros2_ws/src/sar_experiment/install/crazyflie_sim/share/crazyflie_sim/package.zsh'
[1.700s] Level 1:colcon.colcon_core.environment:create_file_with_runtime_dependencies(/home/dlee/ros2_ws/src/sar_experiment/install/crazyflie_sim/share/colcon-core/packages/crazyflie_sim)
[1.700s] Level 1:colcon.colcon_core.environment:create_environment_scripts_only(crazyflie_sim)
[1.701s] Level 1:colcon.colcon_core.environment:checking '/home/dlee/ros2_ws/src/sar_experiment/install/crazyflie_sim' for CMake module files
[1.701s] Level 1:colcon.colcon_core.environment:checking '/home/dlee/ros2_ws/src/sar_experiment/install/crazyflie_sim' for CMake config files
[1.702s] Level 1:colcon.colcon_core.shell:create_environment_hook('crazyflie_sim', 'cmake_prefix_path')
[1.702s] INFO:colcon.colcon_core.shell:Creating environment hook '/home/dlee/ros2_ws/src/sar_experiment/install/crazyflie_sim/share/crazyflie_sim/hook/cmake_prefix_path.ps1'
[1.703s] INFO:colcon.colcon_core.shell:Creating environment descriptor '/home/dlee/ros2_ws/src/sar_experiment/install/crazyflie_sim/share/crazyflie_sim/hook/cmake_prefix_path.dsv'
[1.703s] INFO:colcon.colcon_core.shell:Creating environment hook '/home/dlee/ros2_ws/src/sar_experiment/install/crazyflie_sim/share/crazyflie_sim/hook/cmake_prefix_path.sh'
[1.704s] Level 1:colcon.colcon_core.environment:checking '/home/dlee/ros2_ws/src/sar_experiment/install/crazyflie_sim/lib'
[1.704s] Level 1:colcon.colcon_core.environment:checking '/home/dlee/ros2_ws/src/sar_experiment/install/crazyflie_sim/bin'
[1.704s] Level 1:colcon.colcon_core.environment:checking '/home/dlee/ros2_ws/src/sar_experiment/install/crazyflie_sim/lib/pkgconfig/crazyflie_sim.pc'
[1.705s] Level 1:colcon.colcon_core.environment:checking '/home/dlee/ros2_ws/src/sar_experiment/install/crazyflie_sim/lib/python3.10/site-packages'
[1.705s] Level 1:colcon.colcon_core.environment:checking '/home/dlee/ros2_ws/src/sar_experiment/install/crazyflie_sim/bin'
[1.705s] INFO:colcon.colcon_core.shell:Creating package script '/home/dlee/ros2_ws/src/sar_experiment/install/crazyflie_sim/share/crazyflie_sim/package.ps1'
[1.706s] INFO:colcon.colcon_core.shell:Creating package descriptor '/home/dlee/ros2_ws/src/sar_experiment/install/crazyflie_sim/share/crazyflie_sim/package.dsv'
[1.706s] INFO:colcon.colcon_core.shell:Creating package script '/home/dlee/ros2_ws/src/sar_experiment/install/crazyflie_sim/share/crazyflie_sim/package.sh'
[1.707s] INFO:colcon.colcon_core.shell:Creating package script '/home/dlee/ros2_ws/src/sar_experiment/install/crazyflie_sim/share/crazyflie_sim/package.bash'
[1.707s] INFO:colcon.colcon_core.shell:Creating package script '/home/dlee/ros2_ws/src/sar_experiment/install/crazyflie_sim/share/crazyflie_sim/package.zsh'
[1.708s] Level 1:colcon.colcon_core.environment:create_file_with_runtime_dependencies(/home/dlee/ros2_ws/src/sar_experiment/install/crazyflie_sim/share/colcon-core/packages/crazyflie_sim)
[1.903s] Level 1:colcon.colcon_core.environment:checking '/home/dlee/ros2_ws/src/sar_experiment/install/crazyflie_py' for CMake module files
[1.903s] DEBUG:colcon.colcon_core.event_handler.log_command:Invoked command in '/home/dlee/ros2_ws/src/sar_experiment/crazyswarm2/crazyflie_py' returned '0': AMENT_PREFIX_PATH=/home/dlee/ros2_ws/src/sar_experiment/install/crazyflie_interfaces:${AMENT_PREFIX_PATH} CMAKE_PREFIX_PATH=/home/dlee/ros2_ws/src/sar_experiment/install/crazyflie_interfaces:${CMAKE_PREFIX_PATH} LD_LIBRARY_PATH=/home/dlee/ros2_ws/src/sar_experiment/install/crazyflie_interfaces/lib:${LD_LIBRARY_PATH} PYTHONPATH=/home/dlee/ros2_ws/src/sar_experiment/build/crazyflie_py/prefix_override:/usr/lib/python3/dist-packages/colcon_core/task/python/colcon_distutils_commands:/home/dlee/ros2_ws/src/sar_experiment/install/crazyflie_py/lib/python3.10/site-packages:/home/dlee/ros2_ws/src/sar_experiment/install/crazyflie_interfaces/local/lib/python3.10/dist-packages:${PYTHONPATH} /usr/bin/python3 -W ignore:setup.py install is deprecated -W ignore:easy_install command is deprecated setup.py egg_info --egg-base ../../build/crazyflie_py build --build-base /home/dlee/ros2_ws/src/sar_experiment/build/crazyflie_py/build install --record /home/dlee/ros2_ws/src/sar_experiment/build/crazyflie_py/install.log --single-version-externally-managed install_data
[1.904s] Level 1:colcon.colcon_core.environment:checking '/home/dlee/ros2_ws/src/sar_experiment/install/crazyflie_py' for CMake config files
[1.905s] Level 1:colcon.colcon_core.environment:checking '/home/dlee/ros2_ws/src/sar_experiment/install/crazyflie_py/lib'
[1.905s] Level 1:colcon.colcon_core.environment:checking '/home/dlee/ros2_ws/src/sar_experiment/install/crazyflie_py/bin'
[1.905s] Level 1:colcon.colcon_core.environment:checking '/home/dlee/ros2_ws/src/sar_experiment/install/crazyflie_py/lib/pkgconfig/crazyflie_py.pc'
[1.905s] Level 1:colcon.colcon_core.environment:checking '/home/dlee/ros2_ws/src/sar_experiment/install/crazyflie_py/lib/python3.10/site-packages'
[1.905s] Level 1:colcon.colcon_core.shell:create_environment_hook('crazyflie_py', 'pythonpath')
[1.906s] INFO:colcon.colcon_core.shell:Creating environment hook '/home/dlee/ros2_ws/src/sar_experiment/install/crazyflie_py/share/crazyflie_py/hook/pythonpath.ps1'
[1.906s] INFO:colcon.colcon_core.shell:Creating environment descriptor '/home/dlee/ros2_ws/src/sar_experiment/install/crazyflie_py/share/crazyflie_py/hook/pythonpath.dsv'
[1.907s] INFO:colcon.colcon_core.shell:Creating environment hook '/home/dlee/ros2_ws/src/sar_experiment/install/crazyflie_py/share/crazyflie_py/hook/pythonpath.sh'
[1.907s] Level 1:colcon.colcon_core.environment:checking '/home/dlee/ros2_ws/src/sar_experiment/install/crazyflie_py/bin'
[1.908s] Level 1:colcon.colcon_core.environment:create_environment_scripts_only(crazyflie_py)
[1.908s] INFO:colcon.colcon_core.shell:Creating package script '/home/dlee/ros2_ws/src/sar_experiment/install/crazyflie_py/share/crazyflie_py/package.ps1'
[1.909s] INFO:colcon.colcon_core.shell:Creating package descriptor '/home/dlee/ros2_ws/src/sar_experiment/install/crazyflie_py/share/crazyflie_py/package.dsv'
[1.909s] INFO:colcon.colcon_core.shell:Creating package script '/home/dlee/ros2_ws/src/sar_experiment/install/crazyflie_py/share/crazyflie_py/package.sh'
[1.910s] INFO:colcon.colcon_core.shell:Creating package script '/home/dlee/ros2_ws/src/sar_experiment/install/crazyflie_py/share/crazyflie_py/package.bash'
[1.910s] INFO:colcon.colcon_core.shell:Creating package script '/home/dlee/ros2_ws/src/sar_experiment/install/crazyflie_py/share/crazyflie_py/package.zsh'
[1.911s] Level 1:colcon.colcon_core.environment:create_file_with_runtime_dependencies(/home/dlee/ros2_ws/src/sar_experiment/install/crazyflie_py/share/colcon-core/packages/crazyflie_py)
[1.911s] INFO:colcon.colcon_ros.task.ament_cmake.build:Building ROS package in '/home/dlee/ros2_ws/src/sar_experiment/crazyswarm2/crazyflie_examples' with build type 'ament_cmake'
[1.911s] INFO:colcon.colcon_cmake.task.cmake.build:Building CMake package in '/home/dlee/ros2_ws/src/sar_experiment/crazyswarm2/crazyflie_examples'
[1.912s] INFO:colcon.colcon_core.shell:Skip shell extension 'powershell' for command environment: Not usable outside of PowerShell
[1.912s] DEBUG:colcon.colcon_core.shell:Skip shell extension 'dsv' for command environment
[1.928s] DEBUG:colcon.colcon_core.event_handler.log_command:Invoking command in '/home/dlee/ros2_ws/src/sar_experiment/build/crazyflie_examples': AMENT_PREFIX_PATH=/home/dlee/ros2_ws/src/sar_experiment/install/crazyflie_py:/home/dlee/ros2_ws/src/sar_experiment/install/crazyflie_interfaces:${AMENT_PREFIX_PATH} CMAKE_PREFIX_PATH=/home/dlee/ros2_ws/src/sar_experiment/install/crazyflie_interfaces:/home/dlee/ros2_ws/install/sar_projects:/home/dlee/ros2_ws/install/sar_gazebo:/home/dlee/ros2_ws/install/sar_control:/home/dlee/ros2_ws/install/sar_msgs:/home/dlee/ros2_ws/install/sar_logging_exp:/home/dlee/ros2_ws/install/sar_logging:/home/dlee/ros2_ws/install/sar_launch:/home/dlee/ros2_ws/install/sar_general:/home/dlee/ros2_ws/install/sar_env_exp:/home/dlee/ros2_ws/install/sar_env:/home/dlee/ros2_ws/install/sar_data_converter:/home/dlee/ros2_ws/install/sar_config:/home/dlee/ros2_ws/install/my_ignition_plugin:/home/dlee/ros2_ws/install/motion_capture_tracking:/home/dlee/ros2_ws/install/crazyflie:/home/dlee/ros2_ws/install/motion_capture_tracking_interfaces:/home/dlee/ros2_ws/install/crazyflie_sim:/home/dlee/ros2_ws/install/crazyflie_examples:/home/dlee/ros2_ws/install/crazyflie_interfaces:/home/dlee/ros2_ws/install/crazyflie_py:/opt/ros/humble LD_LIBRARY_PATH=/home/dlee/ros2_ws/src/sar_experiment/install/crazyflie_interfaces/lib:${LD_LIBRARY_PATH} PYTHONPATH=/home/dlee/ros2_ws/src/sar_experiment/install/crazyflie_py/lib/python3.10/site-packages:/home/dlee/ros2_ws/src/sar_experiment/install/crazyflie_interfaces/local/lib/python3.10/dist-packages:${PYTHONPATH} /usr/bin/cmake --build /home/dlee/ros2_ws/src/sar_experiment/build/crazyflie_examples -- -j24 -l24
[2.326s] DEBUG:colcon.colcon_core.event_handler.log_command:Invoked command in '/home/dlee/ros2_ws/src/sar_experiment/build/crazyflie_examples' returned '0': AMENT_PREFIX_PATH=/home/dlee/ros2_ws/src/sar_experiment/install/crazyflie_py:/home/dlee/ros2_ws/src/sar_experiment/install/crazyflie_interfaces:${AMENT_PREFIX_PATH} CMAKE_PREFIX_PATH=/home/dlee/ros2_ws/src/sar_experiment/install/crazyflie_interfaces:/home/dlee/ros2_ws/install/sar_projects:/home/dlee/ros2_ws/install/sar_gazebo:/home/dlee/ros2_ws/install/sar_control:/home/dlee/ros2_ws/install/sar_msgs:/home/dlee/ros2_ws/install/sar_logging_exp:/home/dlee/ros2_ws/install/sar_logging:/home/dlee/ros2_ws/install/sar_launch:/home/dlee/ros2_ws/install/sar_general:/home/dlee/ros2_ws/install/sar_env_exp:/home/dlee/ros2_ws/install/sar_env:/home/dlee/ros2_ws/install/sar_data_converter:/home/dlee/ros2_ws/install/sar_config:/home/dlee/ros2_ws/install/my_ignition_plugin:/home/dlee/ros2_ws/install/motion_capture_tracking:/home/dlee/ros2_ws/install/crazyflie:/home/dlee/ros2_ws/install/motion_capture_tracking_interfaces:/home/dlee/ros2_ws/install/crazyflie_sim:/home/dlee/ros2_ws/install/crazyflie_examples:/home/dlee/ros2_ws/install/crazyflie_interfaces:/home/dlee/ros2_ws/install/crazyflie_py:/opt/ros/humble LD_LIBRARY_PATH=/home/dlee/ros2_ws/src/sar_experiment/install/crazyflie_interfaces/lib:${LD_LIBRARY_PATH} PYTHONPATH=/home/dlee/ros2_ws/src/sar_experiment/install/crazyflie_py/lib/python3.10/site-packages:/home/dlee/ros2_ws/src/sar_experiment/install/crazyflie_interfaces/local/lib/python3.10/dist-packages:${PYTHONPATH} /usr/bin/cmake --build /home/dlee/ros2_ws/src/sar_experiment/build/crazyflie_examples -- -j24 -l24
[2.327s] DEBUG:colcon.colcon_core.event_handler.log_command:Invoking command in '/home/dlee/ros2_ws/src/sar_experiment/build/crazyflie_examples': AMENT_PREFIX_PATH=/home/dlee/ros2_ws/src/sar_experiment/install/crazyflie_py:/home/dlee/ros2_ws/src/sar_experiment/install/crazyflie_interfaces:${AMENT_PREFIX_PATH} CMAKE_PREFIX_PATH=/home/dlee/ros2_ws/src/sar_experiment/install/crazyflie_interfaces:/home/dlee/ros2_ws/install/sar_projects:/home/dlee/ros2_ws/install/sar_gazebo:/home/dlee/ros2_ws/install/sar_control:/home/dlee/ros2_ws/install/sar_msgs:/home/dlee/ros2_ws/install/sar_logging_exp:/home/dlee/ros2_ws/install/sar_logging:/home/dlee/ros2_ws/install/sar_launch:/home/dlee/ros2_ws/install/sar_general:/home/dlee/ros2_ws/install/sar_env_exp:/home/dlee/ros2_ws/install/sar_env:/home/dlee/ros2_ws/install/sar_data_converter:/home/dlee/ros2_ws/install/sar_config:/home/dlee/ros2_ws/install/my_ignition_plugin:/home/dlee/ros2_ws/install/motion_capture_tracking:/home/dlee/ros2_ws/install/crazyflie:/home/dlee/ros2_ws/install/motion_capture_tracking_interfaces:/home/dlee/ros2_ws/install/crazyflie_sim:/home/dlee/ros2_ws/install/crazyflie_examples:/home/dlee/ros2_ws/install/crazyflie_interfaces:/home/dlee/ros2_ws/install/crazyflie_py:/opt/ros/humble LD_LIBRARY_PATH=/home/dlee/ros2_ws/src/sar_experiment/install/crazyflie_interfaces/lib:${LD_LIBRARY_PATH} PYTHONPATH=/home/dlee/ros2_ws/src/sar_experiment/install/crazyflie_py/lib/python3.10/site-packages:/home/dlee/ros2_ws/src/sar_experiment/install/crazyflie_interfaces/local/lib/python3.10/dist-packages:${PYTHONPATH} /usr/bin/cmake --install /home/dlee/ros2_ws/src/sar_experiment/build/crazyflie_examples
[2.376s] Level 1:colcon.colcon_core.environment:create_environment_scripts_only(crazyflie_examples)
[2.376s] Level 1:colcon.colcon_core.environment:checking '/home/dlee/ros2_ws/src/sar_experiment/install/crazyflie_examples' for CMake module files
[2.376s] DEBUG:colcon.colcon_core.event_handler.log_command:Invoked command in '/home/dlee/ros2_ws/src/sar_experiment/build/crazyflie_examples' returned '0': AMENT_PREFIX_PATH=/home/dlee/ros2_ws/src/sar_experiment/install/crazyflie_py:/home/dlee/ros2_ws/src/sar_experiment/install/crazyflie_interfaces:${AMENT_PREFIX_PATH} CMAKE_PREFIX_PATH=/home/dlee/ros2_ws/src/sar_experiment/install/crazyflie_interfaces:/home/dlee/ros2_ws/install/sar_projects:/home/dlee/ros2_ws/install/sar_gazebo:/home/dlee/ros2_ws/install/sar_control:/home/dlee/ros2_ws/install/sar_msgs:/home/dlee/ros2_ws/install/sar_logging_exp:/home/dlee/ros2_ws/install/sar_logging:/home/dlee/ros2_ws/install/sar_launch:/home/dlee/ros2_ws/install/sar_general:/home/dlee/ros2_ws/install/sar_env_exp:/home/dlee/ros2_ws/install/sar_env:/home/dlee/ros2_ws/install/sar_data_converter:/home/dlee/ros2_ws/install/sar_config:/home/dlee/ros2_ws/install/my_ignition_plugin:/home/dlee/ros2_ws/install/motion_capture_tracking:/home/dlee/ros2_ws/install/crazyflie:/home/dlee/ros2_ws/install/motion_capture_tracking_interfaces:/home/dlee/ros2_ws/install/crazyflie_sim:/home/dlee/ros2_ws/install/crazyflie_examples:/home/dlee/ros2_ws/install/crazyflie_interfaces:/home/dlee/ros2_ws/install/crazyflie_py:/opt/ros/humble LD_LIBRARY_PATH=/home/dlee/ros2_ws/src/sar_experiment/install/crazyflie_interfaces/lib:${LD_LIBRARY_PATH} PYTHONPATH=/home/dlee/ros2_ws/src/sar_experiment/install/crazyflie_py/lib/python3.10/site-packages:/home/dlee/ros2_ws/src/sar_experiment/install/crazyflie_interfaces/local/lib/python3.10/dist-packages:${PYTHONPATH} /usr/bin/cmake --install /home/dlee/ros2_ws/src/sar_experiment/build/crazyflie_examples
[2.377s] Level 1:colcon.colcon_core.environment:checking '/home/dlee/ros2_ws/src/sar_experiment/install/crazyflie_examples' for CMake config files
[2.377s] Level 1:colcon.colcon_core.shell:create_environment_hook('crazyflie_examples', 'cmake_prefix_path')
[2.377s] INFO:colcon.colcon_core.shell:Creating environment hook '/home/dlee/ros2_ws/src/sar_experiment/install/crazyflie_examples/share/crazyflie_examples/hook/cmake_prefix_path.ps1'
[2.378s] INFO:colcon.colcon_core.shell:Creating environment descriptor '/home/dlee/ros2_ws/src/sar_experiment/install/crazyflie_examples/share/crazyflie_examples/hook/cmake_prefix_path.dsv'
[2.378s] INFO:colcon.colcon_core.shell:Creating environment hook '/home/dlee/ros2_ws/src/sar_experiment/install/crazyflie_examples/share/crazyflie_examples/hook/cmake_prefix_path.sh'
[2.378s] Level 1:colcon.colcon_core.environment:checking '/home/dlee/ros2_ws/src/sar_experiment/install/crazyflie_examples/lib'
[2.378s] Level 1:colcon.colcon_core.environment:checking '/home/dlee/ros2_ws/src/sar_experiment/install/crazyflie_examples/bin'
[2.378s] Level 1:colcon.colcon_core.environment:checking '/home/dlee/ros2_ws/src/sar_experiment/install/crazyflie_examples/lib/pkgconfig/crazyflie_examples.pc'
[2.379s] Level 1:colcon.colcon_core.environment:checking '/home/dlee/ros2_ws/src/sar_experiment/install/crazyflie_examples/lib/python3.10/site-packages'
[2.379s] Level 1:colcon.colcon_core.environment:checking '/home/dlee/ros2_ws/src/sar_experiment/install/crazyflie_examples/bin'
[2.379s] INFO:colcon.colcon_core.shell:Creating package script '/home/dlee/ros2_ws/src/sar_experiment/install/crazyflie_examples/share/crazyflie_examples/package.ps1'
[2.379s] INFO:colcon.colcon_core.shell:Creating package descriptor '/home/dlee/ros2_ws/src/sar_experiment/install/crazyflie_examples/share/crazyflie_examples/package.dsv'
[2.380s] INFO:colcon.colcon_core.shell:Creating package script '/home/dlee/ros2_ws/src/sar_experiment/install/crazyflie_examples/share/crazyflie_examples/package.sh'
[2.380s] INFO:colcon.colcon_core.shell:Creating package script '/home/dlee/ros2_ws/src/sar_experiment/install/crazyflie_examples/share/crazyflie_examples/package.bash'
[2.380s] INFO:colcon.colcon_core.shell:Creating package script '/home/dlee/ros2_ws/src/sar_experiment/install/crazyflie_examples/share/crazyflie_examples/package.zsh'
[2.380s] Level 1:colcon.colcon_core.environment:create_file_with_runtime_dependencies(/home/dlee/ros2_ws/src/sar_experiment/install/crazyflie_examples/share/colcon-core/packages/crazyflie_examples)
[2.381s] Level 1:colcon.colcon_core.environment:create_environment_scripts_only(crazyflie_examples)
[2.381s] Level 1:colcon.colcon_core.environment:checking '/home/dlee/ros2_ws/src/sar_experiment/install/crazyflie_examples' for CMake module files
[2.381s] Level 1:colcon.colcon_core.environment:checking '/home/dlee/ros2_ws/src/sar_experiment/install/crazyflie_examples' for CMake config files
[2.382s] Level 1:colcon.colcon_core.shell:create_environment_hook('crazyflie_examples', 'cmake_prefix_path')
[2.382s] INFO:colcon.colcon_core.shell:Creating environment hook '/home/dlee/ros2_ws/src/sar_experiment/install/crazyflie_examples/share/crazyflie_examples/hook/cmake_prefix_path.ps1'
[2.382s] INFO:colcon.colcon_core.shell:Creating environment descriptor '/home/dlee/ros2_ws/src/sar_experiment/install/crazyflie_examples/share/crazyflie_examples/hook/cmake_prefix_path.dsv'
[2.382s] INFO:colcon.colcon_core.shell:Creating environment hook '/home/dlee/ros2_ws/src/sar_experiment/install/crazyflie_examples/share/crazyflie_examples/hook/cmake_prefix_path.sh'
[2.383s] Level 1:colcon.colcon_core.environment:checking '/home/dlee/ros2_ws/src/sar_experiment/install/crazyflie_examples/lib'
[2.383s] Level 1:colcon.colcon_core.environment:checking '/home/dlee/ros2_ws/src/sar_experiment/install/crazyflie_examples/bin'
[2.383s] Level 1:colcon.colcon_core.environment:checking '/home/dlee/ros2_ws/src/sar_experiment/install/crazyflie_examples/lib/pkgconfig/crazyflie_examples.pc'
[2.383s] Level 1:colcon.colcon_core.environment:checking '/home/dlee/ros2_ws/src/sar_experiment/install/crazyflie_examples/lib/python3.10/site-packages'
[2.383s] Level 1:colcon.colcon_core.environment:checking '/home/dlee/ros2_ws/src/sar_experiment/install/crazyflie_examples/bin'
[2.383s] INFO:colcon.colcon_core.shell:Creating package script '/home/dlee/ros2_ws/src/sar_experiment/install/crazyflie_examples/share/crazyflie_examples/package.ps1'
[2.384s] INFO:colcon.colcon_core.shell:Creating package descriptor '/home/dlee/ros2_ws/src/sar_experiment/install/crazyflie_examples/share/crazyflie_examples/package.dsv'
[2.384s] INFO:colcon.colcon_core.shell:Creating package script '/home/dlee/ros2_ws/src/sar_experiment/install/crazyflie_examples/share/crazyflie_examples/package.sh'
[2.384s] INFO:colcon.colcon_core.shell:Creating package script '/home/dlee/ros2_ws/src/sar_experiment/install/crazyflie_examples/share/crazyflie_examples/package.bash'
[2.385s] INFO:colcon.colcon_core.shell:Creating package script '/home/dlee/ros2_ws/src/sar_experiment/install/crazyflie_examples/share/crazyflie_examples/package.zsh'
[2.385s] Level 1:colcon.colcon_core.environment:create_file_with_runtime_dependencies(/home/dlee/ros2_ws/src/sar_experiment/install/crazyflie_examples/share/colcon-core/packages/crazyflie_examples)
[2.385s] DEBUG:colcon.colcon_parallel_executor.executor.parallel:closing loop
[2.385s] DEBUG:colcon.colcon_parallel_executor.executor.parallel:loop closed
[2.385s] DEBUG:colcon.colcon_parallel_executor.executor.parallel:run_until_complete finished with '0'
[2.386s] DEBUG:colcon.colcon_core.event_reactor:joining thread
[2.390s] INFO:colcon.colcon_core.plugin_system:Skipping extension 'colcon_notification.desktop_notification.terminal_notifier': Not used on non-Darwin systems
[2.390s] INFO:colcon.colcon_core.plugin_system:Skipping extension 'colcon_notification.desktop_notification.win32': Not used on non-Windows systems
[2.390s] INFO:colcon.colcon_notification.desktop_notification:Sending desktop notification using 'notify2'
[2.408s] DEBUG:colcon.colcon_core.event_reactor:joined thread
[2.408s] INFO:colcon.colcon_core.shell:Creating prefix script '/home/dlee/ros2_ws/src/sar_experiment/install/local_setup.ps1'
[2.409s] INFO:colcon.colcon_core.shell:Creating prefix util module '/home/dlee/ros2_ws/src/sar_experiment/install/_local_setup_util_ps1.py'
[2.411s] INFO:colcon.colcon_core.shell:Creating prefix chain script '/home/dlee/ros2_ws/src/sar_experiment/install/setup.ps1'
[2.413s] INFO:colcon.colcon_core.shell:Creating prefix script '/home/dlee/ros2_ws/src/sar_experiment/install/local_setup.sh'
[2.414s] INFO:colcon.colcon_core.shell:Creating prefix util module '/home/dlee/ros2_ws/src/sar_experiment/install/_local_setup_util_sh.py'
[2.415s] INFO:colcon.colcon_core.shell:Creating prefix chain script '/home/dlee/ros2_ws/src/sar_experiment/install/setup.sh'
[2.418s] INFO:colcon.colcon_core.shell:Creating prefix script '/home/dlee/ros2_ws/src/sar_experiment/install/local_setup.bash'
[2.418s] INFO:colcon.colcon_core.shell:Creating prefix chain script '/home/dlee/ros2_ws/src/sar_experiment/install/setup.bash'
[2.421s] INFO:colcon.colcon_core.shell:Creating prefix script '/home/dlee/ros2_ws/src/sar_experiment/install/local_setup.zsh'
[2.422s] INFO:colcon.colcon_core.shell:Creating prefix chain script '/home/dlee/ros2_ws/src/sar_experiment/install/setup.zsh'
