[0.019s] Invoking command in '/home/dlee/ros2_ws/src/sar_experiment/build/crazyflie_interfaces': CMAKE_PREFIX_PATH=${CMAKE_PREFIX_PATH}:/home/dlee/ros2_ws/install/crazyflie_py:/opt/ros/humble /usr/bin/cmake /home/dlee/ros2_ws/src/sar_experiment/crazyswarm2/crazyflie_interfaces -DCMAKE_INSTALL_PREFIX=/home/dlee/ros2_ws/src/sar_experiment/install/crazyflie_interfaces
[0.090s] -- The C compiler identification is GNU 11.4.0
[0.145s] -- The CXX compiler identification is GNU 11.4.0
[0.154s] -- Detecting C compiler ABI info
[0.223s] -- Detecting C compiler ABI info - done
[0.231s] -- Check for working C compiler: /usr/bin/cc - skipped
[0.231s] -- Detecting C compile features
[0.231s] -- Detecting C compile features - done
[0.234s] -- Detecting CXX compiler ABI info
[0.314s] -- Detecting CXX compiler ABI info - done
[0.321s] -- Check for working CXX compiler: /usr/bin/c++ - skipped
[0.321s] -- Detecting CXX compile features
[0.322s] -- Detecting CXX compile features - done
[0.328s] -- Found ament_cmake: 1.3.11 (/opt/ros/humble/share/ament_cmake/cmake)
[0.487s] -- Found Python3: /usr/bin/python3 (found version "3.10.12") found components: Interpreter 
[0.621s] -- Found builtin_interfaces: 1.2.1 (/opt/ros/humble/share/builtin_interfaces/cmake)
[0.673s] -- Found rosidl_generator_c: 3.1.6 (/opt/ros/humble/share/rosidl_generator_c/cmake)
[0.683s] -- Found rosidl_adapter: 3.1.6 (/opt/ros/humble/share/rosidl_adapter/cmake)
[0.698s] -- Found rosidl_generator_cpp: 3.1.6 (/opt/ros/humble/share/rosidl_generator_cpp/cmake)
[0.717s] -- Using all available rosidl_typesupport_c: rosidl_typesupport_fastrtps_c;rosidl_typesupport_introspection_c
[0.744s] -- Using all available rosidl_typesupport_cpp: rosidl_typesupport_fastrtps_cpp;rosidl_typesupport_introspection_cpp
[0.765s] -- Found geometry_msgs: 4.2.4 (/opt/ros/humble/share/geometry_msgs/cmake)
[0.800s] -- Found rosidl_default_generators: 1.2.0 (/opt/ros/humble/share/rosidl_default_generators/cmake)
[1.242s] -- Found ament_cmake_cppcheck: 0.12.11 (/opt/ros/humble/share/ament_cmake_cppcheck/cmake)
[1.246s] -- Found ament_cmake_cpplint: 0.12.11 (/opt/ros/humble/share/ament_cmake_cpplint/cmake)
[1.250s] -- Found ament_cmake_uncrustify: 0.12.11 (/opt/ros/humble/share/ament_cmake_uncrustify/cmake)
[1.255s] -- Found ament_cmake_ros: 0.10.0 (/opt/ros/humble/share/ament_cmake_ros/cmake)
[1.673s] -- Using all available rosidl_typesupport_c: rosidl_typesupport_fastrtps_c;rosidl_typesupport_introspection_c
[1.831s] -- Using all available rosidl_typesupport_cpp: rosidl_typesupport_fastrtps_cpp;rosidl_typesupport_introspection_cpp
[1.854s] -- Found PythonInterp: /usr/bin/python3 (found suitable version "3.10.12", minimum required is "3.6") 
[1.859s] -- Found python_cmake_module: 0.10.0 (/opt/ros/humble/share/python_cmake_module/cmake)
[1.884s] -- Found PythonLibs: /usr/lib/x86_64-linux-gnu/libpython3.10.so (found suitable version "3.10.12", minimum required is "3.5") 
[1.884s] -- Using PYTHON_EXECUTABLE: /usr/bin/python3
[1.884s] -- Using PYTHON_INCLUDE_DIRS: /usr/include/python3.10
[1.884s] -- Using PYTHON_LIBRARIES: /usr/lib/x86_64-linux-gnu/libpython3.10.so
[1.905s] -- Found PythonExtra: .so  
[1.993s] -- Found ament_cmake_flake8: 0.12.11 (/opt/ros/humble/share/ament_cmake_flake8/cmake)
[1.997s] -- Found ament_cmake_pep257: 0.12.11 (/opt/ros/humble/share/ament_cmake_pep257/cmake)
[2.007s] -- Configuring done
[2.083s] -- Generating done
[2.098s] -- Build files have been written to: /home/dlee/ros2_ws/src/sar_experiment/build/crazyflie_interfaces
[2.107s] Invoked command in '/home/dlee/ros2_ws/src/sar_experiment/build/crazyflie_interfaces' returned '0': CMAKE_PREFIX_PATH=${CMAKE_PREFIX_PATH}:/home/dlee/ros2_ws/install/crazyflie_py:/opt/ros/humble /usr/bin/cmake /home/dlee/ros2_ws/src/sar_experiment/crazyswarm2/crazyflie_interfaces -DCMAKE_INSTALL_PREFIX=/home/dlee/ros2_ws/src/sar_experiment/install/crazyflie_interfaces
[2.109s] Invoking command in '/home/dlee/ros2_ws/src/sar_experiment/build/crazyflie_interfaces': CMAKE_PREFIX_PATH=${CMAKE_PREFIX_PATH}:/home/dlee/ros2_ws/install/crazyflie_py:/opt/ros/humble /usr/bin/cmake --build /home/dlee/ros2_ws/src/sar_experiment/build/crazyflie_interfaces -- -j24 -l24
[2.160s] [  1%] [34m[1mGenerating C code for ROS interfaces[0m
[2.173s] [  1%] [34m[1mGenerating C++ code for ROS interfaces[0m
[2.180s] [  1%] Built target ament_cmake_python_copy_crazyflie_interfaces
[2.478s] running egg_info
[2.478s] creating crazyflie_interfaces.egg-info
[2.479s] writing crazyflie_interfaces.egg-info/PKG-INFO
[2.479s] writing dependency_links to crazyflie_interfaces.egg-info/dependency_links.txt
[2.479s] writing top-level names to crazyflie_interfaces.egg-info/top_level.txt
[2.479s] writing manifest file 'crazyflie_interfaces.egg-info/SOURCES.txt'
[2.509s] reading manifest file 'crazyflie_interfaces.egg-info/SOURCES.txt'
[2.510s] writing manifest file 'crazyflie_interfaces.egg-info/SOURCES.txt'
[2.543s] [  1%] Built target ament_cmake_python_build_crazyflie_interfaces_egg
[3.955s] [  1%] Built target crazyflie_interfaces__cpp
[3.968s] [  2%] [34m[1mGenerating C++ type support dispatch for ROS interfaces[0m
[3.968s] [  3%] [34m[1mGenerating C++ type support for eProsima Fast-RTPS[0m
[3.968s] [  4%] [34m[1mGenerating C++ introspection for ROS interfaces[0m
[4.075s] [  6%] [32mBuilding C object CMakeFiles/crazyflie_interfaces__rosidl_generator_c.dir/rosidl_generator_c/crazyflie_interfaces/msg/detail/connection_statistics_array__functions.c.o[0m
[4.076s] [  6%] [32mBuilding C object CMakeFiles/crazyflie_interfaces__rosidl_generator_c.dir/rosidl_generator_c/crazyflie_interfaces/msg/detail/connection_statistics__functions.c.o[0m
[4.076s] [  6%] [32mBuilding C object CMakeFiles/crazyflie_interfaces__rosidl_generator_c.dir/rosidl_generator_c/crazyflie_interfaces/msg/detail/log_data_generic__functions.c.o[0m
[4.076s] [  6%] [32mBuilding C object CMakeFiles/crazyflie_interfaces__rosidl_generator_c.dir/rosidl_generator_c/crazyflie_interfaces/msg/detail/position__functions.c.o[0m
[4.076s] [  7%] [32mBuilding C object CMakeFiles/crazyflie_interfaces__rosidl_generator_c.dir/rosidl_generator_c/crazyflie_interfaces/msg/detail/log_block__functions.c.o[0m
[4.077s] [  9%] [32mBuilding C object CMakeFiles/crazyflie_interfaces__rosidl_generator_c.dir/rosidl_generator_c/crazyflie_interfaces/msg/detail/trajectory_polynomial_piece__functions.c.o[0m
[4.077s] [ 10%] [32mBuilding C object CMakeFiles/crazyflie_interfaces__rosidl_generator_c.dir/rosidl_generator_c/crazyflie_interfaces/srv/detail/go_to__functions.c.o[0m
[4.077s] [ 10%] [32mBuilding C object CMakeFiles/crazyflie_interfaces__rosidl_generator_c.dir/rosidl_generator_c/crazyflie_interfaces/msg/detail/status__functions.c.o[0m
[4.077s] [ 10%] [32mBuilding C object CMakeFiles/crazyflie_interfaces__rosidl_generator_c.dir/rosidl_generator_c/crazyflie_interfaces/msg/detail/hover__functions.c.o[0m
[4.078s] [ 10%] [32mBuilding C object CMakeFiles/crazyflie_interfaces__rosidl_generator_c.dir/rosidl_generator_c/crazyflie_interfaces/srv/detail/notify_setpoints_stop__functions.c.o[0m
[4.078s] [ 10%] [32mBuilding C object CMakeFiles/crazyflie_interfaces__rosidl_generator_c.dir/rosidl_generator_c/crazyflie_interfaces/msg/detail/full_state__functions.c.o[0m
[4.078s] [ 10%] [32mBuilding C object CMakeFiles/crazyflie_interfaces__rosidl_generator_c.dir/rosidl_generator_c/crazyflie_interfaces/msg/detail/velocity_world__functions.c.o[0m
[4.079s] [ 10%] [32mBuilding C object CMakeFiles/crazyflie_interfaces__rosidl_generator_c.dir/rosidl_generator_c/crazyflie_interfaces/srv/detail/land__functions.c.o[0m
[4.079s] [ 11%] [32mBuilding C object CMakeFiles/crazyflie_interfaces__rosidl_generator_c.dir/rosidl_generator_c/crazyflie_interfaces/srv/detail/update_params__functions.c.o[0m
[4.079s] [ 12%] [32mBuilding C object CMakeFiles/crazyflie_interfaces__rosidl_generator_c.dir/rosidl_generator_c/crazyflie_interfaces/srv/detail/upload_trajectory__functions.c.o[0m
[4.079s] [ 12%] [32mBuilding C object CMakeFiles/crazyflie_interfaces__rosidl_generator_c.dir/rosidl_generator_c/crazyflie_interfaces/srv/detail/takeoff__functions.c.o[0m
[4.079s] [ 12%] [32mBuilding C object CMakeFiles/crazyflie_interfaces__rosidl_generator_c.dir/rosidl_generator_c/crazyflie_interfaces/srv/detail/start_trajectory__functions.c.o[0m
[4.079s] [ 12%] [32mBuilding C object CMakeFiles/crazyflie_interfaces__rosidl_generator_c.dir/rosidl_generator_c/crazyflie_interfaces/srv/detail/set_group_mask__functions.c.o[0m
[4.080s] [ 13%] [32mBuilding C object CMakeFiles/crazyflie_interfaces__rosidl_generator_c.dir/rosidl_generator_c/crazyflie_interfaces/srv/detail/stop__functions.c.o[0m
[4.085s] [ 14%] [32mBuilding C object CMakeFiles/crazyflie_interfaces__rosidl_generator_c.dir/rosidl_generator_c/crazyflie_interfaces/srv/detail/remove_logging__functions.c.o[0m
[4.087s] [ 14%] [32mBuilding C object CMakeFiles/crazyflie_interfaces__rosidl_generator_c.dir/rosidl_generator_c/crazyflie_interfaces/srv/detail/add_logging__functions.c.o[0m
[4.149s] [ 15%] [32mBuilding C object CMakeFiles/crazyflie_interfaces__rosidl_generator_c.dir/rosidl_generator_c/crazyflie_interfaces/srv/detail/arm__functions.c.o[0m
[4.149s] [ 15%] [32mBuilding C object CMakeFiles/crazyflie_interfaces__rosidl_generator_c.dir/rosidl_generator_c/crazyflie_interfaces/srv/detail/ctrl_cmd_srv__functions.c.o[0m
[4.204s] [ 16%] [32m[1mLinking C shared library libcrazyflie_interfaces__rosidl_generator_c.so[0m
[4.249s] [ 16%] Built target crazyflie_interfaces__rosidl_generator_c
[4.261s] [ 17%] [34m[1mGenerating C type support for eProsima Fast-RTPS[0m
[4.261s] [ 18%] [34m[1mGenerating C type support dispatch for ROS interfaces[0m
[4.262s] [ 19%] [34m[1mGenerating C introspection for ROS interfaces[0m
[5.012s] [ 21%] [32mBuilding CXX object CMakeFiles/crazyflie_interfaces__rosidl_typesupport_cpp.dir/rosidl_typesupport_cpp/crazyflie_interfaces/msg/log_block__type_support.cpp.o[0m
[5.012s] [ 21%] [32mBuilding CXX object CMakeFiles/crazyflie_interfaces__rosidl_typesupport_cpp.dir/rosidl_typesupport_cpp/crazyflie_interfaces/msg/full_state__type_support.cpp.o[0m
[5.012s] [ 21%] [32mBuilding CXX object CMakeFiles/crazyflie_interfaces__rosidl_typesupport_cpp.dir/rosidl_typesupport_cpp/crazyflie_interfaces/msg/hover__type_support.cpp.o[0m
[5.012s] [ 21%] [32mBuilding CXX object CMakeFiles/crazyflie_interfaces__rosidl_typesupport_cpp.dir/rosidl_typesupport_cpp/crazyflie_interfaces/msg/connection_statistics_array__type_support.cpp.o[0m
[5.012s] [ 21%] [32mBuilding CXX object CMakeFiles/crazyflie_interfaces__rosidl_typesupport_cpp.dir/rosidl_typesupport_cpp/crazyflie_interfaces/msg/position__type_support.cpp.o[0m
[5.012s] [ 21%] [32mBuilding CXX object CMakeFiles/crazyflie_interfaces__rosidl_typesupport_cpp.dir/rosidl_typesupport_cpp/crazyflie_interfaces/msg/trajectory_polynomial_piece__type_support.cpp.o[0m
[5.012s] [ 23%] [32mBuilding CXX object CMakeFiles/crazyflie_interfaces__rosidl_typesupport_cpp.dir/rosidl_typesupport_cpp/crazyflie_interfaces/msg/status__type_support.cpp.o[0m
[5.013s] [ 23%] [32mBuilding CXX object CMakeFiles/crazyflie_interfaces__rosidl_typesupport_cpp.dir/rosidl_typesupport_cpp/crazyflie_interfaces/msg/velocity_world__type_support.cpp.o[0m
[5.013s] [ 24%] [32mBuilding CXX object CMakeFiles/crazyflie_interfaces__rosidl_typesupport_cpp.dir/rosidl_typesupport_cpp/crazyflie_interfaces/msg/connection_statistics__type_support.cpp.o[0m
[5.013s] [ 23%] [32mBuilding CXX object CMakeFiles/crazyflie_interfaces__rosidl_typesupport_cpp.dir/rosidl_typesupport_cpp/crazyflie_interfaces/msg/log_data_generic__type_support.cpp.o[0m
[5.013s] [ 25%] [32mBuilding CXX object CMakeFiles/crazyflie_interfaces__rosidl_typesupport_cpp.dir/rosidl_typesupport_cpp/crazyflie_interfaces/srv/land__type_support.cpp.o[0m
[5.013s] [ 25%] [32mBuilding CXX object CMakeFiles/crazyflie_interfaces__rosidl_typesupport_cpp.dir/rosidl_typesupport_cpp/crazyflie_interfaces/srv/start_trajectory__type_support.cpp.o[0m
[5.013s] [ 25%] [32mBuilding CXX object CMakeFiles/crazyflie_interfaces__rosidl_typesupport_cpp.dir/rosidl_typesupport_cpp/crazyflie_interfaces/srv/stop__type_support.cpp.o[0m
[5.013s] [ 25%] [32mBuilding CXX object CMakeFiles/crazyflie_interfaces__rosidl_typesupport_cpp.dir/rosidl_typesupport_cpp/crazyflie_interfaces/srv/go_to__type_support.cpp.o[0m
[5.013s] [ 26%] [32mBuilding CXX object CMakeFiles/crazyflie_interfaces__rosidl_typesupport_cpp.dir/rosidl_typesupport_cpp/crazyflie_interfaces/srv/takeoff__type_support.cpp.o[0m
[5.014s] [ 26%] [32mBuilding CXX object CMakeFiles/crazyflie_interfaces__rosidl_typesupport_cpp.dir/rosidl_typesupport_cpp/crazyflie_interfaces/srv/set_group_mask__type_support.cpp.o[0m
[5.014s] [ 26%] [32mBuilding CXX object CMakeFiles/crazyflie_interfaces__rosidl_typesupport_cpp.dir/rosidl_typesupport_cpp/crazyflie_interfaces/srv/update_params__type_support.cpp.o[0m
[5.015s] [ 27%] [32mBuilding CXX object CMakeFiles/crazyflie_interfaces__rosidl_typesupport_cpp.dir/rosidl_typesupport_cpp/crazyflie_interfaces/srv/notify_setpoints_stop__type_support.cpp.o[0m
[5.016s] [ 28%] [32mBuilding CXX object CMakeFiles/crazyflie_interfaces__rosidl_typesupport_cpp.dir/rosidl_typesupport_cpp/crazyflie_interfaces/srv/upload_trajectory__type_support.cpp.o[0m
[5.404s] [ 28%] [32mBuilding CXX object CMakeFiles/crazyflie_interfaces__rosidl_typesupport_cpp.dir/rosidl_typesupport_cpp/crazyflie_interfaces/srv/remove_logging__type_support.cpp.o[0m
[5.413s] [ 29%] [32mBuilding CXX object CMakeFiles/crazyflie_interfaces__rosidl_typesupport_cpp.dir/rosidl_typesupport_cpp/crazyflie_interfaces/srv/add_logging__type_support.cpp.o[0m
[5.425s] [ 29%] [32mBuilding CXX object CMakeFiles/crazyflie_interfaces__rosidl_typesupport_cpp.dir/rosidl_typesupport_cpp/crazyflie_interfaces/srv/arm__type_support.cpp.o[0m
[5.433s] [ 30%] [32mBuilding CXX object CMakeFiles/crazyflie_interfaces__rosidl_typesupport_cpp.dir/rosidl_typesupport_cpp/crazyflie_interfaces/srv/ctrl_cmd_srv__type_support.cpp.o[0m
[5.477s] [ 30%] [32mBuilding CXX object CMakeFiles/crazyflie_interfaces__rosidl_typesupport_c.dir/rosidl_typesupport_c/crazyflie_interfaces/msg/connection_statistics__type_support.cpp.o[0m
[5.477s] [ 31%] [32mBuilding CXX object CMakeFiles/crazyflie_interfaces__rosidl_typesupport_c.dir/rosidl_typesupport_c/crazyflie_interfaces/msg/connection_statistics_array__type_support.cpp.o[0m
[5.479s] [ 31%] [32mBuilding CXX object CMakeFiles/crazyflie_interfaces__rosidl_typesupport_c.dir/rosidl_typesupport_c/crazyflie_interfaces/msg/full_state__type_support.cpp.o[0m
[5.483s] [ 31%] [32mBuilding CXX object CMakeFiles/crazyflie_interfaces__rosidl_typesupport_c.dir/rosidl_typesupport_c/crazyflie_interfaces/msg/hover__type_support.cpp.o[0m
[5.486s] [ 32%] [32mBuilding CXX object CMakeFiles/crazyflie_interfaces__rosidl_typesupport_c.dir/rosidl_typesupport_c/crazyflie_interfaces/msg/log_block__type_support.cpp.o[0m
[5.487s] [ 33%] [32mBuilding CXX object CMakeFiles/crazyflie_interfaces__rosidl_typesupport_c.dir/rosidl_typesupport_c/crazyflie_interfaces/msg/log_data_generic__type_support.cpp.o[0m
[5.494s] [ 33%] [32mBuilding CXX object CMakeFiles/crazyflie_interfaces__rosidl_typesupport_c.dir/rosidl_typesupport_c/crazyflie_interfaces/msg/position__type_support.cpp.o[0m
[5.495s] [ 33%] [32mBuilding CXX object CMakeFiles/crazyflie_interfaces__rosidl_typesupport_c.dir/rosidl_typesupport_c/crazyflie_interfaces/msg/status__type_support.cpp.o[0m
[5.501s] [ 34%] [32mBuilding CXX object CMakeFiles/crazyflie_interfaces__rosidl_typesupport_c.dir/rosidl_typesupport_c/crazyflie_interfaces/srv/land__type_support.cpp.o[0m
[5.501s] [ 34%] [32mBuilding CXX object CMakeFiles/crazyflie_interfaces__rosidl_typesupport_c.dir/rosidl_typesupport_c/crazyflie_interfaces/msg/trajectory_polynomial_piece__type_support.cpp.o[0m
[5.501s] [ 35%] [32mBuilding CXX object CMakeFiles/crazyflie_interfaces__rosidl_typesupport_c.dir/rosidl_typesupport_c/crazyflie_interfaces/srv/go_to__type_support.cpp.o[0m
[5.503s] [ 35%] [32mBuilding CXX object CMakeFiles/crazyflie_interfaces__rosidl_typesupport_c.dir/rosidl_typesupport_c/crazyflie_interfaces/msg/velocity_world__type_support.cpp.o[0m
[5.507s] [ 36%] [32mBuilding CXX object CMakeFiles/crazyflie_interfaces__rosidl_typesupport_c.dir/rosidl_typesupport_c/crazyflie_interfaces/srv/notify_setpoints_stop__type_support.cpp.o[0m
[5.514s] [ 36%] [32mBuilding CXX object CMakeFiles/crazyflie_interfaces__rosidl_typesupport_c.dir/rosidl_typesupport_c/crazyflie_interfaces/srv/set_group_mask__type_support.cpp.o[0m
[5.520s] [ 37%] [32mBuilding CXX object CMakeFiles/crazyflie_interfaces__rosidl_typesupport_c.dir/rosidl_typesupport_c/crazyflie_interfaces/srv/start_trajectory__type_support.cpp.o[0m
[5.522s] [ 37%] [32mBuilding CXX object CMakeFiles/crazyflie_interfaces__rosidl_typesupport_introspection_cpp.dir/rosidl_typesupport_introspection_cpp/crazyflie_interfaces/msg/detail/connection_statistics__type_support.cpp.o[0m
[5.530s] [ 38%] [32mBuilding CXX object CMakeFiles/crazyflie_interfaces__rosidl_typesupport_c.dir/rosidl_typesupport_c/crazyflie_interfaces/srv/stop__type_support.cpp.o[0m
[5.530s] [ 38%] [32mBuilding CXX object CMakeFiles/crazyflie_interfaces__rosidl_typesupport_c.dir/rosidl_typesupport_c/crazyflie_interfaces/srv/takeoff__type_support.cpp.o[0m
[5.533s] [ 39%] [32mBuilding CXX object CMakeFiles/crazyflie_interfaces__rosidl_typesupport_c.dir/rosidl_typesupport_c/crazyflie_interfaces/srv/upload_trajectory__type_support.cpp.o[0m
[5.534s] [ 39%] [32mBuilding CXX object CMakeFiles/crazyflie_interfaces__rosidl_typesupport_c.dir/rosidl_typesupport_c/crazyflie_interfaces/srv/update_params__type_support.cpp.o[0m
[5.534s] [ 39%] [32mBuilding CXX object CMakeFiles/crazyflie_interfaces__rosidl_typesupport_introspection_cpp.dir/rosidl_typesupport_introspection_cpp/crazyflie_interfaces/msg/detail/full_state__type_support.cpp.o[0m
[5.534s] [ 40%] [32mBuilding CXX object CMakeFiles/crazyflie_interfaces__rosidl_typesupport_introspection_cpp.dir/rosidl_typesupport_introspection_cpp/crazyflie_interfaces/msg/detail/connection_statistics_array__type_support.cpp.o[0m
[5.534s] [ 40%] [32mBuilding CXX object CMakeFiles/crazyflie_interfaces__rosidl_typesupport_c.dir/rosidl_typesupport_c/crazyflie_interfaces/srv/remove_logging__type_support.cpp.o[0m
[5.547s] [ 41%] [32mBuilding CXX object CMakeFiles/crazyflie_interfaces__rosidl_typesupport_c.dir/rosidl_typesupport_c/crazyflie_interfaces/srv/add_logging__type_support.cpp.o[0m
[5.548s] [ 42%] [32mBuilding CXX object CMakeFiles/crazyflie_interfaces__rosidl_typesupport_introspection_cpp.dir/rosidl_typesupport_introspection_cpp/crazyflie_interfaces/msg/detail/log_data_generic__type_support.cpp.o[0m
[5.548s] [ 43%] [32mBuilding CXX object CMakeFiles/crazyflie_interfaces__rosidl_typesupport_c.dir/rosidl_typesupport_c/crazyflie_interfaces/srv/ctrl_cmd_srv__type_support.cpp.o[0m
[5.550s] [ 43%] [32mBuilding CXX object CMakeFiles/crazyflie_interfaces__rosidl_typesupport_c.dir/rosidl_typesupport_c/crazyflie_interfaces/srv/arm__type_support.cpp.o[0m
[5.558s] [ 43%] [32mBuilding CXX object CMakeFiles/crazyflie_interfaces__rosidl_typesupport_introspection_cpp.dir/rosidl_typesupport_introspection_cpp/crazyflie_interfaces/msg/detail/hover__type_support.cpp.o[0m
[5.559s] [ 44%] [32mBuilding CXX object CMakeFiles/crazyflie_interfaces__rosidl_typesupport_introspection_cpp.dir/rosidl_typesupport_introspection_cpp/crazyflie_interfaces/msg/detail/log_block__type_support.cpp.o[0m
[5.564s] [ 44%] [32mBuilding CXX object CMakeFiles/crazyflie_interfaces__rosidl_typesupport_introspection_cpp.dir/rosidl_typesupport_introspection_cpp/crazyflie_interfaces/msg/detail/position__type_support.cpp.o[0m
[5.567s] [ 45%] [32mBuilding CXX object CMakeFiles/crazyflie_interfaces__rosidl_typesupport_introspection_cpp.dir/rosidl_typesupport_introspection_cpp/crazyflie_interfaces/msg/detail/status__type_support.cpp.o[0m
[5.575s] [ 45%] [32mBuilding CXX object CMakeFiles/crazyflie_interfaces__rosidl_typesupport_introspection_cpp.dir/rosidl_typesupport_introspection_cpp/crazyflie_interfaces/msg/detail/trajectory_polynomial_piece__type_support.cpp.o[0m
[5.581s] [ 46%] [32mBuilding CXX object CMakeFiles/crazyflie_interfaces__rosidl_typesupport_introspection_cpp.dir/rosidl_typesupport_introspection_cpp/crazyflie_interfaces/msg/detail/velocity_world__type_support.cpp.o[0m
[5.581s] [ 46%] [32mBuilding CXX object CMakeFiles/crazyflie_interfaces__rosidl_typesupport_introspection_cpp.dir/rosidl_typesupport_introspection_cpp/crazyflie_interfaces/srv/detail/go_to__type_support.cpp.o[0m
[5.583s] [ 46%] [32mBuilding CXX object CMakeFiles/crazyflie_interfaces__rosidl_typesupport_introspection_cpp.dir/rosidl_typesupport_introspection_cpp/crazyflie_interfaces/srv/detail/notify_setpoints_stop__type_support.cpp.o[0m
[5.585s] [ 47%] [32mBuilding CXX object CMakeFiles/crazyflie_interfaces__rosidl_typesupport_introspection_cpp.dir/rosidl_typesupport_introspection_cpp/crazyflie_interfaces/srv/detail/land__type_support.cpp.o[0m
[5.594s] [ 48%] [32mBuilding CXX object CMakeFiles/crazyflie_interfaces__rosidl_typesupport_introspection_cpp.dir/rosidl_typesupport_introspection_cpp/crazyflie_interfaces/srv/detail/set_group_mask__type_support.cpp.o[0m
[5.612s] [ 49%] [32mBuilding CXX object CMakeFiles/crazyflie_interfaces__rosidl_typesupport_introspection_cpp.dir/rosidl_typesupport_introspection_cpp/crazyflie_interfaces/srv/detail/stop__type_support.cpp.o[0m
[5.612s] [ 49%] [32m[1mLinking CXX shared library libcrazyflie_interfaces__rosidl_typesupport_c.so[0m
[5.617s] [ 49%] [32mBuilding CXX object CMakeFiles/crazyflie_interfaces__rosidl_typesupport_introspection_cpp.dir/rosidl_typesupport_introspection_cpp/crazyflie_interfaces/srv/detail/start_trajectory__type_support.cpp.o[0m
[5.706s] [ 49%] Built target crazyflie_interfaces__rosidl_typesupport_c
[5.732s] [ 49%] [32mBuilding CXX object CMakeFiles/crazyflie_interfaces__rosidl_typesupport_introspection_cpp.dir/rosidl_typesupport_introspection_cpp/crazyflie_interfaces/srv/detail/takeoff__type_support.cpp.o[0m
[5.776s] [ 50%] [32mBuilding CXX object CMakeFiles/crazyflie_interfaces__rosidl_typesupport_introspection_cpp.dir/rosidl_typesupport_introspection_cpp/crazyflie_interfaces/srv/detail/update_params__type_support.cpp.o[0m
[5.794s] [ 50%] [32mBuilding CXX object CMakeFiles/crazyflie_interfaces__rosidl_typesupport_introspection_cpp.dir/rosidl_typesupport_introspection_cpp/crazyflie_interfaces/srv/detail/upload_trajectory__type_support.cpp.o[0m
[5.823s] [ 51%] [32mBuilding CXX object CMakeFiles/crazyflie_interfaces__rosidl_typesupport_introspection_cpp.dir/rosidl_typesupport_introspection_cpp/crazyflie_interfaces/srv/detail/remove_logging__type_support.cpp.o[0m
[5.832s] [ 51%] [32m[1mLinking CXX shared library libcrazyflie_interfaces__rosidl_typesupport_cpp.so[0m
[5.952s] [ 51%] Built target crazyflie_interfaces__rosidl_typesupport_cpp
[6.026s] [ 51%] [32mBuilding CXX object CMakeFiles/crazyflie_interfaces__rosidl_typesupport_introspection_cpp.dir/rosidl_typesupport_introspection_cpp/crazyflie_interfaces/srv/detail/add_logging__type_support.cpp.o[0m
[6.104s] [ 52%] [32mBuilding CXX object CMakeFiles/crazyflie_interfaces__rosidl_typesupport_introspection_cpp.dir/rosidl_typesupport_introspection_cpp/crazyflie_interfaces/srv/detail/arm__type_support.cpp.o[0m
[6.107s] [ 52%] [32mBuilding CXX object CMakeFiles/crazyflie_interfaces__rosidl_typesupport_introspection_cpp.dir/rosidl_typesupport_introspection_cpp/crazyflie_interfaces/srv/detail/ctrl_cmd_srv__type_support.cpp.o[0m
[6.254s] [ 52%] [32mBuilding C object CMakeFiles/crazyflie_interfaces__rosidl_typesupport_introspection_c.dir/rosidl_typesupport_introspection_c/crazyflie_interfaces/msg/detail/connection_statistics__type_support.c.o[0m
[6.254s] [ 53%] [32mBuilding C object CMakeFiles/crazyflie_interfaces__rosidl_typesupport_introspection_c.dir/rosidl_typesupport_introspection_c/crazyflie_interfaces/msg/detail/full_state__type_support.c.o[0m
[6.254s] [ 53%] [32mBuilding C object CMakeFiles/crazyflie_interfaces__rosidl_typesupport_introspection_c.dir/rosidl_typesupport_introspection_c/crazyflie_interfaces/msg/detail/connection_statistics_array__type_support.c.o[0m
[6.254s] [ 54%] [32mBuilding C object CMakeFiles/crazyflie_interfaces__rosidl_typesupport_introspection_c.dir/rosidl_typesupport_introspection_c/crazyflie_interfaces/msg/detail/log_data_generic__type_support.c.o[0m
[6.257s] [ 55%] [32mBuilding C object CMakeFiles/crazyflie_interfaces__rosidl_typesupport_introspection_c.dir/rosidl_typesupport_introspection_c/crazyflie_interfaces/msg/detail/status__type_support.c.o[0m
[6.257s] [ 55%] [32mBuilding C object CMakeFiles/crazyflie_interfaces__rosidl_typesupport_introspection_c.dir/rosidl_typesupport_introspection_c/crazyflie_interfaces/msg/detail/hover__type_support.c.o[0m
[6.257s] [ 57%] [32mBuilding CXX object CMakeFiles/crazyflie_interfaces__rosidl_typesupport_fastrtps_cpp.dir/rosidl_typesupport_fastrtps_cpp/crazyflie_interfaces/msg/detail/dds_fastrtps/connection_statistics_array__type_support.cpp.o[0m
[6.258s] [ 57%] [32mBuilding C object CMakeFiles/crazyflie_interfaces__rosidl_typesupport_introspection_c.dir/rosidl_typesupport_introspection_c/crazyflie_interfaces/msg/detail/trajectory_polynomial_piece__type_support.c.o[0m
[6.258s] [ 57%] [32mBuilding C object CMakeFiles/crazyflie_interfaces__rosidl_typesupport_introspection_c.dir/rosidl_typesupport_introspection_c/crazyflie_interfaces/msg/detail/position__type_support.c.o[0m
[6.258s] [ 57%] [32mBuilding C object CMakeFiles/crazyflie_interfaces__rosidl_typesupport_introspection_c.dir/rosidl_typesupport_introspection_c/crazyflie_interfaces/msg/detail/log_block__type_support.c.o[0m
[6.259s] [ 57%] [32mBuilding CXX object CMakeFiles/crazyflie_interfaces__rosidl_typesupport_fastrtps_c.dir/rosidl_typesupport_fastrtps_c/crazyflie_interfaces/msg/detail/connection_statistics__type_support_c.cpp.o[0m
[6.259s] [ 57%] [32mBuilding CXX object CMakeFiles/crazyflie_interfaces__rosidl_typesupport_fastrtps_cpp.dir/rosidl_typesupport_fastrtps_cpp/crazyflie_interfaces/msg/detail/dds_fastrtps/connection_statistics__type_support.cpp.o[0m
[6.260s] [ 57%] [32mBuilding CXX object CMakeFiles/crazyflie_interfaces__rosidl_typesupport_fastrtps_cpp.dir/rosidl_typesupport_fastrtps_cpp/crazyflie_interfaces/msg/detail/dds_fastrtps/full_state__type_support.cpp.o[0m
[6.260s] [ 57%] [32mBuilding C object CMakeFiles/crazyflie_interfaces__rosidl_typesupport_introspection_c.dir/rosidl_typesupport_introspection_c/crazyflie_interfaces/srv/detail/go_to__type_support.c.o[0m
[6.261s] [ 58%] [32mBuilding CXX object CMakeFiles/crazyflie_interfaces__rosidl_typesupport_fastrtps_cpp.dir/rosidl_typesupport_fastrtps_cpp/crazyflie_interfaces/msg/detail/dds_fastrtps/log_data_generic__type_support.cpp.o[0m
[6.262s] [ 59%] [32mBuilding C object CMakeFiles/crazyflie_interfaces__rosidl_typesupport_introspection_c.dir/rosidl_typesupport_introspection_c/crazyflie_interfaces/msg/detail/velocity_world__type_support.c.o[0m
[6.266s] [ 60%] [32mBuilding CXX object CMakeFiles/crazyflie_interfaces__rosidl_typesupport_fastrtps_c.dir/rosidl_typesupport_fastrtps_c/crazyflie_interfaces/msg/detail/connection_statistics_array__type_support_c.cpp.o[0m
[6.278s] [ 61%] [32mBuilding C object CMakeFiles/crazyflie_interfaces__rosidl_typesupport_introspection_c.dir/rosidl_typesupport_introspection_c/crazyflie_interfaces/srv/detail/land__type_support.c.o[0m
[6.314s] [ 61%] [32mBuilding CXX object CMakeFiles/crazyflie_interfaces__rosidl_typesupport_fastrtps_cpp.dir/rosidl_typesupport_fastrtps_cpp/crazyflie_interfaces/msg/detail/dds_fastrtps/hover__type_support.cpp.o[0m
[6.319s] [ 62%] [32mBuilding CXX object CMakeFiles/crazyflie_interfaces__rosidl_typesupport_fastrtps_c.dir/rosidl_typesupport_fastrtps_c/crazyflie_interfaces/msg/detail/log_data_generic__type_support_c.cpp.o[0m
[6.321s] [ 62%] [32mBuilding CXX object CMakeFiles/crazyflie_interfaces__rosidl_typesupport_fastrtps_c.dir/rosidl_typesupport_fastrtps_c/crazyflie_interfaces/msg/detail/full_state__type_support_c.cpp.o[0m
[6.321s] [ 62%] [32mBuilding C object CMakeFiles/crazyflie_interfaces__rosidl_typesupport_introspection_c.dir/rosidl_typesupport_introspection_c/crazyflie_interfaces/srv/detail/notify_setpoints_stop__type_support.c.o[0m
[6.321s] [ 62%] [32mBuilding C object CMakeFiles/crazyflie_interfaces__rosidl_typesupport_introspection_c.dir/rosidl_typesupport_introspection_c/crazyflie_interfaces/srv/detail/start_trajectory__type_support.c.o[0m
[6.323s] [ 63%] [32mBuilding CXX object CMakeFiles/crazyflie_interfaces__rosidl_typesupport_fastrtps_c.dir/rosidl_typesupport_fastrtps_c/crazyflie_interfaces/msg/detail/log_block__type_support_c.cpp.o[0m
[6.323s] [ 63%] [32mBuilding CXX object CMakeFiles/crazyflie_interfaces__rosidl_typesupport_fastrtps_c.dir/rosidl_typesupport_fastrtps_c/crazyflie_interfaces/msg/detail/hover__type_support_c.cpp.o[0m
[6.323s] [ 64%] [32mBuilding C object CMakeFiles/crazyflie_interfaces__rosidl_typesupport_introspection_c.dir/rosidl_typesupport_introspection_c/crazyflie_interfaces/srv/detail/set_group_mask__type_support.c.o[0m
[6.326s] [ 65%] [32mBuilding C object CMakeFiles/crazyflie_interfaces__rosidl_typesupport_introspection_c.dir/rosidl_typesupport_introspection_c/crazyflie_interfaces/srv/detail/stop__type_support.c.o[0m
[6.336s] [ 65%] [32mBuilding C object CMakeFiles/crazyflie_interfaces__rosidl_typesupport_introspection_c.dir/rosidl_typesupport_introspection_c/crazyflie_interfaces/srv/detail/takeoff__type_support.c.o[0m
[6.339s] [ 66%] [32mBuilding CXX object CMakeFiles/crazyflie_interfaces__rosidl_typesupport_fastrtps_cpp.dir/rosidl_typesupport_fastrtps_cpp/crazyflie_interfaces/msg/detail/dds_fastrtps/log_block__type_support.cpp.o[0m
[6.346s] [ 66%] [32mBuilding CXX object CMakeFiles/crazyflie_interfaces__rosidl_typesupport_fastrtps_cpp.dir/rosidl_typesupport_fastrtps_cpp/crazyflie_interfaces/msg/detail/dds_fastrtps/position__type_support.cpp.o[0m
[6.365s] [ 67%] [32mBuilding C object CMakeFiles/crazyflie_interfaces__rosidl_typesupport_introspection_c.dir/rosidl_typesupport_introspection_c/crazyflie_interfaces/srv/detail/update_params__type_support.c.o[0m
[6.378s] [ 67%] [32mBuilding CXX object CMakeFiles/crazyflie_interfaces__rosidl_typesupport_fastrtps_c.dir/rosidl_typesupport_fastrtps_c/crazyflie_interfaces/msg/detail/position__type_support_c.cpp.o[0m
[6.382s] [ 68%] [32mBuilding CXX object CMakeFiles/crazyflie_interfaces__rosidl_typesupport_fastrtps_cpp.dir/rosidl_typesupport_fastrtps_cpp/crazyflie_interfaces/msg/detail/dds_fastrtps/trajectory_polynomial_piece__type_support.cpp.o[0m
[6.382s] [ 68%] [32mBuilding CXX object CMakeFiles/crazyflie_interfaces__rosidl_typesupport_fastrtps_cpp.dir/rosidl_typesupport_fastrtps_cpp/crazyflie_interfaces/msg/detail/dds_fastrtps/status__type_support.cpp.o[0m
[6.391s] [ 69%] [32mBuilding CXX object CMakeFiles/crazyflie_interfaces__rosidl_typesupport_fastrtps_c.dir/rosidl_typesupport_fastrtps_c/crazyflie_interfaces/msg/detail/status__type_support_c.cpp.o[0m
[6.407s] [ 69%] [32mBuilding CXX object CMakeFiles/crazyflie_interfaces__rosidl_typesupport_fastrtps_c.dir/rosidl_typesupport_fastrtps_c/crazyflie_interfaces/msg/detail/trajectory_polynomial_piece__type_support_c.cpp.o[0m
[6.410s] [ 69%] [32mBuilding C object CMakeFiles/crazyflie_interfaces__rosidl_typesupport_introspection_c.dir/rosidl_typesupport_introspection_c/crazyflie_interfaces/srv/detail/upload_trajectory__type_support.c.o[0m
[6.470s] [ 70%] [32mBuilding C object CMakeFiles/crazyflie_interfaces__rosidl_typesupport_introspection_c.dir/rosidl_typesupport_introspection_c/crazyflie_interfaces/srv/detail/remove_logging__type_support.c.o[0m
[6.473s] [ 70%] [32mBuilding C object CMakeFiles/crazyflie_interfaces__rosidl_typesupport_introspection_c.dir/rosidl_typesupport_introspection_c/crazyflie_interfaces/srv/detail/add_logging__type_support.c.o[0m
[6.532s] [ 71%] [32mBuilding CXX object CMakeFiles/crazyflie_interfaces__rosidl_typesupport_fastrtps_c.dir/rosidl_typesupport_fastrtps_c/crazyflie_interfaces/msg/detail/velocity_world__type_support_c.cpp.o[0m
[6.568s] [ 71%] [32mBuilding C object CMakeFiles/crazyflie_interfaces__rosidl_typesupport_introspection_c.dir/rosidl_typesupport_introspection_c/crazyflie_interfaces/srv/detail/arm__type_support.c.o[0m
[6.575s] [ 72%] [32mBuilding CXX object CMakeFiles/crazyflie_interfaces__rosidl_typesupport_fastrtps_cpp.dir/rosidl_typesupport_fastrtps_cpp/crazyflie_interfaces/msg/detail/dds_fastrtps/velocity_world__type_support.cpp.o[0m
[6.595s] [ 73%] [32mBuilding C object CMakeFiles/crazyflie_interfaces__rosidl_typesupport_introspection_c.dir/rosidl_typesupport_introspection_c/crazyflie_interfaces/srv/detail/ctrl_cmd_srv__type_support.c.o[0m
[6.603s] [ 73%] [32mBuilding CXX object CMakeFiles/crazyflie_interfaces__rosidl_typesupport_fastrtps_cpp.dir/rosidl_typesupport_fastrtps_cpp/crazyflie_interfaces/srv/detail/dds_fastrtps/go_to__type_support.cpp.o[0m
[6.640s] [ 74%] [32m[1mLinking CXX shared library libcrazyflie_interfaces__rosidl_typesupport_introspection_cpp.so[0m
[6.647s] [ 75%] [32mBuilding CXX object CMakeFiles/crazyflie_interfaces__rosidl_typesupport_fastrtps_cpp.dir/rosidl_typesupport_fastrtps_cpp/crazyflie_interfaces/srv/detail/dds_fastrtps/land__type_support.cpp.o[0m
[6.671s] [ 75%] [32m[1mLinking C shared library libcrazyflie_interfaces__rosidl_typesupport_introspection_c.so[0m
[6.770s] [ 75%] Built target crazyflie_interfaces__rosidl_typesupport_introspection_c
[6.782s] [ 75%] [32mBuilding CXX object CMakeFiles/crazyflie_interfaces__rosidl_typesupport_fastrtps_c.dir/rosidl_typesupport_fastrtps_c/crazyflie_interfaces/srv/detail/go_to__type_support_c.cpp.o[0m
[6.787s] [ 75%] [32mBuilding CXX object CMakeFiles/crazyflie_interfaces__rosidl_typesupport_fastrtps_c.dir/rosidl_typesupport_fastrtps_c/crazyflie_interfaces/srv/detail/notify_setpoints_stop__type_support_c.cpp.o[0m
[6.796s] [ 75%] [32mBuilding CXX object CMakeFiles/crazyflie_interfaces__rosidl_typesupport_fastrtps_cpp.dir/rosidl_typesupport_fastrtps_cpp/crazyflie_interfaces/srv/detail/dds_fastrtps/notify_setpoints_stop__type_support.cpp.o[0m
[6.800s] [ 76%] [32mBuilding CXX object CMakeFiles/crazyflie_interfaces__rosidl_typesupport_fastrtps_cpp.dir/rosidl_typesupport_fastrtps_cpp/crazyflie_interfaces/srv/detail/dds_fastrtps/set_group_mask__type_support.cpp.o[0m
[6.800s] [ 77%] [32mBuilding CXX object CMakeFiles/crazyflie_interfaces__rosidl_typesupport_fastrtps_c.dir/rosidl_typesupport_fastrtps_c/crazyflie_interfaces/srv/detail/land__type_support_c.cpp.o[0m
[6.841s] [ 78%] [32mBuilding CXX object CMakeFiles/crazyflie_interfaces__rosidl_typesupport_fastrtps_c.dir/rosidl_typesupport_fastrtps_c/crazyflie_interfaces/srv/detail/set_group_mask__type_support_c.cpp.o[0m
[6.849s] [ 78%] [32mBuilding CXX object CMakeFiles/crazyflie_interfaces__rosidl_typesupport_fastrtps_cpp.dir/rosidl_typesupport_fastrtps_cpp/crazyflie_interfaces/srv/detail/dds_fastrtps/start_trajectory__type_support.cpp.o[0m
[6.863s] [ 78%] Built target crazyflie_interfaces__rosidl_typesupport_introspection_cpp
[6.866s] [ 79%] [32mBuilding CXX object CMakeFiles/crazyflie_interfaces__rosidl_typesupport_fastrtps_cpp.dir/rosidl_typesupport_fastrtps_cpp/crazyflie_interfaces/srv/detail/dds_fastrtps/stop__type_support.cpp.o[0m
[6.867s] [ 79%] [32mBuilding CXX object CMakeFiles/crazyflie_interfaces__rosidl_typesupport_fastrtps_c.dir/rosidl_typesupport_fastrtps_c/crazyflie_interfaces/srv/detail/start_trajectory__type_support_c.cpp.o[0m
[6.875s] [ 79%] [32mBuilding CXX object CMakeFiles/crazyflie_interfaces__rosidl_typesupport_fastrtps_c.dir/rosidl_typesupport_fastrtps_c/crazyflie_interfaces/srv/detail/stop__type_support_c.cpp.o[0m
[6.875s] [ 79%] [32mBuilding CXX object CMakeFiles/crazyflie_interfaces__rosidl_typesupport_fastrtps_cpp.dir/rosidl_typesupport_fastrtps_cpp/crazyflie_interfaces/srv/detail/dds_fastrtps/update_params__type_support.cpp.o[0m
[6.877s] [ 79%] [32mBuilding CXX object CMakeFiles/crazyflie_interfaces__rosidl_typesupport_fastrtps_cpp.dir/rosidl_typesupport_fastrtps_cpp/crazyflie_interfaces/srv/detail/dds_fastrtps/takeoff__type_support.cpp.o[0m
[6.882s] [ 80%] [32mBuilding CXX object CMakeFiles/crazyflie_interfaces__rosidl_typesupport_fastrtps_cpp.dir/rosidl_typesupport_fastrtps_cpp/crazyflie_interfaces/srv/detail/dds_fastrtps/upload_trajectory__type_support.cpp.o[0m
[6.893s] [ 81%] [32mBuilding CXX object CMakeFiles/crazyflie_interfaces__rosidl_typesupport_fastrtps_c.dir/rosidl_typesupport_fastrtps_c/crazyflie_interfaces/srv/detail/takeoff__type_support_c.cpp.o[0m
[6.893s] [ 81%] [32mBuilding CXX object CMakeFiles/crazyflie_interfaces__rosidl_typesupport_fastrtps_cpp.dir/rosidl_typesupport_fastrtps_cpp/crazyflie_interfaces/srv/detail/dds_fastrtps/remove_logging__type_support.cpp.o[0m
[6.896s] [ 81%] [32mBuilding CXX object CMakeFiles/crazyflie_interfaces__rosidl_typesupport_fastrtps_c.dir/rosidl_typesupport_fastrtps_c/crazyflie_interfaces/srv/detail/update_params__type_support_c.cpp.o[0m
[6.930s] [ 82%] [32mBuilding CXX object CMakeFiles/crazyflie_interfaces__rosidl_typesupport_fastrtps_cpp.dir/rosidl_typesupport_fastrtps_cpp/crazyflie_interfaces/srv/detail/dds_fastrtps/add_logging__type_support.cpp.o[0m
[6.931s] [ 82%] [32mBuilding CXX object CMakeFiles/crazyflie_interfaces__rosidl_typesupport_fastrtps_cpp.dir/rosidl_typesupport_fastrtps_cpp/crazyflie_interfaces/srv/detail/dds_fastrtps/arm__type_support.cpp.o[0m
[6.989s] [ 83%] [32mBuilding CXX object CMakeFiles/crazyflie_interfaces__rosidl_typesupport_fastrtps_cpp.dir/rosidl_typesupport_fastrtps_cpp/crazyflie_interfaces/srv/detail/dds_fastrtps/ctrl_cmd_srv__type_support.cpp.o[0m
[7.029s] [ 84%] [32mBuilding CXX object CMakeFiles/crazyflie_interfaces__rosidl_typesupport_fastrtps_c.dir/rosidl_typesupport_fastrtps_c/crazyflie_interfaces/srv/detail/upload_trajectory__type_support_c.cpp.o[0m
[7.064s] [ 84%] [32mBuilding CXX object CMakeFiles/crazyflie_interfaces__rosidl_typesupport_fastrtps_c.dir/rosidl_typesupport_fastrtps_c/crazyflie_interfaces/srv/detail/remove_logging__type_support_c.cpp.o[0m
[7.143s] [ 85%] [32mBuilding CXX object CMakeFiles/crazyflie_interfaces__rosidl_typesupport_fastrtps_c.dir/rosidl_typesupport_fastrtps_c/crazyflie_interfaces/srv/detail/add_logging__type_support_c.cpp.o[0m
[7.205s] [ 85%] [32mBuilding CXX object CMakeFiles/crazyflie_interfaces__rosidl_typesupport_fastrtps_c.dir/rosidl_typesupport_fastrtps_c/crazyflie_interfaces/srv/detail/arm__type_support_c.cpp.o[0m
[7.267s] [ 86%] [32mBuilding CXX object CMakeFiles/crazyflie_interfaces__rosidl_typesupport_fastrtps_c.dir/rosidl_typesupport_fastrtps_c/crazyflie_interfaces/srv/detail/ctrl_cmd_srv__type_support_c.cpp.o[0m
[7.533s] [ 86%] [32m[1mLinking CXX shared library libcrazyflie_interfaces__rosidl_typesupport_fastrtps_cpp.so[0m
[7.619s] [ 86%] Built target crazyflie_interfaces__rosidl_typesupport_fastrtps_cpp
[7.632s] [ 86%] [32m[1mLinking CXX shared library libcrazyflie_interfaces__rosidl_typesupport_fastrtps_c.so[0m
[7.708s] [ 86%] Built target crazyflie_interfaces__rosidl_typesupport_fastrtps_c
[7.728s] [ 86%] Built target crazyflie_interfaces
[7.751s] [ 86%] [34m[1mGenerating Python code for ROS interfaces[0m
[10.660s] [ 86%] Built target crazyflie_interfaces__py
[10.684s] [ 86%] [32mBuilding C object CMakeFiles/crazyflie_interfaces__rosidl_generator_py.dir/rosidl_generator_py/crazyflie_interfaces/msg/_log_data_generic_s.c.o[0m
[10.688s] [ 86%] [32mBuilding C object CMakeFiles/crazyflie_interfaces__rosidl_generator_py.dir/rosidl_generator_py/crazyflie_interfaces/msg/_full_state_s.c.o[0m
[10.688s] [ 86%] [32mBuilding C object CMakeFiles/crazyflie_interfaces__rosidl_generator_py.dir/rosidl_generator_py/crazyflie_interfaces/msg/_connection_statistics_s.c.o[0m
[10.688s] [ 86%] [32mBuilding C object CMakeFiles/crazyflie_interfaces__rosidl_generator_py.dir/rosidl_generator_py/crazyflie_interfaces/msg/_status_s.c.o[0m
[10.688s] [ 87%] [32mBuilding C object CMakeFiles/crazyflie_interfaces__rosidl_generator_py.dir/rosidl_generator_py/crazyflie_interfaces/msg/_connection_statistics_array_s.c.o[0m
[10.688s] [ 89%] [32mBuilding C object CMakeFiles/crazyflie_interfaces__rosidl_generator_py.dir/rosidl_generator_py/crazyflie_interfaces/msg/_hover_s.c.o[0m
[10.688s] [ 89%] [32mBuilding C object CMakeFiles/crazyflie_interfaces__rosidl_generator_py.dir/rosidl_generator_py/crazyflie_interfaces/msg/_velocity_world_s.c.o[0m
[10.688s] [ 89%] [32mBuilding C object CMakeFiles/crazyflie_interfaces__rosidl_generator_py.dir/rosidl_generator_py/crazyflie_interfaces/msg/_log_block_s.c.o[0m
[10.689s] [ 90%] [32mBuilding C object CMakeFiles/crazyflie_interfaces__rosidl_generator_py.dir/rosidl_generator_py/crazyflie_interfaces/srv/_start_trajectory_s.c.o[0m
[10.689s] [ 90%] [32mBuilding C object CMakeFiles/crazyflie_interfaces__rosidl_generator_py.dir/rosidl_generator_py/crazyflie_interfaces/srv/_set_group_mask_s.c.o[0m
[10.689s] [ 91%] [32mBuilding C object CMakeFiles/crazyflie_interfaces__rosidl_generator_py.dir/rosidl_generator_py/crazyflie_interfaces/srv/_takeoff_s.c.o[0m
[10.689s] [ 89%] [32mBuilding C object CMakeFiles/crazyflie_interfaces__rosidl_generator_py.dir/rosidl_generator_py/crazyflie_interfaces/msg/_position_s.c.o[0m
[10.689s] [ 92%] [32mBuilding C object CMakeFiles/crazyflie_interfaces__rosidl_generator_py.dir/rosidl_generator_py/crazyflie_interfaces/msg/_trajectory_polynomial_piece_s.c.o[0m
[10.690s] [ 93%] [32mBuilding C object CMakeFiles/crazyflie_interfaces__rosidl_generator_py.dir/rosidl_generator_py/crazyflie_interfaces/srv/_go_to_s.c.o[0m
[10.690s] [ 94%] [32mBuilding C object CMakeFiles/crazyflie_interfaces__rosidl_generator_py.dir/rosidl_generator_py/crazyflie_interfaces/srv/_notify_setpoints_stop_s.c.o[0m
[10.690s] [ 94%] [32mBuilding C object CMakeFiles/crazyflie_interfaces__rosidl_generator_py.dir/rosidl_generator_py/crazyflie_interfaces/srv/_update_params_s.c.o[0m
[10.690s] [ 91%] [32mBuilding C object CMakeFiles/crazyflie_interfaces__rosidl_generator_py.dir/rosidl_generator_py/crazyflie_interfaces/srv/_land_s.c.o[0m
[10.690s] [ 95%] [32mBuilding C object CMakeFiles/crazyflie_interfaces__rosidl_generator_py.dir/rosidl_generator_py/crazyflie_interfaces/srv/_upload_trajectory_s.c.o[0m
[10.690s] [ 95%] [32mBuilding C object CMakeFiles/crazyflie_interfaces__rosidl_generator_py.dir/rosidl_generator_py/crazyflie_interfaces/srv/_stop_s.c.o[0m
[10.691s] [ 96%] [32mBuilding C object CMakeFiles/crazyflie_interfaces__rosidl_generator_py.dir/rosidl_generator_py/crazyflie_interfaces/srv/_add_logging_s.c.o[0m
[10.693s] [ 96%] [32mBuilding C object CMakeFiles/crazyflie_interfaces__rosidl_generator_py.dir/rosidl_generator_py/crazyflie_interfaces/srv/_remove_logging_s.c.o[0m
[10.693s] [ 97%] [32mBuilding C object CMakeFiles/crazyflie_interfaces__rosidl_generator_py.dir/rosidl_generator_py/crazyflie_interfaces/srv/_ctrl_cmd_srv_s.c.o[0m
[10.695s] [ 97%] [32mBuilding C object CMakeFiles/crazyflie_interfaces__rosidl_generator_py.dir/rosidl_generator_py/crazyflie_interfaces/srv/_arm_s.c.o[0m
[10.906s] [ 97%] [32m[1mLinking C shared library rosidl_generator_py/crazyflie_interfaces/libcrazyflie_interfaces__rosidl_generator_py.so[0m
[10.956s] [ 97%] Built target crazyflie_interfaces__rosidl_generator_py
[10.979s] [ 98%] [32mBuilding C object CMakeFiles/crazyflie_interfaces__rosidl_typesupport_c__pyext.dir/rosidl_generator_py/crazyflie_interfaces/_crazyflie_interfaces_s.ep.rosidl_typesupport_c.c.o[0m
[10.979s] [ 99%] [32mBuilding C object CMakeFiles/crazyflie_interfaces__rosidl_typesupport_fastrtps_c__pyext.dir/rosidl_generator_py/crazyflie_interfaces/_crazyflie_interfaces_s.ep.rosidl_typesupport_fastrtps_c.c.o[0m
[10.981s] [100%] [32mBuilding C object CMakeFiles/crazyflie_interfaces__rosidl_typesupport_introspection_c__pyext.dir/rosidl_generator_py/crazyflie_interfaces/_crazyflie_interfaces_s.ep.rosidl_typesupport_introspection_c.c.o[0m
[11.185s] [100%] [32m[1mLinking C shared library rosidl_generator_py/crazyflie_interfaces/crazyflie_interfaces_s__rosidl_typesupport_introspection_c.cpython-310-x86_64-linux-gnu.so[0m
[11.187s] [100%] [32m[1mLinking C shared library rosidl_generator_py/crazyflie_interfaces/crazyflie_interfaces_s__rosidl_typesupport_fastrtps_c.cpython-310-x86_64-linux-gnu.so[0m
[11.197s] [100%] [32m[1mLinking C shared library rosidl_generator_py/crazyflie_interfaces/crazyflie_interfaces_s__rosidl_typesupport_c.cpython-310-x86_64-linux-gnu.so[0m
[11.233s] [100%] Built target crazyflie_interfaces__rosidl_typesupport_introspection_c__pyext
[11.236s] [100%] Built target crazyflie_interfaces__rosidl_typesupport_fastrtps_c__pyext
[11.244s] [100%] Built target crazyflie_interfaces__rosidl_typesupport_c__pyext
[11.260s] Invoked command in '/home/dlee/ros2_ws/src/sar_experiment/build/crazyflie_interfaces' returned '0': CMAKE_PREFIX_PATH=${CMAKE_PREFIX_PATH}:/home/dlee/ros2_ws/install/crazyflie_py:/opt/ros/humble /usr/bin/cmake --build /home/dlee/ros2_ws/src/sar_experiment/build/crazyflie_interfaces -- -j24 -l24
[11.262s] Invoking command in '/home/dlee/ros2_ws/src/sar_experiment/build/crazyflie_interfaces': CMAKE_PREFIX_PATH=${CMAKE_PREFIX_PATH}:/home/dlee/ros2_ws/install/crazyflie_py:/opt/ros/humble /usr/bin/cmake --install /home/dlee/ros2_ws/src/sar_experiment/build/crazyflie_interfaces
[11.271s] -- Install configuration: ""
[11.271s] -- Installing: /home/dlee/ros2_ws/src/sar_experiment/install/crazyflie_interfaces/share/ament_index/resource_index/rosidl_interfaces/crazyflie_interfaces
[11.271s] -- Installing: /home/dlee/ros2_ws/src/sar_experiment/install/crazyflie_interfaces/include/crazyflie_interfaces/crazyflie_interfaces
[11.271s] -- Installing: /home/dlee/ros2_ws/src/sar_experiment/install/crazyflie_interfaces/include/crazyflie_interfaces/crazyflie_interfaces/srv
[11.271s] -- Installing: /home/dlee/ros2_ws/src/sar_experiment/install/crazyflie_interfaces/include/crazyflie_interfaces/crazyflie_interfaces/srv/add_logging.h
[11.272s] -- Installing: /home/dlee/ros2_ws/src/sar_experiment/install/crazyflie_interfaces/include/crazyflie_interfaces/crazyflie_interfaces/srv/land.h
[11.272s] -- Installing: /home/dlee/ros2_ws/src/sar_experiment/install/crazyflie_interfaces/include/crazyflie_interfaces/crazyflie_interfaces/srv/arm.h
[11.272s] -- Installing: /home/dlee/ros2_ws/src/sar_experiment/install/crazyflie_interfaces/include/crazyflie_interfaces/crazyflie_interfaces/srv/takeoff.h
[11.272s] -- Installing: /home/dlee/ros2_ws/src/sar_experiment/install/crazyflie_interfaces/include/crazyflie_interfaces/crazyflie_interfaces/srv/remove_logging.h
[11.272s] -- Installing: /home/dlee/ros2_ws/src/sar_experiment/install/crazyflie_interfaces/include/crazyflie_interfaces/crazyflie_interfaces/srv/notify_setpoints_stop.h
[11.272s] -- Installing: /home/dlee/ros2_ws/src/sar_experiment/install/crazyflie_interfaces/include/crazyflie_interfaces/crazyflie_interfaces/srv/detail
[11.272s] -- Installing: /home/dlee/ros2_ws/src/sar_experiment/install/crazyflie_interfaces/include/crazyflie_interfaces/crazyflie_interfaces/srv/detail/stop__type_support.h
[11.273s] -- Installing: /home/dlee/ros2_ws/src/sar_experiment/install/crazyflie_interfaces/include/crazyflie_interfaces/crazyflie_interfaces/srv/detail/upload_trajectory__type_support.h
[11.273s] -- Installing: /home/dlee/ros2_ws/src/sar_experiment/install/crazyflie_interfaces/include/crazyflie_interfaces/crazyflie_interfaces/srv/detail/stop__struct.h
[11.273s] -- Installing: /home/dlee/ros2_ws/src/sar_experiment/install/crazyflie_interfaces/include/crazyflie_interfaces/crazyflie_interfaces/srv/detail/add_logging__functions.c
[11.273s] -- Installing: /home/dlee/ros2_ws/src/sar_experiment/install/crazyflie_interfaces/include/crazyflie_interfaces/crazyflie_interfaces/srv/detail/go_to__type_support.h
[11.273s] -- Installing: /home/dlee/ros2_ws/src/sar_experiment/install/crazyflie_interfaces/include/crazyflie_interfaces/crazyflie_interfaces/srv/detail/remove_logging__functions.c
[11.273s] -- Installing: /home/dlee/ros2_ws/src/sar_experiment/install/crazyflie_interfaces/include/crazyflie_interfaces/crazyflie_interfaces/srv/detail/notify_setpoints_stop__functions.c
[11.274s] -- Installing: /home/dlee/ros2_ws/src/sar_experiment/install/crazyflie_interfaces/include/crazyflie_interfaces/crazyflie_interfaces/srv/detail/notify_setpoints_stop__type_support.h
[11.274s] -- Installing: /home/dlee/ros2_ws/src/sar_experiment/install/crazyflie_interfaces/include/crazyflie_interfaces/crazyflie_interfaces/srv/detail/arm__type_support.h
[11.274s] -- Installing: /home/dlee/ros2_ws/src/sar_experiment/install/crazyflie_interfaces/include/crazyflie_interfaces/crazyflie_interfaces/srv/detail/update_params__type_support.h
[11.274s] -- Installing: /home/dlee/ros2_ws/src/sar_experiment/install/crazyflie_interfaces/include/crazyflie_interfaces/crazyflie_interfaces/srv/detail/arm__struct.h
[11.274s] -- Installing: /home/dlee/ros2_ws/src/sar_experiment/install/crazyflie_interfaces/include/crazyflie_interfaces/crazyflie_interfaces/srv/detail/takeoff__type_support.h
[11.274s] -- Installing: /home/dlee/ros2_ws/src/sar_experiment/install/crazyflie_interfaces/include/crazyflie_interfaces/crazyflie_interfaces/srv/detail/start_trajectory__functions.c
[11.274s] -- Installing: /home/dlee/ros2_ws/src/sar_experiment/install/crazyflie_interfaces/include/crazyflie_interfaces/crazyflie_interfaces/srv/detail/go_to__struct.h
[11.275s] -- Installing: /home/dlee/ros2_ws/src/sar_experiment/install/crazyflie_interfaces/include/crazyflie_interfaces/crazyflie_interfaces/srv/detail/takeoff__functions.c
[11.275s] -- Installing: /home/dlee/ros2_ws/src/sar_experiment/install/crazyflie_interfaces/include/crazyflie_interfaces/crazyflie_interfaces/srv/detail/remove_logging__functions.h
[11.275s] -- Installing: /home/dlee/ros2_ws/src/sar_experiment/install/crazyflie_interfaces/include/crazyflie_interfaces/crazyflie_interfaces/srv/detail/add_logging__functions.h
[11.275s] -- Installing: /home/dlee/ros2_ws/src/sar_experiment/install/crazyflie_interfaces/include/crazyflie_interfaces/crazyflie_interfaces/srv/detail/takeoff__struct.h
[11.275s] -- Installing: /home/dlee/ros2_ws/src/sar_experiment/install/crazyflie_interfaces/include/crazyflie_interfaces/crazyflie_interfaces/srv/detail/set_group_mask__functions.h
[11.275s] -- Installing: /home/dlee/ros2_ws/src/sar_experiment/install/crazyflie_interfaces/include/crazyflie_interfaces/crazyflie_interfaces/srv/detail/stop__functions.h
[11.276s] -- Installing: /home/dlee/ros2_ws/src/sar_experiment/install/crazyflie_interfaces/include/crazyflie_interfaces/crazyflie_interfaces/srv/detail/arm__functions.h
[11.276s] -- Installing: /home/dlee/ros2_ws/src/sar_experiment/install/crazyflie_interfaces/include/crazyflie_interfaces/crazyflie_interfaces/srv/detail/start_trajectory__type_support.h
[11.276s] -- Installing: /home/dlee/ros2_ws/src/sar_experiment/install/crazyflie_interfaces/include/crazyflie_interfaces/crazyflie_interfaces/srv/detail/set_group_mask__struct.h
[11.276s] -- Installing: /home/dlee/ros2_ws/src/sar_experiment/install/crazyflie_interfaces/include/crazyflie_interfaces/crazyflie_interfaces/srv/detail/takeoff__functions.h
[11.276s] -- Installing: /home/dlee/ros2_ws/src/sar_experiment/install/crazyflie_interfaces/include/crazyflie_interfaces/crazyflie_interfaces/srv/detail/remove_logging__struct.h
[11.276s] -- Installing: /home/dlee/ros2_ws/src/sar_experiment/install/crazyflie_interfaces/include/crazyflie_interfaces/crazyflie_interfaces/srv/detail/upload_trajectory__functions.c
[11.277s] -- Installing: /home/dlee/ros2_ws/src/sar_experiment/install/crazyflie_interfaces/include/crazyflie_interfaces/crazyflie_interfaces/srv/detail/update_params__functions.h
[11.277s] -- Installing: /home/dlee/ros2_ws/src/sar_experiment/install/crazyflie_interfaces/include/crazyflie_interfaces/crazyflie_interfaces/srv/detail/remove_logging__type_support.h
[11.277s] -- Installing: /home/dlee/ros2_ws/src/sar_experiment/install/crazyflie_interfaces/include/crazyflie_interfaces/crazyflie_interfaces/srv/detail/add_logging__struct.h
[11.277s] -- Installing: /home/dlee/ros2_ws/src/sar_experiment/install/crazyflie_interfaces/include/crazyflie_interfaces/crazyflie_interfaces/srv/detail/go_to__functions.h
[11.277s] -- Installing: /home/dlee/ros2_ws/src/sar_experiment/install/crazyflie_interfaces/include/crazyflie_interfaces/crazyflie_interfaces/srv/detail/land__functions.c
[11.277s] -- Installing: /home/dlee/ros2_ws/src/sar_experiment/install/crazyflie_interfaces/include/crazyflie_interfaces/crazyflie_interfaces/srv/detail/upload_trajectory__functions.h
[11.278s] -- Installing: /home/dlee/ros2_ws/src/sar_experiment/install/crazyflie_interfaces/include/crazyflie_interfaces/crazyflie_interfaces/srv/detail/set_group_mask__functions.c
[11.278s] -- Installing: /home/dlee/ros2_ws/src/sar_experiment/install/crazyflie_interfaces/include/crazyflie_interfaces/crazyflie_interfaces/srv/detail/upload_trajectory__struct.h
[11.278s] -- Installing: /home/dlee/ros2_ws/src/sar_experiment/install/crazyflie_interfaces/include/crazyflie_interfaces/crazyflie_interfaces/srv/detail/add_logging__type_support.h
[11.278s] -- Installing: /home/dlee/ros2_ws/src/sar_experiment/install/crazyflie_interfaces/include/crazyflie_interfaces/crazyflie_interfaces/srv/detail/land__struct.h
[11.278s] -- Installing: /home/dlee/ros2_ws/src/sar_experiment/install/crazyflie_interfaces/include/crazyflie_interfaces/crazyflie_interfaces/srv/detail/land__functions.h
[11.278s] -- Installing: /home/dlee/ros2_ws/src/sar_experiment/install/crazyflie_interfaces/include/crazyflie_interfaces/crazyflie_interfaces/srv/detail/ctrl_cmd_srv__type_support.h
[11.278s] -- Installing: /home/dlee/ros2_ws/src/sar_experiment/install/crazyflie_interfaces/include/crazyflie_interfaces/crazyflie_interfaces/srv/detail/ctrl_cmd_srv__struct.h
[11.279s] -- Installing: /home/dlee/ros2_ws/src/sar_experiment/install/crazyflie_interfaces/include/crazyflie_interfaces/crazyflie_interfaces/srv/detail/ctrl_cmd_srv__functions.h
[11.279s] -- Installing: /home/dlee/ros2_ws/src/sar_experiment/install/crazyflie_interfaces/include/crazyflie_interfaces/crazyflie_interfaces/srv/detail/set_group_mask__type_support.h
[11.279s] -- Installing: /home/dlee/ros2_ws/src/sar_experiment/install/crazyflie_interfaces/include/crazyflie_interfaces/crazyflie_interfaces/srv/detail/stop__functions.c
[11.279s] -- Installing: /home/dlee/ros2_ws/src/sar_experiment/install/crazyflie_interfaces/include/crazyflie_interfaces/crazyflie_interfaces/srv/detail/land__type_support.h
[11.279s] -- Installing: /home/dlee/ros2_ws/src/sar_experiment/install/crazyflie_interfaces/include/crazyflie_interfaces/crazyflie_interfaces/srv/detail/go_to__functions.c
[11.279s] -- Installing: /home/dlee/ros2_ws/src/sar_experiment/install/crazyflie_interfaces/include/crazyflie_interfaces/crazyflie_interfaces/srv/detail/ctrl_cmd_srv__functions.c
[11.280s] -- Installing: /home/dlee/ros2_ws/src/sar_experiment/install/crazyflie_interfaces/include/crazyflie_interfaces/crazyflie_interfaces/srv/detail/start_trajectory__functions.h
[11.280s] -- Installing: /home/dlee/ros2_ws/src/sar_experiment/install/crazyflie_interfaces/include/crazyflie_interfaces/crazyflie_interfaces/srv/detail/arm__functions.c
[11.280s] -- Installing: /home/dlee/ros2_ws/src/sar_experiment/install/crazyflie_interfaces/include/crazyflie_interfaces/crazyflie_interfaces/srv/detail/start_trajectory__struct.h
[11.280s] -- Installing: /home/dlee/ros2_ws/src/sar_experiment/install/crazyflie_interfaces/include/crazyflie_interfaces/crazyflie_interfaces/srv/detail/update_params__struct.h
[11.280s] -- Installing: /home/dlee/ros2_ws/src/sar_experiment/install/crazyflie_interfaces/include/crazyflie_interfaces/crazyflie_interfaces/srv/detail/notify_setpoints_stop__functions.h
[11.280s] -- Installing: /home/dlee/ros2_ws/src/sar_experiment/install/crazyflie_interfaces/include/crazyflie_interfaces/crazyflie_interfaces/srv/detail/update_params__functions.c
[11.281s] -- Installing: /home/dlee/ros2_ws/src/sar_experiment/install/crazyflie_interfaces/include/crazyflie_interfaces/crazyflie_interfaces/srv/detail/notify_setpoints_stop__struct.h
[11.281s] -- Installing: /home/dlee/ros2_ws/src/sar_experiment/install/crazyflie_interfaces/include/crazyflie_interfaces/crazyflie_interfaces/srv/stop.h
[11.281s] -- Installing: /home/dlee/ros2_ws/src/sar_experiment/install/crazyflie_interfaces/include/crazyflie_interfaces/crazyflie_interfaces/srv/set_group_mask.h
[11.281s] -- Installing: /home/dlee/ros2_ws/src/sar_experiment/install/crazyflie_interfaces/include/crazyflie_interfaces/crazyflie_interfaces/srv/update_params.h
[11.281s] -- Installing: /home/dlee/ros2_ws/src/sar_experiment/install/crazyflie_interfaces/include/crazyflie_interfaces/crazyflie_interfaces/srv/ctrl_cmd_srv.h
[11.281s] -- Installing: /home/dlee/ros2_ws/src/sar_experiment/install/crazyflie_interfaces/include/crazyflie_interfaces/crazyflie_interfaces/srv/upload_trajectory.h
[11.281s] -- Installing: /home/dlee/ros2_ws/src/sar_experiment/install/crazyflie_interfaces/include/crazyflie_interfaces/crazyflie_interfaces/srv/start_trajectory.h
[11.281s] -- Installing: /home/dlee/ros2_ws/src/sar_experiment/install/crazyflie_interfaces/include/crazyflie_interfaces/crazyflie_interfaces/srv/go_to.h
[11.282s] -- Installing: /home/dlee/ros2_ws/src/sar_experiment/install/crazyflie_interfaces/include/crazyflie_interfaces/crazyflie_interfaces/msg
[11.282s] -- Installing: /home/dlee/ros2_ws/src/sar_experiment/install/crazyflie_interfaces/include/crazyflie_interfaces/crazyflie_interfaces/msg/rosidl_generator_c__visibility_control.h
[11.282s] -- Installing: /home/dlee/ros2_ws/src/sar_experiment/install/crazyflie_interfaces/include/crazyflie_interfaces/crazyflie_interfaces/msg/connection_statistics.h
[11.282s] -- Installing: /home/dlee/ros2_ws/src/sar_experiment/install/crazyflie_interfaces/include/crazyflie_interfaces/crazyflie_interfaces/msg/status.h
[11.282s] -- Installing: /home/dlee/ros2_ws/src/sar_experiment/install/crazyflie_interfaces/include/crazyflie_interfaces/crazyflie_interfaces/msg/detail
[11.282s] -- Installing: /home/dlee/ros2_ws/src/sar_experiment/install/crazyflie_interfaces/include/crazyflie_interfaces/crazyflie_interfaces/msg/detail/trajectory_polynomial_piece__type_support.h
[11.283s] -- Installing: /home/dlee/ros2_ws/src/sar_experiment/install/crazyflie_interfaces/include/crazyflie_interfaces/crazyflie_interfaces/msg/detail/connection_statistics_array__functions.c
[11.283s] -- Installing: /home/dlee/ros2_ws/src/sar_experiment/install/crazyflie_interfaces/include/crazyflie_interfaces/crazyflie_interfaces/msg/detail/trajectory_polynomial_piece__struct.h
[11.283s] -- Installing: /home/dlee/ros2_ws/src/sar_experiment/install/crazyflie_interfaces/include/crazyflie_interfaces/crazyflie_interfaces/msg/detail/position__functions.h
[11.283s] -- Installing: /home/dlee/ros2_ws/src/sar_experiment/install/crazyflie_interfaces/include/crazyflie_interfaces/crazyflie_interfaces/msg/detail/hover__functions.c
[11.283s] -- Installing: /home/dlee/ros2_ws/src/sar_experiment/install/crazyflie_interfaces/include/crazyflie_interfaces/crazyflie_interfaces/msg/detail/hover__type_support.h
[11.283s] -- Installing: /home/dlee/ros2_ws/src/sar_experiment/install/crazyflie_interfaces/include/crazyflie_interfaces/crazyflie_interfaces/msg/detail/trajectory_polynomial_piece__functions.h
[11.283s] -- Installing: /home/dlee/ros2_ws/src/sar_experiment/install/crazyflie_interfaces/include/crazyflie_interfaces/crazyflie_interfaces/msg/detail/position__type_support.h
[11.284s] -- Installing: /home/dlee/ros2_ws/src/sar_experiment/install/crazyflie_interfaces/include/crazyflie_interfaces/crazyflie_interfaces/msg/detail/log_data_generic__type_support.h
[11.284s] -- Installing: /home/dlee/ros2_ws/src/sar_experiment/install/crazyflie_interfaces/include/crazyflie_interfaces/crazyflie_interfaces/msg/detail/log_data_generic__functions.c
[11.284s] -- Installing: /home/dlee/ros2_ws/src/sar_experiment/install/crazyflie_interfaces/include/crazyflie_interfaces/crazyflie_interfaces/msg/detail/connection_statistics_array__type_support.h
[11.284s] -- Installing: /home/dlee/ros2_ws/src/sar_experiment/install/crazyflie_interfaces/include/crazyflie_interfaces/crazyflie_interfaces/msg/detail/hover__functions.h
[11.284s] -- Installing: /home/dlee/ros2_ws/src/sar_experiment/install/crazyflie_interfaces/include/crazyflie_interfaces/crazyflie_interfaces/msg/detail/status__struct.h
[11.284s] -- Installing: /home/dlee/ros2_ws/src/sar_experiment/install/crazyflie_interfaces/include/crazyflie_interfaces/crazyflie_interfaces/msg/detail/full_state__functions.h
[11.284s] -- Installing: /home/dlee/ros2_ws/src/sar_experiment/install/crazyflie_interfaces/include/crazyflie_interfaces/crazyflie_interfaces/msg/detail/log_data_generic__struct.h
[11.285s] -- Installing: /home/dlee/ros2_ws/src/sar_experiment/install/crazyflie_interfaces/include/crazyflie_interfaces/crazyflie_interfaces/msg/detail/status__type_support.h
[11.285s] -- Installing: /home/dlee/ros2_ws/src/sar_experiment/install/crazyflie_interfaces/include/crazyflie_interfaces/crazyflie_interfaces/msg/detail/full_state__functions.c
[11.285s] -- Installing: /home/dlee/ros2_ws/src/sar_experiment/install/crazyflie_interfaces/include/crazyflie_interfaces/crazyflie_interfaces/msg/detail/velocity_world__functions.c
[11.285s] -- Installing: /home/dlee/ros2_ws/src/sar_experiment/install/crazyflie_interfaces/include/crazyflie_interfaces/crazyflie_interfaces/msg/detail/status__functions.h
[11.285s] -- Installing: /home/dlee/ros2_ws/src/sar_experiment/install/crazyflie_interfaces/include/crazyflie_interfaces/crazyflie_interfaces/msg/detail/velocity_world__type_support.h
[11.285s] -- Installing: /home/dlee/ros2_ws/src/sar_experiment/install/crazyflie_interfaces/include/crazyflie_interfaces/crazyflie_interfaces/msg/detail/connection_statistics_array__functions.h
[11.285s] -- Installing: /home/dlee/ros2_ws/src/sar_experiment/install/crazyflie_interfaces/include/crazyflie_interfaces/crazyflie_interfaces/msg/detail/log_data_generic__functions.h
[11.286s] -- Installing: /home/dlee/ros2_ws/src/sar_experiment/install/crazyflie_interfaces/include/crazyflie_interfaces/crazyflie_interfaces/msg/detail/velocity_world__functions.h
[11.286s] -- Installing: /home/dlee/ros2_ws/src/sar_experiment/install/crazyflie_interfaces/include/crazyflie_interfaces/crazyflie_interfaces/msg/detail/full_state__struct.h
[11.286s] -- Installing: /home/dlee/ros2_ws/src/sar_experiment/install/crazyflie_interfaces/include/crazyflie_interfaces/crazyflie_interfaces/msg/detail/log_block__functions.h
[11.286s] -- Installing: /home/dlee/ros2_ws/src/sar_experiment/install/crazyflie_interfaces/include/crazyflie_interfaces/crazyflie_interfaces/msg/detail/hover__struct.h
[11.286s] -- Installing: /home/dlee/ros2_ws/src/sar_experiment/install/crazyflie_interfaces/include/crazyflie_interfaces/crazyflie_interfaces/msg/detail/connection_statistics_array__struct.h
[11.286s] -- Installing: /home/dlee/ros2_ws/src/sar_experiment/install/crazyflie_interfaces/include/crazyflie_interfaces/crazyflie_interfaces/msg/detail/trajectory_polynomial_piece__functions.c
[11.286s] -- Installing: /home/dlee/ros2_ws/src/sar_experiment/install/crazyflie_interfaces/include/crazyflie_interfaces/crazyflie_interfaces/msg/detail/status__functions.c
[11.287s] -- Installing: /home/dlee/ros2_ws/src/sar_experiment/install/crazyflie_interfaces/include/crazyflie_interfaces/crazyflie_interfaces/msg/detail/connection_statistics__functions.h
[11.287s] -- Installing: /home/dlee/ros2_ws/src/sar_experiment/install/crazyflie_interfaces/include/crazyflie_interfaces/crazyflie_interfaces/msg/detail/connection_statistics__functions.c
[11.287s] -- Installing: /home/dlee/ros2_ws/src/sar_experiment/install/crazyflie_interfaces/include/crazyflie_interfaces/crazyflie_interfaces/msg/detail/full_state__type_support.h
[11.287s] -- Installing: /home/dlee/ros2_ws/src/sar_experiment/install/crazyflie_interfaces/include/crazyflie_interfaces/crazyflie_interfaces/msg/detail/log_block__type_support.h
[11.287s] -- Installing: /home/dlee/ros2_ws/src/sar_experiment/install/crazyflie_interfaces/include/crazyflie_interfaces/crazyflie_interfaces/msg/detail/position__struct.h
[11.287s] -- Installing: /home/dlee/ros2_ws/src/sar_experiment/install/crazyflie_interfaces/include/crazyflie_interfaces/crazyflie_interfaces/msg/detail/velocity_world__struct.h
[11.287s] -- Installing: /home/dlee/ros2_ws/src/sar_experiment/install/crazyflie_interfaces/include/crazyflie_interfaces/crazyflie_interfaces/msg/detail/connection_statistics__type_support.h
[11.288s] -- Installing: /home/dlee/ros2_ws/src/sar_experiment/install/crazyflie_interfaces/include/crazyflie_interfaces/crazyflie_interfaces/msg/detail/position__functions.c
[11.288s] -- Installing: /home/dlee/ros2_ws/src/sar_experiment/install/crazyflie_interfaces/include/crazyflie_interfaces/crazyflie_interfaces/msg/detail/log_block__functions.c
[11.288s] -- Installing: /home/dlee/ros2_ws/src/sar_experiment/install/crazyflie_interfaces/include/crazyflie_interfaces/crazyflie_interfaces/msg/detail/connection_statistics__struct.h
[11.288s] -- Installing: /home/dlee/ros2_ws/src/sar_experiment/install/crazyflie_interfaces/include/crazyflie_interfaces/crazyflie_interfaces/msg/detail/log_block__struct.h
[11.288s] -- Installing: /home/dlee/ros2_ws/src/sar_experiment/install/crazyflie_interfaces/include/crazyflie_interfaces/crazyflie_interfaces/msg/connection_statistics_array.h
[11.288s] -- Installing: /home/dlee/ros2_ws/src/sar_experiment/install/crazyflie_interfaces/include/crazyflie_interfaces/crazyflie_interfaces/msg/log_block.h
[11.288s] -- Installing: /home/dlee/ros2_ws/src/sar_experiment/install/crazyflie_interfaces/include/crazyflie_interfaces/crazyflie_interfaces/msg/hover.h
[11.289s] -- Installing: /home/dlee/ros2_ws/src/sar_experiment/install/crazyflie_interfaces/include/crazyflie_interfaces/crazyflie_interfaces/msg/position.h
[11.289s] -- Installing: /home/dlee/ros2_ws/src/sar_experiment/install/crazyflie_interfaces/include/crazyflie_interfaces/crazyflie_interfaces/msg/velocity_world.h
[11.289s] -- Installing: /home/dlee/ros2_ws/src/sar_experiment/install/crazyflie_interfaces/include/crazyflie_interfaces/crazyflie_interfaces/msg/log_data_generic.h
[11.289s] -- Installing: /home/dlee/ros2_ws/src/sar_experiment/install/crazyflie_interfaces/include/crazyflie_interfaces/crazyflie_interfaces/msg/full_state.h
[11.289s] -- Installing: /home/dlee/ros2_ws/src/sar_experiment/install/crazyflie_interfaces/include/crazyflie_interfaces/crazyflie_interfaces/msg/trajectory_polynomial_piece.h
[11.289s] -- Installing: /home/dlee/ros2_ws/src/sar_experiment/install/crazyflie_interfaces/share/crazyflie_interfaces/environment/library_path.sh
[11.290s] -- Installing: /home/dlee/ros2_ws/src/sar_experiment/install/crazyflie_interfaces/share/crazyflie_interfaces/environment/library_path.dsv
[11.290s] -- Installing: /home/dlee/ros2_ws/src/sar_experiment/install/crazyflie_interfaces/lib/libcrazyflie_interfaces__rosidl_generator_c.so
[11.291s] -- Set runtime path of "/home/dlee/ros2_ws/src/sar_experiment/install/crazyflie_interfaces/lib/libcrazyflie_interfaces__rosidl_generator_c.so" to ""
[11.291s] -- Up-to-date: /home/dlee/ros2_ws/src/sar_experiment/install/crazyflie_interfaces/include/crazyflie_interfaces/crazyflie_interfaces
[11.291s] -- Up-to-date: /home/dlee/ros2_ws/src/sar_experiment/install/crazyflie_interfaces/include/crazyflie_interfaces/crazyflie_interfaces/srv
[11.291s] -- Up-to-date: /home/dlee/ros2_ws/src/sar_experiment/install/crazyflie_interfaces/include/crazyflie_interfaces/crazyflie_interfaces/srv/detail
[11.291s] -- Installing: /home/dlee/ros2_ws/src/sar_experiment/install/crazyflie_interfaces/include/crazyflie_interfaces/crazyflie_interfaces/srv/detail/remove_logging__rosidl_typesupport_fastrtps_c.h
[11.291s] -- Installing: /home/dlee/ros2_ws/src/sar_experiment/install/crazyflie_interfaces/include/crazyflie_interfaces/crazyflie_interfaces/srv/detail/update_params__rosidl_typesupport_fastrtps_c.h
[11.291s] -- Installing: /home/dlee/ros2_ws/src/sar_experiment/install/crazyflie_interfaces/include/crazyflie_interfaces/crazyflie_interfaces/srv/detail/arm__rosidl_typesupport_fastrtps_c.h
[11.291s] -- Installing: /home/dlee/ros2_ws/src/sar_experiment/install/crazyflie_interfaces/include/crazyflie_interfaces/crazyflie_interfaces/srv/detail/start_trajectory__rosidl_typesupport_fastrtps_c.h
[11.291s] -- Installing: /home/dlee/ros2_ws/src/sar_experiment/install/crazyflie_interfaces/include/crazyflie_interfaces/crazyflie_interfaces/srv/detail/notify_setpoints_stop__rosidl_typesupport_fastrtps_c.h
[11.292s] -- Installing: /home/dlee/ros2_ws/src/sar_experiment/install/crazyflie_interfaces/include/crazyflie_interfaces/crazyflie_interfaces/srv/detail/land__rosidl_typesupport_fastrtps_c.h
[11.292s] -- Installing: /home/dlee/ros2_ws/src/sar_experiment/install/crazyflie_interfaces/include/crazyflie_interfaces/crazyflie_interfaces/srv/detail/set_group_mask__rosidl_typesupport_fastrtps_c.h
[11.292s] -- Installing: /home/dlee/ros2_ws/src/sar_experiment/install/crazyflie_interfaces/include/crazyflie_interfaces/crazyflie_interfaces/srv/detail/upload_trajectory__rosidl_typesupport_fastrtps_c.h
[11.292s] -- Installing: /home/dlee/ros2_ws/src/sar_experiment/install/crazyflie_interfaces/include/crazyflie_interfaces/crazyflie_interfaces/srv/detail/ctrl_cmd_srv__rosidl_typesupport_fastrtps_c.h
[11.292s] -- Installing: /home/dlee/ros2_ws/src/sar_experiment/install/crazyflie_interfaces/include/crazyflie_interfaces/crazyflie_interfaces/srv/detail/go_to__rosidl_typesupport_fastrtps_c.h
[11.292s] -- Installing: /home/dlee/ros2_ws/src/sar_experiment/install/crazyflie_interfaces/include/crazyflie_interfaces/crazyflie_interfaces/srv/detail/stop__rosidl_typesupport_fastrtps_c.h
[11.293s] -- Installing: /home/dlee/ros2_ws/src/sar_experiment/install/crazyflie_interfaces/include/crazyflie_interfaces/crazyflie_interfaces/srv/detail/takeoff__rosidl_typesupport_fastrtps_c.h
[11.293s] -- Installing: /home/dlee/ros2_ws/src/sar_experiment/install/crazyflie_interfaces/include/crazyflie_interfaces/crazyflie_interfaces/srv/detail/add_logging__rosidl_typesupport_fastrtps_c.h
[11.293s] -- Up-to-date: /home/dlee/ros2_ws/src/sar_experiment/install/crazyflie_interfaces/include/crazyflie_interfaces/crazyflie_interfaces/msg
[11.293s] -- Up-to-date: /home/dlee/ros2_ws/src/sar_experiment/install/crazyflie_interfaces/include/crazyflie_interfaces/crazyflie_interfaces/msg/detail
[11.293s] -- Installing: /home/dlee/ros2_ws/src/sar_experiment/install/crazyflie_interfaces/include/crazyflie_interfaces/crazyflie_interfaces/msg/detail/position__rosidl_typesupport_fastrtps_c.h
[11.293s] -- Installing: /home/dlee/ros2_ws/src/sar_experiment/install/crazyflie_interfaces/include/crazyflie_interfaces/crazyflie_interfaces/msg/detail/full_state__rosidl_typesupport_fastrtps_c.h
[11.293s] -- Installing: /home/dlee/ros2_ws/src/sar_experiment/install/crazyflie_interfaces/include/crazyflie_interfaces/crazyflie_interfaces/msg/detail/log_block__rosidl_typesupport_fastrtps_c.h
[11.293s] -- Installing: /home/dlee/ros2_ws/src/sar_experiment/install/crazyflie_interfaces/include/crazyflie_interfaces/crazyflie_interfaces/msg/detail/connection_statistics_array__rosidl_typesupport_fastrtps_c.h
[11.294s] -- Installing: /home/dlee/ros2_ws/src/sar_experiment/install/crazyflie_interfaces/include/crazyflie_interfaces/crazyflie_interfaces/msg/detail/log_data_generic__rosidl_typesupport_fastrtps_c.h
[11.294s] -- Installing: /home/dlee/ros2_ws/src/sar_experiment/install/crazyflie_interfaces/include/crazyflie_interfaces/crazyflie_interfaces/msg/detail/status__rosidl_typesupport_fastrtps_c.h
[11.294s] -- Installing: /home/dlee/ros2_ws/src/sar_experiment/install/crazyflie_interfaces/include/crazyflie_interfaces/crazyflie_interfaces/msg/detail/velocity_world__rosidl_typesupport_fastrtps_c.h
[11.294s] -- Installing: /home/dlee/ros2_ws/src/sar_experiment/install/crazyflie_interfaces/include/crazyflie_interfaces/crazyflie_interfaces/msg/detail/hover__rosidl_typesupport_fastrtps_c.h
[11.294s] -- Installing: /home/dlee/ros2_ws/src/sar_experiment/install/crazyflie_interfaces/include/crazyflie_interfaces/crazyflie_interfaces/msg/detail/trajectory_polynomial_piece__rosidl_typesupport_fastrtps_c.h
[11.295s] -- Installing: /home/dlee/ros2_ws/src/sar_experiment/install/crazyflie_interfaces/include/crazyflie_interfaces/crazyflie_interfaces/msg/detail/connection_statistics__rosidl_typesupport_fastrtps_c.h
[11.295s] -- Installing: /home/dlee/ros2_ws/src/sar_experiment/install/crazyflie_interfaces/include/crazyflie_interfaces/crazyflie_interfaces/msg/rosidl_typesupport_fastrtps_c__visibility_control.h
[11.295s] -- Installing: /home/dlee/ros2_ws/src/sar_experiment/install/crazyflie_interfaces/lib/libcrazyflie_interfaces__rosidl_typesupport_fastrtps_c.so
[11.296s] -- Set runtime path of "/home/dlee/ros2_ws/src/sar_experiment/install/crazyflie_interfaces/lib/libcrazyflie_interfaces__rosidl_typesupport_fastrtps_c.so" to ""
[11.296s] -- Up-to-date: /home/dlee/ros2_ws/src/sar_experiment/install/crazyflie_interfaces/include/crazyflie_interfaces/crazyflie_interfaces
[11.296s] -- Up-to-date: /home/dlee/ros2_ws/src/sar_experiment/install/crazyflie_interfaces/include/crazyflie_interfaces/crazyflie_interfaces/srv
[11.296s] -- Installing: /home/dlee/ros2_ws/src/sar_experiment/install/crazyflie_interfaces/include/crazyflie_interfaces/crazyflie_interfaces/srv/start_trajectory.hpp
[11.296s] -- Installing: /home/dlee/ros2_ws/src/sar_experiment/install/crazyflie_interfaces/include/crazyflie_interfaces/crazyflie_interfaces/srv/add_logging.hpp
[11.297s] -- Installing: /home/dlee/ros2_ws/src/sar_experiment/install/crazyflie_interfaces/include/crazyflie_interfaces/crazyflie_interfaces/srv/upload_trajectory.hpp
[11.297s] -- Installing: /home/dlee/ros2_ws/src/sar_experiment/install/crazyflie_interfaces/include/crazyflie_interfaces/crazyflie_interfaces/srv/stop.hpp
[11.297s] -- Installing: /home/dlee/ros2_ws/src/sar_experiment/install/crazyflie_interfaces/include/crazyflie_interfaces/crazyflie_interfaces/srv/ctrl_cmd_srv.hpp
[11.297s] -- Up-to-date: /home/dlee/ros2_ws/src/sar_experiment/install/crazyflie_interfaces/include/crazyflie_interfaces/crazyflie_interfaces/srv/detail
[11.297s] -- Installing: /home/dlee/ros2_ws/src/sar_experiment/install/crazyflie_interfaces/include/crazyflie_interfaces/crazyflie_interfaces/srv/detail/add_logging__type_support.hpp
[11.297s] -- Installing: /home/dlee/ros2_ws/src/sar_experiment/install/crazyflie_interfaces/include/crazyflie_interfaces/crazyflie_interfaces/srv/detail/remove_logging__traits.hpp
[11.297s] -- Installing: /home/dlee/ros2_ws/src/sar_experiment/install/crazyflie_interfaces/include/crazyflie_interfaces/crazyflie_interfaces/srv/detail/notify_setpoints_stop__builder.hpp
[11.298s] -- Installing: /home/dlee/ros2_ws/src/sar_experiment/install/crazyflie_interfaces/include/crazyflie_interfaces/crazyflie_interfaces/srv/detail/land__traits.hpp
[11.298s] -- Installing: /home/dlee/ros2_ws/src/sar_experiment/install/crazyflie_interfaces/include/crazyflie_interfaces/crazyflie_interfaces/srv/detail/upload_trajectory__type_support.hpp
[11.298s] -- Installing: /home/dlee/ros2_ws/src/sar_experiment/install/crazyflie_interfaces/include/crazyflie_interfaces/crazyflie_interfaces/srv/detail/set_group_mask__traits.hpp
[11.298s] -- Installing: /home/dlee/ros2_ws/src/sar_experiment/install/crazyflie_interfaces/include/crazyflie_interfaces/crazyflie_interfaces/srv/detail/takeoff__traits.hpp
[11.298s] -- Installing: /home/dlee/ros2_ws/src/sar_experiment/install/crazyflie_interfaces/include/crazyflie_interfaces/crazyflie_interfaces/srv/detail/upload_trajectory__traits.hpp
[11.299s] -- Installing: /home/dlee/ros2_ws/src/sar_experiment/install/crazyflie_interfaces/include/crazyflie_interfaces/crazyflie_interfaces/srv/detail/go_to__type_support.hpp
[11.299s] -- Installing: /home/dlee/ros2_ws/src/sar_experiment/install/crazyflie_interfaces/include/crazyflie_interfaces/crazyflie_interfaces/srv/detail/ctrl_cmd_srv__traits.hpp
[11.299s] -- Installing: /home/dlee/ros2_ws/src/sar_experiment/install/crazyflie_interfaces/include/crazyflie_interfaces/crazyflie_interfaces/srv/detail/start_trajectory__traits.hpp
[11.299s] -- Installing: /home/dlee/ros2_ws/src/sar_experiment/install/crazyflie_interfaces/include/crazyflie_interfaces/crazyflie_interfaces/srv/detail/go_to__builder.hpp
[11.299s] -- Installing: /home/dlee/ros2_ws/src/sar_experiment/install/crazyflie_interfaces/include/crazyflie_interfaces/crazyflie_interfaces/srv/detail/land__builder.hpp
[11.300s] -- Installing: /home/dlee/ros2_ws/src/sar_experiment/install/crazyflie_interfaces/include/crazyflie_interfaces/crazyflie_interfaces/srv/detail/add_logging__struct.hpp
[11.300s] -- Installing: /home/dlee/ros2_ws/src/sar_experiment/install/crazyflie_interfaces/include/crazyflie_interfaces/crazyflie_interfaces/srv/detail/land__type_support.hpp
[11.301s] -- Installing: /home/dlee/ros2_ws/src/sar_experiment/install/crazyflie_interfaces/include/crazyflie_interfaces/crazyflie_interfaces/srv/detail/add_logging__traits.hpp
[11.301s] -- Installing: /home/dlee/ros2_ws/src/sar_experiment/install/crazyflie_interfaces/include/crazyflie_interfaces/crazyflie_interfaces/srv/detail/set_group_mask__type_support.hpp
[11.301s] -- Installing: /home/dlee/ros2_ws/src/sar_experiment/install/crazyflie_interfaces/include/crazyflie_interfaces/crazyflie_interfaces/srv/detail/ctrl_cmd_srv__struct.hpp
[11.301s] -- Installing: /home/dlee/ros2_ws/src/sar_experiment/install/crazyflie_interfaces/include/crazyflie_interfaces/crazyflie_interfaces/srv/detail/update_params__struct.hpp
[11.301s] -- Installing: /home/dlee/ros2_ws/src/sar_experiment/install/crazyflie_interfaces/include/crazyflie_interfaces/crazyflie_interfaces/srv/detail/notify_setpoints_stop__traits.hpp
[11.301s] -- Installing: /home/dlee/ros2_ws/src/sar_experiment/install/crazyflie_interfaces/include/crazyflie_interfaces/crazyflie_interfaces/srv/detail/ctrl_cmd_srv__type_support.hpp
[11.301s] -- Installing: /home/dlee/ros2_ws/src/sar_experiment/install/crazyflie_interfaces/include/crazyflie_interfaces/crazyflie_interfaces/srv/detail/add_logging__builder.hpp
[11.302s] -- Installing: /home/dlee/ros2_ws/src/sar_experiment/install/crazyflie_interfaces/include/crazyflie_interfaces/crazyflie_interfaces/srv/detail/remove_logging__builder.hpp
[11.302s] -- Installing: /home/dlee/ros2_ws/src/sar_experiment/install/crazyflie_interfaces/include/crazyflie_interfaces/crazyflie_interfaces/srv/detail/upload_trajectory__struct.hpp
[11.302s] -- Installing: /home/dlee/ros2_ws/src/sar_experiment/install/crazyflie_interfaces/include/crazyflie_interfaces/crazyflie_interfaces/srv/detail/update_params__builder.hpp
[11.302s] -- Installing: /home/dlee/ros2_ws/src/sar_experiment/install/crazyflie_interfaces/include/crazyflie_interfaces/crazyflie_interfaces/srv/detail/arm__type_support.hpp
[11.302s] -- Installing: /home/dlee/ros2_ws/src/sar_experiment/install/crazyflie_interfaces/include/crazyflie_interfaces/crazyflie_interfaces/srv/detail/arm__traits.hpp
[11.303s] -- Installing: /home/dlee/ros2_ws/src/sar_experiment/install/crazyflie_interfaces/include/crazyflie_interfaces/crazyflie_interfaces/srv/detail/stop__struct.hpp
[11.303s] -- Installing: /home/dlee/ros2_ws/src/sar_experiment/install/crazyflie_interfaces/include/crazyflie_interfaces/crazyflie_interfaces/srv/detail/start_trajectory__type_support.hpp
[11.303s] -- Installing: /home/dlee/ros2_ws/src/sar_experiment/install/crazyflie_interfaces/include/crazyflie_interfaces/crazyflie_interfaces/srv/detail/start_trajectory__builder.hpp
[11.304s] -- Installing: /home/dlee/ros2_ws/src/sar_experiment/install/crazyflie_interfaces/include/crazyflie_interfaces/crazyflie_interfaces/srv/detail/notify_setpoints_stop__struct.hpp
[11.304s] -- Installing: /home/dlee/ros2_ws/src/sar_experiment/install/crazyflie_interfaces/include/crazyflie_interfaces/crazyflie_interfaces/srv/detail/notify_setpoints_stop__type_support.hpp
[11.304s] -- Installing: /home/dlee/ros2_ws/src/sar_experiment/install/crazyflie_interfaces/include/crazyflie_interfaces/crazyflie_interfaces/srv/detail/set_group_mask__struct.hpp
[11.304s] -- Installing: /home/dlee/ros2_ws/src/sar_experiment/install/crazyflie_interfaces/include/crazyflie_interfaces/crazyflie_interfaces/srv/detail/go_to__struct.hpp
[11.304s] -- Installing: /home/dlee/ros2_ws/src/sar_experiment/install/crazyflie_interfaces/include/crazyflie_interfaces/crazyflie_interfaces/srv/detail/arm__struct.hpp
[11.304s] -- Installing: /home/dlee/ros2_ws/src/sar_experiment/install/crazyflie_interfaces/include/crazyflie_interfaces/crazyflie_interfaces/srv/detail/remove_logging__struct.hpp
[11.305s] -- Installing: /home/dlee/ros2_ws/src/sar_experiment/install/crazyflie_interfaces/include/crazyflie_interfaces/crazyflie_interfaces/srv/detail/update_params__traits.hpp
[11.305s] -- Installing: /home/dlee/ros2_ws/src/sar_experiment/install/crazyflie_interfaces/include/crazyflie_interfaces/crazyflie_interfaces/srv/detail/update_params__type_support.hpp
[11.305s] -- Installing: /home/dlee/ros2_ws/src/sar_experiment/install/crazyflie_interfaces/include/crazyflie_interfaces/crazyflie_interfaces/srv/detail/arm__builder.hpp
[11.305s] -- Installing: /home/dlee/ros2_ws/src/sar_experiment/install/crazyflie_interfaces/include/crazyflie_interfaces/crazyflie_interfaces/srv/detail/takeoff__type_support.hpp
[11.306s] -- Installing: /home/dlee/ros2_ws/src/sar_experiment/install/crazyflie_interfaces/include/crazyflie_interfaces/crazyflie_interfaces/srv/detail/start_trajectory__struct.hpp
[11.306s] -- Installing: /home/dlee/ros2_ws/src/sar_experiment/install/crazyflie_interfaces/include/crazyflie_interfaces/crazyflie_interfaces/srv/detail/ctrl_cmd_srv__builder.hpp
[11.306s] -- Installing: /home/dlee/ros2_ws/src/sar_experiment/install/crazyflie_interfaces/include/crazyflie_interfaces/crazyflie_interfaces/srv/detail/stop__traits.hpp
[11.306s] -- Installing: /home/dlee/ros2_ws/src/sar_experiment/install/crazyflie_interfaces/include/crazyflie_interfaces/crazyflie_interfaces/srv/detail/upload_trajectory__builder.hpp
[11.306s] -- Installing: /home/dlee/ros2_ws/src/sar_experiment/install/crazyflie_interfaces/include/crazyflie_interfaces/crazyflie_interfaces/srv/detail/takeoff__struct.hpp
[11.306s] -- Installing: /home/dlee/ros2_ws/src/sar_experiment/install/crazyflie_interfaces/include/crazyflie_interfaces/crazyflie_interfaces/srv/detail/takeoff__builder.hpp
[11.306s] -- Installing: /home/dlee/ros2_ws/src/sar_experiment/install/crazyflie_interfaces/include/crazyflie_interfaces/crazyflie_interfaces/srv/detail/stop__type_support.hpp
[11.306s] -- Installing: /home/dlee/ros2_ws/src/sar_experiment/install/crazyflie_interfaces/include/crazyflie_interfaces/crazyflie_interfaces/srv/detail/set_group_mask__builder.hpp
[11.307s] -- Installing: /home/dlee/ros2_ws/src/sar_experiment/install/crazyflie_interfaces/include/crazyflie_interfaces/crazyflie_interfaces/srv/detail/stop__builder.hpp
[11.307s] -- Installing: /home/dlee/ros2_ws/src/sar_experiment/install/crazyflie_interfaces/include/crazyflie_interfaces/crazyflie_interfaces/srv/detail/go_to__traits.hpp
[11.307s] -- Installing: /home/dlee/ros2_ws/src/sar_experiment/install/crazyflie_interfaces/include/crazyflie_interfaces/crazyflie_interfaces/srv/detail/remove_logging__type_support.hpp
[11.307s] -- Installing: /home/dlee/ros2_ws/src/sar_experiment/install/crazyflie_interfaces/include/crazyflie_interfaces/crazyflie_interfaces/srv/detail/land__struct.hpp
[11.307s] -- Installing: /home/dlee/ros2_ws/src/sar_experiment/install/crazyflie_interfaces/include/crazyflie_interfaces/crazyflie_interfaces/srv/land.hpp
[11.308s] -- Installing: /home/dlee/ros2_ws/src/sar_experiment/install/crazyflie_interfaces/include/crazyflie_interfaces/crazyflie_interfaces/srv/remove_logging.hpp
[11.308s] -- Installing: /home/dlee/ros2_ws/src/sar_experiment/install/crazyflie_interfaces/include/crazyflie_interfaces/crazyflie_interfaces/srv/takeoff.hpp
[11.308s] -- Installing: /home/dlee/ros2_ws/src/sar_experiment/install/crazyflie_interfaces/include/crazyflie_interfaces/crazyflie_interfaces/srv/update_params.hpp
[11.308s] -- Installing: /home/dlee/ros2_ws/src/sar_experiment/install/crazyflie_interfaces/include/crazyflie_interfaces/crazyflie_interfaces/srv/set_group_mask.hpp
[11.308s] -- Installing: /home/dlee/ros2_ws/src/sar_experiment/install/crazyflie_interfaces/include/crazyflie_interfaces/crazyflie_interfaces/srv/go_to.hpp
[11.309s] -- Installing: /home/dlee/ros2_ws/src/sar_experiment/install/crazyflie_interfaces/include/crazyflie_interfaces/crazyflie_interfaces/srv/notify_setpoints_stop.hpp
[11.309s] -- Installing: /home/dlee/ros2_ws/src/sar_experiment/install/crazyflie_interfaces/include/crazyflie_interfaces/crazyflie_interfaces/srv/arm.hpp
[11.309s] -- Up-to-date: /home/dlee/ros2_ws/src/sar_experiment/install/crazyflie_interfaces/include/crazyflie_interfaces/crazyflie_interfaces/msg
[11.309s] -- Installing: /home/dlee/ros2_ws/src/sar_experiment/install/crazyflie_interfaces/include/crazyflie_interfaces/crazyflie_interfaces/msg/connection_statistics_array.hpp
[11.309s] -- Installing: /home/dlee/ros2_ws/src/sar_experiment/install/crazyflie_interfaces/include/crazyflie_interfaces/crazyflie_interfaces/msg/log_data_generic.hpp
[11.309s] -- Installing: /home/dlee/ros2_ws/src/sar_experiment/install/crazyflie_interfaces/include/crazyflie_interfaces/crazyflie_interfaces/msg/velocity_world.hpp
[11.310s] -- Installing: /home/dlee/ros2_ws/src/sar_experiment/install/crazyflie_interfaces/include/crazyflie_interfaces/crazyflie_interfaces/msg/trajectory_polynomial_piece.hpp
[11.310s] -- Up-to-date: /home/dlee/ros2_ws/src/sar_experiment/install/crazyflie_interfaces/include/crazyflie_interfaces/crazyflie_interfaces/msg/detail
[11.310s] -- Installing: /home/dlee/ros2_ws/src/sar_experiment/install/crazyflie_interfaces/include/crazyflie_interfaces/crazyflie_interfaces/msg/detail/status__type_support.hpp
[11.310s] -- Installing: /home/dlee/ros2_ws/src/sar_experiment/install/crazyflie_interfaces/include/crazyflie_interfaces/crazyflie_interfaces/msg/detail/hover__type_support.hpp
[11.310s] -- Installing: /home/dlee/ros2_ws/src/sar_experiment/install/crazyflie_interfaces/include/crazyflie_interfaces/crazyflie_interfaces/msg/detail/log_data_generic__type_support.hpp
[11.310s] -- Installing: /home/dlee/ros2_ws/src/sar_experiment/install/crazyflie_interfaces/include/crazyflie_interfaces/crazyflie_interfaces/msg/detail/trajectory_polynomial_piece__builder.hpp
[11.311s] -- Installing: /home/dlee/ros2_ws/src/sar_experiment/install/crazyflie_interfaces/include/crazyflie_interfaces/crazyflie_interfaces/msg/detail/position__builder.hpp
[11.311s] -- Installing: /home/dlee/ros2_ws/src/sar_experiment/install/crazyflie_interfaces/include/crazyflie_interfaces/crazyflie_interfaces/msg/detail/position__traits.hpp
[11.311s] -- Installing: /home/dlee/ros2_ws/src/sar_experiment/install/crazyflie_interfaces/include/crazyflie_interfaces/crazyflie_interfaces/msg/detail/full_state__traits.hpp
[11.311s] -- Installing: /home/dlee/ros2_ws/src/sar_experiment/install/crazyflie_interfaces/include/crazyflie_interfaces/crazyflie_interfaces/msg/detail/hover__traits.hpp
[11.311s] -- Installing: /home/dlee/ros2_ws/src/sar_experiment/install/crazyflie_interfaces/include/crazyflie_interfaces/crazyflie_interfaces/msg/detail/connection_statistics_array__traits.hpp
[11.311s] -- Installing: /home/dlee/ros2_ws/src/sar_experiment/install/crazyflie_interfaces/include/crazyflie_interfaces/crazyflie_interfaces/msg/detail/connection_statistics_array__type_support.hpp
[11.312s] -- Installing: /home/dlee/ros2_ws/src/sar_experiment/install/crazyflie_interfaces/include/crazyflie_interfaces/crazyflie_interfaces/msg/detail/log_data_generic__traits.hpp
[11.312s] -- Installing: /home/dlee/ros2_ws/src/sar_experiment/install/crazyflie_interfaces/include/crazyflie_interfaces/crazyflie_interfaces/msg/detail/velocity_world__type_support.hpp
[11.312s] -- Installing: /home/dlee/ros2_ws/src/sar_experiment/install/crazyflie_interfaces/include/crazyflie_interfaces/crazyflie_interfaces/msg/detail/log_block__type_support.hpp
[11.312s] -- Installing: /home/dlee/ros2_ws/src/sar_experiment/install/crazyflie_interfaces/include/crazyflie_interfaces/crazyflie_interfaces/msg/detail/position__type_support.hpp
[11.312s] -- Installing: /home/dlee/ros2_ws/src/sar_experiment/install/crazyflie_interfaces/include/crazyflie_interfaces/crazyflie_interfaces/msg/detail/log_block__traits.hpp
[11.313s] -- Installing: /home/dlee/ros2_ws/src/sar_experiment/install/crazyflie_interfaces/include/crazyflie_interfaces/crazyflie_interfaces/msg/detail/status__struct.hpp
[11.313s] -- Installing: /home/dlee/ros2_ws/src/sar_experiment/install/crazyflie_interfaces/include/crazyflie_interfaces/crazyflie_interfaces/msg/detail/trajectory_polynomial_piece__struct.hpp
[11.313s] -- Installing: /home/dlee/ros2_ws/src/sar_experiment/install/crazyflie_interfaces/include/crazyflie_interfaces/crazyflie_interfaces/msg/detail/full_state__struct.hpp
[11.313s] -- Installing: /home/dlee/ros2_ws/src/sar_experiment/install/crazyflie_interfaces/include/crazyflie_interfaces/crazyflie_interfaces/msg/detail/trajectory_polynomial_piece__type_support.hpp
[11.313s] -- Installing: /home/dlee/ros2_ws/src/sar_experiment/install/crazyflie_interfaces/include/crazyflie_interfaces/crazyflie_interfaces/msg/detail/connection_statistics_array__builder.hpp
[11.314s] -- Installing: /home/dlee/ros2_ws/src/sar_experiment/install/crazyflie_interfaces/include/crazyflie_interfaces/crazyflie_interfaces/msg/detail/log_block__struct.hpp
[11.314s] -- Installing: /home/dlee/ros2_ws/src/sar_experiment/install/crazyflie_interfaces/include/crazyflie_interfaces/crazyflie_interfaces/msg/detail/connection_statistics__builder.hpp
[11.314s] -- Installing: /home/dlee/ros2_ws/src/sar_experiment/install/crazyflie_interfaces/include/crazyflie_interfaces/crazyflie_interfaces/msg/detail/connection_statistics__type_support.hpp
[11.314s] -- Installing: /home/dlee/ros2_ws/src/sar_experiment/install/crazyflie_interfaces/include/crazyflie_interfaces/crazyflie_interfaces/msg/detail/full_state__builder.hpp
[11.314s] -- Installing: /home/dlee/ros2_ws/src/sar_experiment/install/crazyflie_interfaces/include/crazyflie_interfaces/crazyflie_interfaces/msg/detail/velocity_world__struct.hpp
[11.315s] -- Installing: /home/dlee/ros2_ws/src/sar_experiment/install/crazyflie_interfaces/include/crazyflie_interfaces/crazyflie_interfaces/msg/detail/connection_statistics_array__struct.hpp
[11.315s] -- Installing: /home/dlee/ros2_ws/src/sar_experiment/install/crazyflie_interfaces/include/crazyflie_interfaces/crazyflie_interfaces/msg/detail/connection_statistics__struct.hpp
[11.315s] -- Installing: /home/dlee/ros2_ws/src/sar_experiment/install/crazyflie_interfaces/include/crazyflie_interfaces/crazyflie_interfaces/msg/detail/full_state__type_support.hpp
[11.315s] -- Installing: /home/dlee/ros2_ws/src/sar_experiment/install/crazyflie_interfaces/include/crazyflie_interfaces/crazyflie_interfaces/msg/detail/log_block__builder.hpp
[11.315s] -- Installing: /home/dlee/ros2_ws/src/sar_experiment/install/crazyflie_interfaces/include/crazyflie_interfaces/crazyflie_interfaces/msg/detail/status__builder.hpp
[11.316s] -- Installing: /home/dlee/ros2_ws/src/sar_experiment/install/crazyflie_interfaces/include/crazyflie_interfaces/crazyflie_interfaces/msg/detail/log_data_generic__struct.hpp
[11.316s] -- Installing: /home/dlee/ros2_ws/src/sar_experiment/install/crazyflie_interfaces/include/crazyflie_interfaces/crazyflie_interfaces/msg/detail/hover__builder.hpp
[11.316s] -- Installing: /home/dlee/ros2_ws/src/sar_experiment/install/crazyflie_interfaces/include/crazyflie_interfaces/crazyflie_interfaces/msg/detail/trajectory_polynomial_piece__traits.hpp
[11.316s] -- Installing: /home/dlee/ros2_ws/src/sar_experiment/install/crazyflie_interfaces/include/crazyflie_interfaces/crazyflie_interfaces/msg/detail/log_data_generic__builder.hpp
[11.316s] -- Installing: /home/dlee/ros2_ws/src/sar_experiment/install/crazyflie_interfaces/include/crazyflie_interfaces/crazyflie_interfaces/msg/detail/status__traits.hpp
[11.317s] -- Installing: /home/dlee/ros2_ws/src/sar_experiment/install/crazyflie_interfaces/include/crazyflie_interfaces/crazyflie_interfaces/msg/detail/velocity_world__traits.hpp
[11.317s] -- Installing: /home/dlee/ros2_ws/src/sar_experiment/install/crazyflie_interfaces/include/crazyflie_interfaces/crazyflie_interfaces/msg/detail/velocity_world__builder.hpp
[11.317s] -- Installing: /home/dlee/ros2_ws/src/sar_experiment/install/crazyflie_interfaces/include/crazyflie_interfaces/crazyflie_interfaces/msg/detail/connection_statistics__traits.hpp
[11.317s] -- Installing: /home/dlee/ros2_ws/src/sar_experiment/install/crazyflie_interfaces/include/crazyflie_interfaces/crazyflie_interfaces/msg/detail/position__struct.hpp
[11.317s] -- Installing: /home/dlee/ros2_ws/src/sar_experiment/install/crazyflie_interfaces/include/crazyflie_interfaces/crazyflie_interfaces/msg/detail/hover__struct.hpp
[11.317s] -- Installing: /home/dlee/ros2_ws/src/sar_experiment/install/crazyflie_interfaces/include/crazyflie_interfaces/crazyflie_interfaces/msg/rosidl_generator_cpp__visibility_control.hpp
[11.317s] -- Installing: /home/dlee/ros2_ws/src/sar_experiment/install/crazyflie_interfaces/include/crazyflie_interfaces/crazyflie_interfaces/msg/hover.hpp
[11.318s] -- Installing: /home/dlee/ros2_ws/src/sar_experiment/install/crazyflie_interfaces/include/crazyflie_interfaces/crazyflie_interfaces/msg/log_block.hpp
[11.318s] -- Installing: /home/dlee/ros2_ws/src/sar_experiment/install/crazyflie_interfaces/include/crazyflie_interfaces/crazyflie_interfaces/msg/position.hpp
[11.318s] -- Installing: /home/dlee/ros2_ws/src/sar_experiment/install/crazyflie_interfaces/include/crazyflie_interfaces/crazyflie_interfaces/msg/full_state.hpp
[11.318s] -- Installing: /home/dlee/ros2_ws/src/sar_experiment/install/crazyflie_interfaces/include/crazyflie_interfaces/crazyflie_interfaces/msg/connection_statistics.hpp
[11.318s] -- Installing: /home/dlee/ros2_ws/src/sar_experiment/install/crazyflie_interfaces/include/crazyflie_interfaces/crazyflie_interfaces/msg/status.hpp
[11.318s] -- Up-to-date: /home/dlee/ros2_ws/src/sar_experiment/install/crazyflie_interfaces/include/crazyflie_interfaces/crazyflie_interfaces
[11.319s] -- Up-to-date: /home/dlee/ros2_ws/src/sar_experiment/install/crazyflie_interfaces/include/crazyflie_interfaces/crazyflie_interfaces/srv
[11.319s] -- Up-to-date: /home/dlee/ros2_ws/src/sar_experiment/install/crazyflie_interfaces/include/crazyflie_interfaces/crazyflie_interfaces/srv/detail
[11.319s] -- Installing: /home/dlee/ros2_ws/src/sar_experiment/install/crazyflie_interfaces/include/crazyflie_interfaces/crazyflie_interfaces/srv/detail/takeoff__rosidl_typesupport_fastrtps_cpp.hpp
[11.319s] -- Installing: /home/dlee/ros2_ws/src/sar_experiment/install/crazyflie_interfaces/include/crazyflie_interfaces/crazyflie_interfaces/srv/detail/arm__rosidl_typesupport_fastrtps_cpp.hpp
[11.319s] -- Installing: /home/dlee/ros2_ws/src/sar_experiment/install/crazyflie_interfaces/include/crazyflie_interfaces/crazyflie_interfaces/srv/detail/land__rosidl_typesupport_fastrtps_cpp.hpp
[11.319s] -- Installing: /home/dlee/ros2_ws/src/sar_experiment/install/crazyflie_interfaces/include/crazyflie_interfaces/crazyflie_interfaces/srv/detail/go_to__rosidl_typesupport_fastrtps_cpp.hpp
[11.319s] -- Installing: /home/dlee/ros2_ws/src/sar_experiment/install/crazyflie_interfaces/include/crazyflie_interfaces/crazyflie_interfaces/srv/detail/upload_trajectory__rosidl_typesupport_fastrtps_cpp.hpp
[11.319s] -- Installing: /home/dlee/ros2_ws/src/sar_experiment/install/crazyflie_interfaces/include/crazyflie_interfaces/crazyflie_interfaces/srv/detail/ctrl_cmd_srv__rosidl_typesupport_fastrtps_cpp.hpp
[11.320s] -- Installing: /home/dlee/ros2_ws/src/sar_experiment/install/crazyflie_interfaces/include/crazyflie_interfaces/crazyflie_interfaces/srv/detail/add_logging__rosidl_typesupport_fastrtps_cpp.hpp
[11.320s] -- Installing: /home/dlee/ros2_ws/src/sar_experiment/install/crazyflie_interfaces/include/crazyflie_interfaces/crazyflie_interfaces/srv/detail/notify_setpoints_stop__rosidl_typesupport_fastrtps_cpp.hpp
[11.320s] -- Installing: /home/dlee/ros2_ws/src/sar_experiment/install/crazyflie_interfaces/include/crazyflie_interfaces/crazyflie_interfaces/srv/detail/remove_logging__rosidl_typesupport_fastrtps_cpp.hpp
[11.320s] -- Installing: /home/dlee/ros2_ws/src/sar_experiment/install/crazyflie_interfaces/include/crazyflie_interfaces/crazyflie_interfaces/srv/detail/dds_fastrtps
[11.320s] -- Installing: /home/dlee/ros2_ws/src/sar_experiment/install/crazyflie_interfaces/include/crazyflie_interfaces/crazyflie_interfaces/srv/detail/set_group_mask__rosidl_typesupport_fastrtps_cpp.hpp
[11.320s] -- Installing: /home/dlee/ros2_ws/src/sar_experiment/install/crazyflie_interfaces/include/crazyflie_interfaces/crazyflie_interfaces/srv/detail/update_params__rosidl_typesupport_fastrtps_cpp.hpp
[11.321s] -- Installing: /home/dlee/ros2_ws/src/sar_experiment/install/crazyflie_interfaces/include/crazyflie_interfaces/crazyflie_interfaces/srv/detail/stop__rosidl_typesupport_fastrtps_cpp.hpp
[11.321s] -- Installing: /home/dlee/ros2_ws/src/sar_experiment/install/crazyflie_interfaces/include/crazyflie_interfaces/crazyflie_interfaces/srv/detail/start_trajectory__rosidl_typesupport_fastrtps_cpp.hpp
[11.321s] -- Up-to-date: /home/dlee/ros2_ws/src/sar_experiment/install/crazyflie_interfaces/include/crazyflie_interfaces/crazyflie_interfaces/msg
[11.321s] -- Up-to-date: /home/dlee/ros2_ws/src/sar_experiment/install/crazyflie_interfaces/include/crazyflie_interfaces/crazyflie_interfaces/msg/detail
[11.321s] -- Installing: /home/dlee/ros2_ws/src/sar_experiment/install/crazyflie_interfaces/include/crazyflie_interfaces/crazyflie_interfaces/msg/detail/full_state__rosidl_typesupport_fastrtps_cpp.hpp
[11.321s] -- Installing: /home/dlee/ros2_ws/src/sar_experiment/install/crazyflie_interfaces/include/crazyflie_interfaces/crazyflie_interfaces/msg/detail/position__rosidl_typesupport_fastrtps_cpp.hpp
[11.321s] -- Installing: /home/dlee/ros2_ws/src/sar_experiment/install/crazyflie_interfaces/include/crazyflie_interfaces/crazyflie_interfaces/msg/detail/hover__rosidl_typesupport_fastrtps_cpp.hpp
[11.321s] -- Installing: /home/dlee/ros2_ws/src/sar_experiment/install/crazyflie_interfaces/include/crazyflie_interfaces/crazyflie_interfaces/msg/detail/dds_fastrtps
[11.322s] -- Installing: /home/dlee/ros2_ws/src/sar_experiment/install/crazyflie_interfaces/include/crazyflie_interfaces/crazyflie_interfaces/msg/detail/trajectory_polynomial_piece__rosidl_typesupport_fastrtps_cpp.hpp
[11.322s] -- Installing: /home/dlee/ros2_ws/src/sar_experiment/install/crazyflie_interfaces/include/crazyflie_interfaces/crazyflie_interfaces/msg/detail/connection_statistics__rosidl_typesupport_fastrtps_cpp.hpp
[11.322s] -- Installing: /home/dlee/ros2_ws/src/sar_experiment/install/crazyflie_interfaces/include/crazyflie_interfaces/crazyflie_interfaces/msg/detail/log_block__rosidl_typesupport_fastrtps_cpp.hpp
[11.322s] -- Installing: /home/dlee/ros2_ws/src/sar_experiment/install/crazyflie_interfaces/include/crazyflie_interfaces/crazyflie_interfaces/msg/detail/status__rosidl_typesupport_fastrtps_cpp.hpp
[11.322s] -- Installing: /home/dlee/ros2_ws/src/sar_experiment/install/crazyflie_interfaces/include/crazyflie_interfaces/crazyflie_interfaces/msg/detail/connection_statistics_array__rosidl_typesupport_fastrtps_cpp.hpp
[11.322s] -- Installing: /home/dlee/ros2_ws/src/sar_experiment/install/crazyflie_interfaces/include/crazyflie_interfaces/crazyflie_interfaces/msg/detail/velocity_world__rosidl_typesupport_fastrtps_cpp.hpp
[11.323s] -- Installing: /home/dlee/ros2_ws/src/sar_experiment/install/crazyflie_interfaces/include/crazyflie_interfaces/crazyflie_interfaces/msg/detail/log_data_generic__rosidl_typesupport_fastrtps_cpp.hpp
[11.323s] -- Installing: /home/dlee/ros2_ws/src/sar_experiment/install/crazyflie_interfaces/include/crazyflie_interfaces/crazyflie_interfaces/msg/rosidl_typesupport_fastrtps_cpp__visibility_control.h
[11.323s] -- Installing: /home/dlee/ros2_ws/src/sar_experiment/install/crazyflie_interfaces/lib/libcrazyflie_interfaces__rosidl_typesupport_fastrtps_cpp.so
[11.324s] -- Set runtime path of "/home/dlee/ros2_ws/src/sar_experiment/install/crazyflie_interfaces/lib/libcrazyflie_interfaces__rosidl_typesupport_fastrtps_cpp.so" to ""
[11.324s] -- Up-to-date: /home/dlee/ros2_ws/src/sar_experiment/install/crazyflie_interfaces/include/crazyflie_interfaces/crazyflie_interfaces
[11.324s] -- Up-to-date: /home/dlee/ros2_ws/src/sar_experiment/install/crazyflie_interfaces/include/crazyflie_interfaces/crazyflie_interfaces/srv
[11.324s] -- Up-to-date: /home/dlee/ros2_ws/src/sar_experiment/install/crazyflie_interfaces/include/crazyflie_interfaces/crazyflie_interfaces/srv/detail
[11.324s] -- Installing: /home/dlee/ros2_ws/src/sar_experiment/install/crazyflie_interfaces/include/crazyflie_interfaces/crazyflie_interfaces/srv/detail/add_logging__type_support.c
[11.325s] -- Installing: /home/dlee/ros2_ws/src/sar_experiment/install/crazyflie_interfaces/include/crazyflie_interfaces/crazyflie_interfaces/srv/detail/notify_setpoints_stop__rosidl_typesupport_introspection_c.h
[11.325s] -- Installing: /home/dlee/ros2_ws/src/sar_experiment/install/crazyflie_interfaces/include/crazyflie_interfaces/crazyflie_interfaces/srv/detail/stop__rosidl_typesupport_introspection_c.h
[11.325s] -- Installing: /home/dlee/ros2_ws/src/sar_experiment/install/crazyflie_interfaces/include/crazyflie_interfaces/crazyflie_interfaces/srv/detail/land__type_support.c
[11.325s] -- Installing: /home/dlee/ros2_ws/src/sar_experiment/install/crazyflie_interfaces/include/crazyflie_interfaces/crazyflie_interfaces/srv/detail/notify_setpoints_stop__type_support.c
[11.325s] -- Installing: /home/dlee/ros2_ws/src/sar_experiment/install/crazyflie_interfaces/include/crazyflie_interfaces/crazyflie_interfaces/srv/detail/ctrl_cmd_srv__type_support.c
[11.325s] -- Installing: /home/dlee/ros2_ws/src/sar_experiment/install/crazyflie_interfaces/include/crazyflie_interfaces/crazyflie_interfaces/srv/detail/arm__type_support.c
[11.326s] -- Installing: /home/dlee/ros2_ws/src/sar_experiment/install/crazyflie_interfaces/include/crazyflie_interfaces/crazyflie_interfaces/srv/detail/start_trajectory__rosidl_typesupport_introspection_c.h
[11.326s] -- Installing: /home/dlee/ros2_ws/src/sar_experiment/install/crazyflie_interfaces/include/crazyflie_interfaces/crazyflie_interfaces/srv/detail/add_logging__rosidl_typesupport_introspection_c.h
[11.326s] -- Installing: /home/dlee/ros2_ws/src/sar_experiment/install/crazyflie_interfaces/include/crazyflie_interfaces/crazyflie_interfaces/srv/detail/update_params__type_support.c
[11.326s] -- Installing: /home/dlee/ros2_ws/src/sar_experiment/install/crazyflie_interfaces/include/crazyflie_interfaces/crazyflie_interfaces/srv/detail/set_group_mask__rosidl_typesupport_introspection_c.h
[11.326s] -- Installing: /home/dlee/ros2_ws/src/sar_experiment/install/crazyflie_interfaces/include/crazyflie_interfaces/crazyflie_interfaces/srv/detail/start_trajectory__type_support.c
[11.327s] -- Installing: /home/dlee/ros2_ws/src/sar_experiment/install/crazyflie_interfaces/include/crazyflie_interfaces/crazyflie_interfaces/srv/detail/update_params__rosidl_typesupport_introspection_c.h
[11.327s] -- Installing: /home/dlee/ros2_ws/src/sar_experiment/install/crazyflie_interfaces/include/crazyflie_interfaces/crazyflie_interfaces/srv/detail/land__rosidl_typesupport_introspection_c.h
[11.327s] -- Installing: /home/dlee/ros2_ws/src/sar_experiment/install/crazyflie_interfaces/include/crazyflie_interfaces/crazyflie_interfaces/srv/detail/remove_logging__type_support.c
[11.327s] -- Installing: /home/dlee/ros2_ws/src/sar_experiment/install/crazyflie_interfaces/include/crazyflie_interfaces/crazyflie_interfaces/srv/detail/arm__rosidl_typesupport_introspection_c.h
[11.327s] -- Installing: /home/dlee/ros2_ws/src/sar_experiment/install/crazyflie_interfaces/include/crazyflie_interfaces/crazyflie_interfaces/srv/detail/ctrl_cmd_srv__rosidl_typesupport_introspection_c.h
[11.327s] -- Installing: /home/dlee/ros2_ws/src/sar_experiment/install/crazyflie_interfaces/include/crazyflie_interfaces/crazyflie_interfaces/srv/detail/remove_logging__rosidl_typesupport_introspection_c.h
[11.327s] -- Installing: /home/dlee/ros2_ws/src/sar_experiment/install/crazyflie_interfaces/include/crazyflie_interfaces/crazyflie_interfaces/srv/detail/takeoff__rosidl_typesupport_introspection_c.h
[11.327s] -- Installing: /home/dlee/ros2_ws/src/sar_experiment/install/crazyflie_interfaces/include/crazyflie_interfaces/crazyflie_interfaces/srv/detail/set_group_mask__type_support.c
[11.328s] -- Installing: /home/dlee/ros2_ws/src/sar_experiment/install/crazyflie_interfaces/include/crazyflie_interfaces/crazyflie_interfaces/srv/detail/upload_trajectory__type_support.c
[11.328s] -- Installing: /home/dlee/ros2_ws/src/sar_experiment/install/crazyflie_interfaces/include/crazyflie_interfaces/crazyflie_interfaces/srv/detail/upload_trajectory__rosidl_typesupport_introspection_c.h
[11.328s] -- Installing: /home/dlee/ros2_ws/src/sar_experiment/install/crazyflie_interfaces/include/crazyflie_interfaces/crazyflie_interfaces/srv/detail/takeoff__type_support.c
[11.328s] -- Installing: /home/dlee/ros2_ws/src/sar_experiment/install/crazyflie_interfaces/include/crazyflie_interfaces/crazyflie_interfaces/srv/detail/go_to__type_support.c
[11.328s] -- Installing: /home/dlee/ros2_ws/src/sar_experiment/install/crazyflie_interfaces/include/crazyflie_interfaces/crazyflie_interfaces/srv/detail/stop__type_support.c
[11.329s] -- Installing: /home/dlee/ros2_ws/src/sar_experiment/install/crazyflie_interfaces/include/crazyflie_interfaces/crazyflie_interfaces/srv/detail/go_to__rosidl_typesupport_introspection_c.h
[11.329s] -- Up-to-date: /home/dlee/ros2_ws/src/sar_experiment/install/crazyflie_interfaces/include/crazyflie_interfaces/crazyflie_interfaces/msg
[11.329s] -- Up-to-date: /home/dlee/ros2_ws/src/sar_experiment/install/crazyflie_interfaces/include/crazyflie_interfaces/crazyflie_interfaces/msg/detail
[11.329s] -- Installing: /home/dlee/ros2_ws/src/sar_experiment/install/crazyflie_interfaces/include/crazyflie_interfaces/crazyflie_interfaces/msg/detail/position__rosidl_typesupport_introspection_c.h
[11.329s] -- Installing: /home/dlee/ros2_ws/src/sar_experiment/install/crazyflie_interfaces/include/crazyflie_interfaces/crazyflie_interfaces/msg/detail/hover__rosidl_typesupport_introspection_c.h
[11.329s] -- Installing: /home/dlee/ros2_ws/src/sar_experiment/install/crazyflie_interfaces/include/crazyflie_interfaces/crazyflie_interfaces/msg/detail/trajectory_polynomial_piece__type_support.c
[11.329s] -- Installing: /home/dlee/ros2_ws/src/sar_experiment/install/crazyflie_interfaces/include/crazyflie_interfaces/crazyflie_interfaces/msg/detail/status__type_support.c
[11.330s] -- Installing: /home/dlee/ros2_ws/src/sar_experiment/install/crazyflie_interfaces/include/crazyflie_interfaces/crazyflie_interfaces/msg/detail/velocity_world__rosidl_typesupport_introspection_c.h
[11.330s] -- Installing: /home/dlee/ros2_ws/src/sar_experiment/install/crazyflie_interfaces/include/crazyflie_interfaces/crazyflie_interfaces/msg/detail/connection_statistics__type_support.c
[11.330s] -- Installing: /home/dlee/ros2_ws/src/sar_experiment/install/crazyflie_interfaces/include/crazyflie_interfaces/crazyflie_interfaces/msg/detail/full_state__rosidl_typesupport_introspection_c.h
[11.330s] -- Installing: /home/dlee/ros2_ws/src/sar_experiment/install/crazyflie_interfaces/include/crazyflie_interfaces/crazyflie_interfaces/msg/detail/status__rosidl_typesupport_introspection_c.h
[11.330s] -- Installing: /home/dlee/ros2_ws/src/sar_experiment/install/crazyflie_interfaces/include/crazyflie_interfaces/crazyflie_interfaces/msg/detail/full_state__type_support.c
[11.330s] -- Installing: /home/dlee/ros2_ws/src/sar_experiment/install/crazyflie_interfaces/include/crazyflie_interfaces/crazyflie_interfaces/msg/detail/log_block__type_support.c
[11.331s] -- Installing: /home/dlee/ros2_ws/src/sar_experiment/install/crazyflie_interfaces/include/crazyflie_interfaces/crazyflie_interfaces/msg/detail/velocity_world__type_support.c
[11.331s] -- Installing: /home/dlee/ros2_ws/src/sar_experiment/install/crazyflie_interfaces/include/crazyflie_interfaces/crazyflie_interfaces/msg/detail/log_data_generic__rosidl_typesupport_introspection_c.h
[11.331s] -- Installing: /home/dlee/ros2_ws/src/sar_experiment/install/crazyflie_interfaces/include/crazyflie_interfaces/crazyflie_interfaces/msg/detail/position__type_support.c
[11.331s] -- Installing: /home/dlee/ros2_ws/src/sar_experiment/install/crazyflie_interfaces/include/crazyflie_interfaces/crazyflie_interfaces/msg/detail/log_data_generic__type_support.c
[11.331s] -- Installing: /home/dlee/ros2_ws/src/sar_experiment/install/crazyflie_interfaces/include/crazyflie_interfaces/crazyflie_interfaces/msg/detail/trajectory_polynomial_piece__rosidl_typesupport_introspection_c.h
[11.331s] -- Installing: /home/dlee/ros2_ws/src/sar_experiment/install/crazyflie_interfaces/include/crazyflie_interfaces/crazyflie_interfaces/msg/detail/connection_statistics__rosidl_typesupport_introspection_c.h
[11.332s] -- Installing: /home/dlee/ros2_ws/src/sar_experiment/install/crazyflie_interfaces/include/crazyflie_interfaces/crazyflie_interfaces/msg/detail/connection_statistics_array__type_support.c
[11.332s] -- Installing: /home/dlee/ros2_ws/src/sar_experiment/install/crazyflie_interfaces/include/crazyflie_interfaces/crazyflie_interfaces/msg/detail/hover__type_support.c
[11.332s] -- Installing: /home/dlee/ros2_ws/src/sar_experiment/install/crazyflie_interfaces/include/crazyflie_interfaces/crazyflie_interfaces/msg/detail/log_block__rosidl_typesupport_introspection_c.h
[11.332s] -- Installing: /home/dlee/ros2_ws/src/sar_experiment/install/crazyflie_interfaces/include/crazyflie_interfaces/crazyflie_interfaces/msg/detail/connection_statistics_array__rosidl_typesupport_introspection_c.h
[11.332s] -- Installing: /home/dlee/ros2_ws/src/sar_experiment/install/crazyflie_interfaces/include/crazyflie_interfaces/crazyflie_interfaces/msg/rosidl_typesupport_introspection_c__visibility_control.h
[11.333s] -- Installing: /home/dlee/ros2_ws/src/sar_experiment/install/crazyflie_interfaces/lib/libcrazyflie_interfaces__rosidl_typesupport_introspection_c.so
[11.333s] -- Set runtime path of "/home/dlee/ros2_ws/src/sar_experiment/install/crazyflie_interfaces/lib/libcrazyflie_interfaces__rosidl_typesupport_introspection_c.so" to ""
[11.333s] -- Installing: /home/dlee/ros2_ws/src/sar_experiment/install/crazyflie_interfaces/lib/libcrazyflie_interfaces__rosidl_typesupport_c.so
[11.334s] -- Set runtime path of "/home/dlee/ros2_ws/src/sar_experiment/install/crazyflie_interfaces/lib/libcrazyflie_interfaces__rosidl_typesupport_c.so" to ""
[11.334s] -- Up-to-date: /home/dlee/ros2_ws/src/sar_experiment/install/crazyflie_interfaces/include/crazyflie_interfaces/crazyflie_interfaces
[11.334s] -- Up-to-date: /home/dlee/ros2_ws/src/sar_experiment/install/crazyflie_interfaces/include/crazyflie_interfaces/crazyflie_interfaces/srv
[11.334s] -- Up-to-date: /home/dlee/ros2_ws/src/sar_experiment/install/crazyflie_interfaces/include/crazyflie_interfaces/crazyflie_interfaces/srv/detail
[11.334s] -- Installing: /home/dlee/ros2_ws/src/sar_experiment/install/crazyflie_interfaces/include/crazyflie_interfaces/crazyflie_interfaces/srv/detail/remove_logging__rosidl_typesupport_introspection_cpp.hpp
[11.335s] -- Installing: /home/dlee/ros2_ws/src/sar_experiment/install/crazyflie_interfaces/include/crazyflie_interfaces/crazyflie_interfaces/srv/detail/start_trajectory__rosidl_typesupport_introspection_cpp.hpp
[11.335s] -- Installing: /home/dlee/ros2_ws/src/sar_experiment/install/crazyflie_interfaces/include/crazyflie_interfaces/crazyflie_interfaces/srv/detail/start_trajectory__type_support.cpp
[11.335s] -- Installing: /home/dlee/ros2_ws/src/sar_experiment/install/crazyflie_interfaces/include/crazyflie_interfaces/crazyflie_interfaces/srv/detail/takeoff__rosidl_typesupport_introspection_cpp.hpp
[11.335s] -- Installing: /home/dlee/ros2_ws/src/sar_experiment/install/crazyflie_interfaces/include/crazyflie_interfaces/crazyflie_interfaces/srv/detail/land__type_support.cpp
[11.335s] -- Installing: /home/dlee/ros2_ws/src/sar_experiment/install/crazyflie_interfaces/include/crazyflie_interfaces/crazyflie_interfaces/srv/detail/arm__type_support.cpp
[11.335s] -- Installing: /home/dlee/ros2_ws/src/sar_experiment/install/crazyflie_interfaces/include/crazyflie_interfaces/crazyflie_interfaces/srv/detail/update_params__rosidl_typesupport_introspection_cpp.hpp
[11.336s] -- Installing: /home/dlee/ros2_ws/src/sar_experiment/install/crazyflie_interfaces/include/crazyflie_interfaces/crazyflie_interfaces/srv/detail/upload_trajectory__rosidl_typesupport_introspection_cpp.hpp
[11.336s] -- Installing: /home/dlee/ros2_ws/src/sar_experiment/install/crazyflie_interfaces/include/crazyflie_interfaces/crazyflie_interfaces/srv/detail/remove_logging__type_support.cpp
[11.336s] -- Installing: /home/dlee/ros2_ws/src/sar_experiment/install/crazyflie_interfaces/include/crazyflie_interfaces/crazyflie_interfaces/srv/detail/add_logging__rosidl_typesupport_introspection_cpp.hpp
[11.336s] -- Installing: /home/dlee/ros2_ws/src/sar_experiment/install/crazyflie_interfaces/include/crazyflie_interfaces/crazyflie_interfaces/srv/detail/notify_setpoints_stop__type_support.cpp
[11.336s] -- Installing: /home/dlee/ros2_ws/src/sar_experiment/install/crazyflie_interfaces/include/crazyflie_interfaces/crazyflie_interfaces/srv/detail/add_logging__type_support.cpp
[11.337s] -- Installing: /home/dlee/ros2_ws/src/sar_experiment/install/crazyflie_interfaces/include/crazyflie_interfaces/crazyflie_interfaces/srv/detail/go_to__type_support.cpp
[11.337s] -- Installing: /home/dlee/ros2_ws/src/sar_experiment/install/crazyflie_interfaces/include/crazyflie_interfaces/crazyflie_interfaces/srv/detail/ctrl_cmd_srv__type_support.cpp
[11.337s] -- Installing: /home/dlee/ros2_ws/src/sar_experiment/install/crazyflie_interfaces/include/crazyflie_interfaces/crazyflie_interfaces/srv/detail/upload_trajectory__type_support.cpp
[11.337s] -- Installing: /home/dlee/ros2_ws/src/sar_experiment/install/crazyflie_interfaces/include/crazyflie_interfaces/crazyflie_interfaces/srv/detail/set_group_mask__rosidl_typesupport_introspection_cpp.hpp
[11.337s] -- Installing: /home/dlee/ros2_ws/src/sar_experiment/install/crazyflie_interfaces/include/crazyflie_interfaces/crazyflie_interfaces/srv/detail/arm__rosidl_typesupport_introspection_cpp.hpp
[11.337s] -- Installing: /home/dlee/ros2_ws/src/sar_experiment/install/crazyflie_interfaces/include/crazyflie_interfaces/crazyflie_interfaces/srv/detail/stop__rosidl_typesupport_introspection_cpp.hpp
[11.338s] -- Installing: /home/dlee/ros2_ws/src/sar_experiment/install/crazyflie_interfaces/include/crazyflie_interfaces/crazyflie_interfaces/srv/detail/stop__type_support.cpp
[11.338s] -- Installing: /home/dlee/ros2_ws/src/sar_experiment/install/crazyflie_interfaces/include/crazyflie_interfaces/crazyflie_interfaces/srv/detail/update_params__type_support.cpp
[11.338s] -- Installing: /home/dlee/ros2_ws/src/sar_experiment/install/crazyflie_interfaces/include/crazyflie_interfaces/crazyflie_interfaces/srv/detail/notify_setpoints_stop__rosidl_typesupport_introspection_cpp.hpp
[11.338s] -- Installing: /home/dlee/ros2_ws/src/sar_experiment/install/crazyflie_interfaces/include/crazyflie_interfaces/crazyflie_interfaces/srv/detail/land__rosidl_typesupport_introspection_cpp.hpp
[11.338s] -- Installing: /home/dlee/ros2_ws/src/sar_experiment/install/crazyflie_interfaces/include/crazyflie_interfaces/crazyflie_interfaces/srv/detail/go_to__rosidl_typesupport_introspection_cpp.hpp
[11.338s] -- Installing: /home/dlee/ros2_ws/src/sar_experiment/install/crazyflie_interfaces/include/crazyflie_interfaces/crazyflie_interfaces/srv/detail/ctrl_cmd_srv__rosidl_typesupport_introspection_cpp.hpp
[11.339s] -- Installing: /home/dlee/ros2_ws/src/sar_experiment/install/crazyflie_interfaces/include/crazyflie_interfaces/crazyflie_interfaces/srv/detail/takeoff__type_support.cpp
[11.339s] -- Installing: /home/dlee/ros2_ws/src/sar_experiment/install/crazyflie_interfaces/include/crazyflie_interfaces/crazyflie_interfaces/srv/detail/set_group_mask__type_support.cpp
[11.339s] -- Up-to-date: /home/dlee/ros2_ws/src/sar_experiment/install/crazyflie_interfaces/include/crazyflie_interfaces/crazyflie_interfaces/msg
[11.339s] -- Up-to-date: /home/dlee/ros2_ws/src/sar_experiment/install/crazyflie_interfaces/include/crazyflie_interfaces/crazyflie_interfaces/msg/detail
[11.339s] -- Installing: /home/dlee/ros2_ws/src/sar_experiment/install/crazyflie_interfaces/include/crazyflie_interfaces/crazyflie_interfaces/msg/detail/velocity_world__type_support.cpp
[11.339s] -- Installing: /home/dlee/ros2_ws/src/sar_experiment/install/crazyflie_interfaces/include/crazyflie_interfaces/crazyflie_interfaces/msg/detail/status__type_support.cpp
[11.340s] -- Installing: /home/dlee/ros2_ws/src/sar_experiment/install/crazyflie_interfaces/include/crazyflie_interfaces/crazyflie_interfaces/msg/detail/log_block__type_support.cpp
[11.340s] -- Installing: /home/dlee/ros2_ws/src/sar_experiment/install/crazyflie_interfaces/include/crazyflie_interfaces/crazyflie_interfaces/msg/detail/connection_statistics__type_support.cpp
[11.340s] -- Installing: /home/dlee/ros2_ws/src/sar_experiment/install/crazyflie_interfaces/include/crazyflie_interfaces/crazyflie_interfaces/msg/detail/log_data_generic__rosidl_typesupport_introspection_cpp.hpp
[11.340s] -- Installing: /home/dlee/ros2_ws/src/sar_experiment/install/crazyflie_interfaces/include/crazyflie_interfaces/crazyflie_interfaces/msg/detail/log_block__rosidl_typesupport_introspection_cpp.hpp
[11.340s] -- Installing: /home/dlee/ros2_ws/src/sar_experiment/install/crazyflie_interfaces/include/crazyflie_interfaces/crazyflie_interfaces/msg/detail/full_state__type_support.cpp
[11.340s] -- Installing: /home/dlee/ros2_ws/src/sar_experiment/install/crazyflie_interfaces/include/crazyflie_interfaces/crazyflie_interfaces/msg/detail/position__type_support.cpp
[11.340s] -- Installing: /home/dlee/ros2_ws/src/sar_experiment/install/crazyflie_interfaces/include/crazyflie_interfaces/crazyflie_interfaces/msg/detail/trajectory_polynomial_piece__rosidl_typesupport_introspection_cpp.hpp
[11.341s] -- Installing: /home/dlee/ros2_ws/src/sar_experiment/install/crazyflie_interfaces/include/crazyflie_interfaces/crazyflie_interfaces/msg/detail/log_data_generic__type_support.cpp
[11.341s] -- Installing: /home/dlee/ros2_ws/src/sar_experiment/install/crazyflie_interfaces/include/crazyflie_interfaces/crazyflie_interfaces/msg/detail/position__rosidl_typesupport_introspection_cpp.hpp
[11.341s] -- Installing: /home/dlee/ros2_ws/src/sar_experiment/install/crazyflie_interfaces/include/crazyflie_interfaces/crazyflie_interfaces/msg/detail/velocity_world__rosidl_typesupport_introspection_cpp.hpp
[11.341s] -- Installing: /home/dlee/ros2_ws/src/sar_experiment/install/crazyflie_interfaces/include/crazyflie_interfaces/crazyflie_interfaces/msg/detail/hover__rosidl_typesupport_introspection_cpp.hpp
[11.341s] -- Installing: /home/dlee/ros2_ws/src/sar_experiment/install/crazyflie_interfaces/include/crazyflie_interfaces/crazyflie_interfaces/msg/detail/connection_statistics__rosidl_typesupport_introspection_cpp.hpp
[11.342s] -- Installing: /home/dlee/ros2_ws/src/sar_experiment/install/crazyflie_interfaces/include/crazyflie_interfaces/crazyflie_interfaces/msg/detail/connection_statistics_array__rosidl_typesupport_introspection_cpp.hpp
[11.342s] -- Installing: /home/dlee/ros2_ws/src/sar_experiment/install/crazyflie_interfaces/include/crazyflie_interfaces/crazyflie_interfaces/msg/detail/hover__type_support.cpp
[11.342s] -- Installing: /home/dlee/ros2_ws/src/sar_experiment/install/crazyflie_interfaces/include/crazyflie_interfaces/crazyflie_interfaces/msg/detail/full_state__rosidl_typesupport_introspection_cpp.hpp
[11.342s] -- Installing: /home/dlee/ros2_ws/src/sar_experiment/install/crazyflie_interfaces/include/crazyflie_interfaces/crazyflie_interfaces/msg/detail/status__rosidl_typesupport_introspection_cpp.hpp
[11.342s] -- Installing: /home/dlee/ros2_ws/src/sar_experiment/install/crazyflie_interfaces/include/crazyflie_interfaces/crazyflie_interfaces/msg/detail/trajectory_polynomial_piece__type_support.cpp
[11.342s] -- Installing: /home/dlee/ros2_ws/src/sar_experiment/install/crazyflie_interfaces/include/crazyflie_interfaces/crazyflie_interfaces/msg/detail/connection_statistics_array__type_support.cpp
[11.342s] -- Installing: /home/dlee/ros2_ws/src/sar_experiment/install/crazyflie_interfaces/lib/libcrazyflie_interfaces__rosidl_typesupport_introspection_cpp.so
[11.344s] -- Set runtime path of "/home/dlee/ros2_ws/src/sar_experiment/install/crazyflie_interfaces/lib/libcrazyflie_interfaces__rosidl_typesupport_introspection_cpp.so" to ""
[11.344s] -- Installing: /home/dlee/ros2_ws/src/sar_experiment/install/crazyflie_interfaces/lib/libcrazyflie_interfaces__rosidl_typesupport_cpp.so
[11.344s] -- Set runtime path of "/home/dlee/ros2_ws/src/sar_experiment/install/crazyflie_interfaces/lib/libcrazyflie_interfaces__rosidl_typesupport_cpp.so" to ""
[11.345s] -- Installing: /home/dlee/ros2_ws/src/sar_experiment/install/crazyflie_interfaces/share/crazyflie_interfaces/environment/pythonpath.sh
[11.345s] -- Installing: /home/dlee/ros2_ws/src/sar_experiment/install/crazyflie_interfaces/share/crazyflie_interfaces/environment/pythonpath.dsv
[11.345s] -- Installing: /home/dlee/ros2_ws/src/sar_experiment/install/crazyflie_interfaces/local/lib/python3.10/dist-packages/crazyflie_interfaces-2.0.0-py3.10.egg-info
[11.345s] -- Installing: /home/dlee/ros2_ws/src/sar_experiment/install/crazyflie_interfaces/local/lib/python3.10/dist-packages/crazyflie_interfaces-2.0.0-py3.10.egg-info/dependency_links.txt
[11.345s] -- Installing: /home/dlee/ros2_ws/src/sar_experiment/install/crazyflie_interfaces/local/lib/python3.10/dist-packages/crazyflie_interfaces-2.0.0-py3.10.egg-info/PKG-INFO
[11.345s] -- Installing: /home/dlee/ros2_ws/src/sar_experiment/install/crazyflie_interfaces/local/lib/python3.10/dist-packages/crazyflie_interfaces-2.0.0-py3.10.egg-info/SOURCES.txt
[11.346s] -- Installing: /home/dlee/ros2_ws/src/sar_experiment/install/crazyflie_interfaces/local/lib/python3.10/dist-packages/crazyflie_interfaces-2.0.0-py3.10.egg-info/top_level.txt
[11.346s] -- Installing: /home/dlee/ros2_ws/src/sar_experiment/install/crazyflie_interfaces/local/lib/python3.10/dist-packages/crazyflie_interfaces
[11.346s] -- Installing: /home/dlee/ros2_ws/src/sar_experiment/install/crazyflie_interfaces/local/lib/python3.10/dist-packages/crazyflie_interfaces/crazyflie_interfaces_s__rosidl_typesupport_c.cpython-310-x86_64-linux-gnu.so
[11.346s] -- Installing: /home/dlee/ros2_ws/src/sar_experiment/install/crazyflie_interfaces/local/lib/python3.10/dist-packages/crazyflie_interfaces/srv
[11.346s] -- Installing: /home/dlee/ros2_ws/src/sar_experiment/install/crazyflie_interfaces/local/lib/python3.10/dist-packages/crazyflie_interfaces/srv/_ctrl_cmd_srv.py
[11.347s] -- Installing: /home/dlee/ros2_ws/src/sar_experiment/install/crazyflie_interfaces/local/lib/python3.10/dist-packages/crazyflie_interfaces/srv/_takeoff_s.c
[11.347s] -- Installing: /home/dlee/ros2_ws/src/sar_experiment/install/crazyflie_interfaces/local/lib/python3.10/dist-packages/crazyflie_interfaces/srv/_takeoff.py
[11.347s] -- Installing: /home/dlee/ros2_ws/src/sar_experiment/install/crazyflie_interfaces/local/lib/python3.10/dist-packages/crazyflie_interfaces/srv/_update_params_s.c
[11.347s] -- Installing: /home/dlee/ros2_ws/src/sar_experiment/install/crazyflie_interfaces/local/lib/python3.10/dist-packages/crazyflie_interfaces/srv/_notify_setpoints_stop_s.c
[11.347s] -- Installing: /home/dlee/ros2_ws/src/sar_experiment/install/crazyflie_interfaces/local/lib/python3.10/dist-packages/crazyflie_interfaces/srv/_set_group_mask.py
[11.347s] -- Installing: /home/dlee/ros2_ws/src/sar_experiment/install/crazyflie_interfaces/local/lib/python3.10/dist-packages/crazyflie_interfaces/srv/_go_to_s.c
[11.348s] -- Installing: /home/dlee/ros2_ws/src/sar_experiment/install/crazyflie_interfaces/local/lib/python3.10/dist-packages/crazyflie_interfaces/srv/_upload_trajectory_s.c
[11.348s] -- Installing: /home/dlee/ros2_ws/src/sar_experiment/install/crazyflie_interfaces/local/lib/python3.10/dist-packages/crazyflie_interfaces/srv/_stop.py
[11.348s] -- Installing: /home/dlee/ros2_ws/src/sar_experiment/install/crazyflie_interfaces/local/lib/python3.10/dist-packages/crazyflie_interfaces/srv/_start_trajectory_s.c
[11.348s] -- Installing: /home/dlee/ros2_ws/src/sar_experiment/install/crazyflie_interfaces/local/lib/python3.10/dist-packages/crazyflie_interfaces/srv/_set_group_mask_s.c
[11.348s] -- Installing: /home/dlee/ros2_ws/src/sar_experiment/install/crazyflie_interfaces/local/lib/python3.10/dist-packages/crazyflie_interfaces/srv/_land_s.c
[11.348s] -- Installing: /home/dlee/ros2_ws/src/sar_experiment/install/crazyflie_interfaces/local/lib/python3.10/dist-packages/crazyflie_interfaces/srv/_start_trajectory.py
[11.349s] -- Installing: /home/dlee/ros2_ws/src/sar_experiment/install/crazyflie_interfaces/local/lib/python3.10/dist-packages/crazyflie_interfaces/srv/_notify_setpoints_stop.py
[11.349s] -- Installing: /home/dlee/ros2_ws/src/sar_experiment/install/crazyflie_interfaces/local/lib/python3.10/dist-packages/crazyflie_interfaces/srv/_update_params.py
[11.349s] -- Installing: /home/dlee/ros2_ws/src/sar_experiment/install/crazyflie_interfaces/local/lib/python3.10/dist-packages/crazyflie_interfaces/srv/_arm_s.c
[11.349s] -- Installing: /home/dlee/ros2_ws/src/sar_experiment/install/crazyflie_interfaces/local/lib/python3.10/dist-packages/crazyflie_interfaces/srv/_go_to.py
[11.349s] -- Installing: /home/dlee/ros2_ws/src/sar_experiment/install/crazyflie_interfaces/local/lib/python3.10/dist-packages/crazyflie_interfaces/srv/_ctrl_cmd_srv_s.c
[11.349s] -- Installing: /home/dlee/ros2_ws/src/sar_experiment/install/crazyflie_interfaces/local/lib/python3.10/dist-packages/crazyflie_interfaces/srv/_add_logging.py
[11.350s] -- Installing: /home/dlee/ros2_ws/src/sar_experiment/install/crazyflie_interfaces/local/lib/python3.10/dist-packages/crazyflie_interfaces/srv/_stop_s.c
[11.350s] -- Installing: /home/dlee/ros2_ws/src/sar_experiment/install/crazyflie_interfaces/local/lib/python3.10/dist-packages/crazyflie_interfaces/srv/_arm.py
[11.350s] -- Installing: /home/dlee/ros2_ws/src/sar_experiment/install/crazyflie_interfaces/local/lib/python3.10/dist-packages/crazyflie_interfaces/srv/_remove_logging_s.c
[11.350s] -- Installing: /home/dlee/ros2_ws/src/sar_experiment/install/crazyflie_interfaces/local/lib/python3.10/dist-packages/crazyflie_interfaces/srv/__init__.py
[11.350s] -- Installing: /home/dlee/ros2_ws/src/sar_experiment/install/crazyflie_interfaces/local/lib/python3.10/dist-packages/crazyflie_interfaces/srv/_add_logging_s.c
[11.350s] -- Installing: /home/dlee/ros2_ws/src/sar_experiment/install/crazyflie_interfaces/local/lib/python3.10/dist-packages/crazyflie_interfaces/srv/_upload_trajectory.py
[11.351s] -- Installing: /home/dlee/ros2_ws/src/sar_experiment/install/crazyflie_interfaces/local/lib/python3.10/dist-packages/crazyflie_interfaces/srv/_land.py
[11.351s] -- Installing: /home/dlee/ros2_ws/src/sar_experiment/install/crazyflie_interfaces/local/lib/python3.10/dist-packages/crazyflie_interfaces/srv/_remove_logging.py
[11.351s] -- Installing: /home/dlee/ros2_ws/src/sar_experiment/install/crazyflie_interfaces/local/lib/python3.10/dist-packages/crazyflie_interfaces/_crazyflie_interfaces_s.ep.rosidl_typesupport_fastrtps_c.c
[11.351s] -- Installing: /home/dlee/ros2_ws/src/sar_experiment/install/crazyflie_interfaces/local/lib/python3.10/dist-packages/crazyflie_interfaces/crazyflie_interfaces_s__rosidl_typesupport_fastrtps_c.cpython-310-x86_64-linux-gnu.so
[11.352s] -- Installing: /home/dlee/ros2_ws/src/sar_experiment/install/crazyflie_interfaces/local/lib/python3.10/dist-packages/crazyflie_interfaces/libcrazyflie_interfaces__rosidl_generator_py.so
[11.352s] -- Installing: /home/dlee/ros2_ws/src/sar_experiment/install/crazyflie_interfaces/local/lib/python3.10/dist-packages/crazyflie_interfaces/msg
[11.352s] -- Installing: /home/dlee/ros2_ws/src/sar_experiment/install/crazyflie_interfaces/local/lib/python3.10/dist-packages/crazyflie_interfaces/msg/_hover.py
[11.352s] -- Installing: /home/dlee/ros2_ws/src/sar_experiment/install/crazyflie_interfaces/local/lib/python3.10/dist-packages/crazyflie_interfaces/msg/_position.py
[11.352s] -- Installing: /home/dlee/ros2_ws/src/sar_experiment/install/crazyflie_interfaces/local/lib/python3.10/dist-packages/crazyflie_interfaces/msg/_position_s.c
[11.353s] -- Installing: /home/dlee/ros2_ws/src/sar_experiment/install/crazyflie_interfaces/local/lib/python3.10/dist-packages/crazyflie_interfaces/msg/_status_s.c
[11.353s] -- Installing: /home/dlee/ros2_ws/src/sar_experiment/install/crazyflie_interfaces/local/lib/python3.10/dist-packages/crazyflie_interfaces/msg/_full_state_s.c
[11.353s] -- Installing: /home/dlee/ros2_ws/src/sar_experiment/install/crazyflie_interfaces/local/lib/python3.10/dist-packages/crazyflie_interfaces/msg/_trajectory_polynomial_piece_s.c
[11.353s] -- Installing: /home/dlee/ros2_ws/src/sar_experiment/install/crazyflie_interfaces/local/lib/python3.10/dist-packages/crazyflie_interfaces/msg/_log_block_s.c
[11.353s] -- Installing: /home/dlee/ros2_ws/src/sar_experiment/install/crazyflie_interfaces/local/lib/python3.10/dist-packages/crazyflie_interfaces/msg/_status.py
[11.353s] -- Installing: /home/dlee/ros2_ws/src/sar_experiment/install/crazyflie_interfaces/local/lib/python3.10/dist-packages/crazyflie_interfaces/msg/_velocity_world_s.c
[11.354s] -- Installing: /home/dlee/ros2_ws/src/sar_experiment/install/crazyflie_interfaces/local/lib/python3.10/dist-packages/crazyflie_interfaces/msg/_connection_statistics_array_s.c
[11.354s] -- Installing: /home/dlee/ros2_ws/src/sar_experiment/install/crazyflie_interfaces/local/lib/python3.10/dist-packages/crazyflie_interfaces/msg/_log_block.py
[11.354s] -- Installing: /home/dlee/ros2_ws/src/sar_experiment/install/crazyflie_interfaces/local/lib/python3.10/dist-packages/crazyflie_interfaces/msg/_connection_statistics.py
[11.354s] -- Installing: /home/dlee/ros2_ws/src/sar_experiment/install/crazyflie_interfaces/local/lib/python3.10/dist-packages/crazyflie_interfaces/msg/_full_state.py
[11.354s] -- Installing: /home/dlee/ros2_ws/src/sar_experiment/install/crazyflie_interfaces/local/lib/python3.10/dist-packages/crazyflie_interfaces/msg/_hover_s.c
[11.354s] -- Installing: /home/dlee/ros2_ws/src/sar_experiment/install/crazyflie_interfaces/local/lib/python3.10/dist-packages/crazyflie_interfaces/msg/_log_data_generic_s.c
[11.355s] -- Installing: /home/dlee/ros2_ws/src/sar_experiment/install/crazyflie_interfaces/local/lib/python3.10/dist-packages/crazyflie_interfaces/msg/__init__.py
[11.355s] -- Installing: /home/dlee/ros2_ws/src/sar_experiment/install/crazyflie_interfaces/local/lib/python3.10/dist-packages/crazyflie_interfaces/msg/_connection_statistics_s.c
[11.355s] -- Installing: /home/dlee/ros2_ws/src/sar_experiment/install/crazyflie_interfaces/local/lib/python3.10/dist-packages/crazyflie_interfaces/msg/_log_data_generic.py
[11.355s] -- Installing: /home/dlee/ros2_ws/src/sar_experiment/install/crazyflie_interfaces/local/lib/python3.10/dist-packages/crazyflie_interfaces/msg/_connection_statistics_array.py
[11.355s] -- Installing: /home/dlee/ros2_ws/src/sar_experiment/install/crazyflie_interfaces/local/lib/python3.10/dist-packages/crazyflie_interfaces/msg/_trajectory_polynomial_piece.py
[11.355s] -- Installing: /home/dlee/ros2_ws/src/sar_experiment/install/crazyflie_interfaces/local/lib/python3.10/dist-packages/crazyflie_interfaces/msg/_velocity_world.py
[11.356s] -- Installing: /home/dlee/ros2_ws/src/sar_experiment/install/crazyflie_interfaces/local/lib/python3.10/dist-packages/crazyflie_interfaces/crazyflie_interfaces_s__rosidl_typesupport_introspection_c.cpython-310-x86_64-linux-gnu.so
[11.356s] -- Installing: /home/dlee/ros2_ws/src/sar_experiment/install/crazyflie_interfaces/local/lib/python3.10/dist-packages/crazyflie_interfaces/_crazyflie_interfaces_s.ep.rosidl_typesupport_c.c
[11.356s] -- Installing: /home/dlee/ros2_ws/src/sar_experiment/install/crazyflie_interfaces/local/lib/python3.10/dist-packages/crazyflie_interfaces/_crazyflie_interfaces_s.ep.rosidl_typesupport_introspection_c.c
[11.357s] -- Installing: /home/dlee/ros2_ws/src/sar_experiment/install/crazyflie_interfaces/local/lib/python3.10/dist-packages/crazyflie_interfaces/__init__.py
[11.419s] Listing '/home/dlee/ros2_ws/src/sar_experiment/install/crazyflie_interfaces/local/lib/python3.10/dist-packages/crazyflie_interfaces'...
[11.419s] Compiling '/home/dlee/ros2_ws/src/sar_experiment/install/crazyflie_interfaces/local/lib/python3.10/dist-packages/crazyflie_interfaces/__init__.py'...
[11.419s] Listing '/home/dlee/ros2_ws/src/sar_experiment/install/crazyflie_interfaces/local/lib/python3.10/dist-packages/crazyflie_interfaces/msg'...
[11.419s] Compiling '/home/dlee/ros2_ws/src/sar_experiment/install/crazyflie_interfaces/local/lib/python3.10/dist-packages/crazyflie_interfaces/msg/__init__.py'...
[11.419s] Compiling '/home/dlee/ros2_ws/src/sar_experiment/install/crazyflie_interfaces/local/lib/python3.10/dist-packages/crazyflie_interfaces/msg/_connection_statistics.py'...
[11.419s] Compiling '/home/dlee/ros2_ws/src/sar_experiment/install/crazyflie_interfaces/local/lib/python3.10/dist-packages/crazyflie_interfaces/msg/_connection_statistics_array.py'...
[11.419s] Compiling '/home/dlee/ros2_ws/src/sar_experiment/install/crazyflie_interfaces/local/lib/python3.10/dist-packages/crazyflie_interfaces/msg/_full_state.py'...
[11.419s] Compiling '/home/dlee/ros2_ws/src/sar_experiment/install/crazyflie_interfaces/local/lib/python3.10/dist-packages/crazyflie_interfaces/msg/_hover.py'...
[11.419s] Compiling '/home/dlee/ros2_ws/src/sar_experiment/install/crazyflie_interfaces/local/lib/python3.10/dist-packages/crazyflie_interfaces/msg/_log_block.py'...
[11.419s] Compiling '/home/dlee/ros2_ws/src/sar_experiment/install/crazyflie_interfaces/local/lib/python3.10/dist-packages/crazyflie_interfaces/msg/_log_data_generic.py'...
[11.419s] Compiling '/home/dlee/ros2_ws/src/sar_experiment/install/crazyflie_interfaces/local/lib/python3.10/dist-packages/crazyflie_interfaces/msg/_position.py'...
[11.419s] Compiling '/home/dlee/ros2_ws/src/sar_experiment/install/crazyflie_interfaces/local/lib/python3.10/dist-packages/crazyflie_interfaces/msg/_status.py'...
[11.420s] Compiling '/home/dlee/ros2_ws/src/sar_experiment/install/crazyflie_interfaces/local/lib/python3.10/dist-packages/crazyflie_interfaces/msg/_trajectory_polynomial_piece.py'...
[11.420s] Compiling '/home/dlee/ros2_ws/src/sar_experiment/install/crazyflie_interfaces/local/lib/python3.10/dist-packages/crazyflie_interfaces/msg/_velocity_world.py'...
[11.420s] Listing '/home/dlee/ros2_ws/src/sar_experiment/install/crazyflie_interfaces/local/lib/python3.10/dist-packages/crazyflie_interfaces/srv'...
[11.420s] Compiling '/home/dlee/ros2_ws/src/sar_experiment/install/crazyflie_interfaces/local/lib/python3.10/dist-packages/crazyflie_interfaces/srv/__init__.py'...
[11.420s] Compiling '/home/dlee/ros2_ws/src/sar_experiment/install/crazyflie_interfaces/local/lib/python3.10/dist-packages/crazyflie_interfaces/srv/_add_logging.py'...
[11.420s] Compiling '/home/dlee/ros2_ws/src/sar_experiment/install/crazyflie_interfaces/local/lib/python3.10/dist-packages/crazyflie_interfaces/srv/_arm.py'...
[11.420s] Compiling '/home/dlee/ros2_ws/src/sar_experiment/install/crazyflie_interfaces/local/lib/python3.10/dist-packages/crazyflie_interfaces/srv/_ctrl_cmd_srv.py'...
[11.420s] Compiling '/home/dlee/ros2_ws/src/sar_experiment/install/crazyflie_interfaces/local/lib/python3.10/dist-packages/crazyflie_interfaces/srv/_go_to.py'...
[11.420s] Compiling '/home/dlee/ros2_ws/src/sar_experiment/install/crazyflie_interfaces/local/lib/python3.10/dist-packages/crazyflie_interfaces/srv/_land.py'...
[11.420s] Compiling '/home/dlee/ros2_ws/src/sar_experiment/install/crazyflie_interfaces/local/lib/python3.10/dist-packages/crazyflie_interfaces/srv/_notify_setpoints_stop.py'...
[11.420s] Compiling '/home/dlee/ros2_ws/src/sar_experiment/install/crazyflie_interfaces/local/lib/python3.10/dist-packages/crazyflie_interfaces/srv/_remove_logging.py'...
[11.420s] Compiling '/home/dlee/ros2_ws/src/sar_experiment/install/crazyflie_interfaces/local/lib/python3.10/dist-packages/crazyflie_interfaces/srv/_set_group_mask.py'...
[11.420s] Compiling '/home/dlee/ros2_ws/src/sar_experiment/install/crazyflie_interfaces/local/lib/python3.10/dist-packages/crazyflie_interfaces/srv/_start_trajectory.py'...
[11.420s] Compiling '/home/dlee/ros2_ws/src/sar_experiment/install/crazyflie_interfaces/local/lib/python3.10/dist-packages/crazyflie_interfaces/srv/_stop.py'...
[11.421s] Compiling '/home/dlee/ros2_ws/src/sar_experiment/install/crazyflie_interfaces/local/lib/python3.10/dist-packages/crazyflie_interfaces/srv/_takeoff.py'...
[11.421s] Compiling '/home/dlee/ros2_ws/src/sar_experiment/install/crazyflie_interfaces/local/lib/python3.10/dist-packages/crazyflie_interfaces/srv/_update_params.py'...
[11.421s] Compiling '/home/dlee/ros2_ws/src/sar_experiment/install/crazyflie_interfaces/local/lib/python3.10/dist-packages/crazyflie_interfaces/srv/_upload_trajectory.py'...
[11.423s] -- Installing: /home/dlee/ros2_ws/src/sar_experiment/install/crazyflie_interfaces/local/lib/python3.10/dist-packages/crazyflie_interfaces/crazyflie_interfaces_s__rosidl_typesupport_fastrtps_c.cpython-310-x86_64-linux-gnu.so
[11.423s] -- Set runtime path of "/home/dlee/ros2_ws/src/sar_experiment/install/crazyflie_interfaces/local/lib/python3.10/dist-packages/crazyflie_interfaces/crazyflie_interfaces_s__rosidl_typesupport_fastrtps_c.cpython-310-x86_64-linux-gnu.so" to ""
[11.423s] -- Installing: /home/dlee/ros2_ws/src/sar_experiment/install/crazyflie_interfaces/local/lib/python3.10/dist-packages/crazyflie_interfaces/crazyflie_interfaces_s__rosidl_typesupport_introspection_c.cpython-310-x86_64-linux-gnu.so
[11.424s] -- Set runtime path of "/home/dlee/ros2_ws/src/sar_experiment/install/crazyflie_interfaces/local/lib/python3.10/dist-packages/crazyflie_interfaces/crazyflie_interfaces_s__rosidl_typesupport_introspection_c.cpython-310-x86_64-linux-gnu.so" to ""
[11.424s] -- Installing: /home/dlee/ros2_ws/src/sar_experiment/install/crazyflie_interfaces/local/lib/python3.10/dist-packages/crazyflie_interfaces/crazyflie_interfaces_s__rosidl_typesupport_c.cpython-310-x86_64-linux-gnu.so
[11.425s] -- Set runtime path of "/home/dlee/ros2_ws/src/sar_experiment/install/crazyflie_interfaces/local/lib/python3.10/dist-packages/crazyflie_interfaces/crazyflie_interfaces_s__rosidl_typesupport_c.cpython-310-x86_64-linux-gnu.so" to ""
[11.425s] -- Installing: /home/dlee/ros2_ws/src/sar_experiment/install/crazyflie_interfaces/lib/libcrazyflie_interfaces__rosidl_generator_py.so
[11.425s] -- Set runtime path of "/home/dlee/ros2_ws/src/sar_experiment/install/crazyflie_interfaces/lib/libcrazyflie_interfaces__rosidl_generator_py.so" to ""
[11.426s] -- Installing: /home/dlee/ros2_ws/src/sar_experiment/install/crazyflie_interfaces/share/crazyflie_interfaces/msg/ConnectionStatistics.idl
[11.426s] -- Installing: /home/dlee/ros2_ws/src/sar_experiment/install/crazyflie_interfaces/share/crazyflie_interfaces/msg/ConnectionStatisticsArray.idl
[11.426s] -- Installing: /home/dlee/ros2_ws/src/sar_experiment/install/crazyflie_interfaces/share/crazyflie_interfaces/msg/FullState.idl
[11.426s] -- Installing: /home/dlee/ros2_ws/src/sar_experiment/install/crazyflie_interfaces/share/crazyflie_interfaces/msg/LogDataGeneric.idl
[11.426s] -- Installing: /home/dlee/ros2_ws/src/sar_experiment/install/crazyflie_interfaces/share/crazyflie_interfaces/msg/Hover.idl
[11.427s] -- Installing: /home/dlee/ros2_ws/src/sar_experiment/install/crazyflie_interfaces/share/crazyflie_interfaces/msg/LogBlock.idl
[11.427s] -- Installing: /home/dlee/ros2_ws/src/sar_experiment/install/crazyflie_interfaces/share/crazyflie_interfaces/msg/Position.idl
[11.427s] -- Installing: /home/dlee/ros2_ws/src/sar_experiment/install/crazyflie_interfaces/share/crazyflie_interfaces/msg/Status.idl
[11.427s] -- Installing: /home/dlee/ros2_ws/src/sar_experiment/install/crazyflie_interfaces/share/crazyflie_interfaces/msg/TrajectoryPolynomialPiece.idl
[11.427s] -- Installing: /home/dlee/ros2_ws/src/sar_experiment/install/crazyflie_interfaces/share/crazyflie_interfaces/msg/VelocityWorld.idl
[11.427s] -- Installing: /home/dlee/ros2_ws/src/sar_experiment/install/crazyflie_interfaces/share/crazyflie_interfaces/srv/GoTo.idl
[11.428s] -- Installing: /home/dlee/ros2_ws/src/sar_experiment/install/crazyflie_interfaces/share/crazyflie_interfaces/srv/Land.idl
[11.428s] -- Installing: /home/dlee/ros2_ws/src/sar_experiment/install/crazyflie_interfaces/share/crazyflie_interfaces/srv/NotifySetpointsStop.idl
[11.428s] -- Installing: /home/dlee/ros2_ws/src/sar_experiment/install/crazyflie_interfaces/share/crazyflie_interfaces/srv/SetGroupMask.idl
[11.428s] -- Installing: /home/dlee/ros2_ws/src/sar_experiment/install/crazyflie_interfaces/share/crazyflie_interfaces/srv/StartTrajectory.idl
[11.428s] -- Installing: /home/dlee/ros2_ws/src/sar_experiment/install/crazyflie_interfaces/share/crazyflie_interfaces/srv/Stop.idl
[11.429s] -- Installing: /home/dlee/ros2_ws/src/sar_experiment/install/crazyflie_interfaces/share/crazyflie_interfaces/srv/Takeoff.idl
[11.429s] -- Installing: /home/dlee/ros2_ws/src/sar_experiment/install/crazyflie_interfaces/share/crazyflie_interfaces/srv/UpdateParams.idl
[11.429s] -- Installing: /home/dlee/ros2_ws/src/sar_experiment/install/crazyflie_interfaces/share/crazyflie_interfaces/srv/UploadTrajectory.idl
[11.429s] -- Installing: /home/dlee/ros2_ws/src/sar_experiment/install/crazyflie_interfaces/share/crazyflie_interfaces/srv/RemoveLogging.idl
[11.429s] -- Installing: /home/dlee/ros2_ws/src/sar_experiment/install/crazyflie_interfaces/share/crazyflie_interfaces/srv/AddLogging.idl
[11.430s] -- Installing: /home/dlee/ros2_ws/src/sar_experiment/install/crazyflie_interfaces/share/crazyflie_interfaces/srv/Arm.idl
[11.430s] -- Installing: /home/dlee/ros2_ws/src/sar_experiment/install/crazyflie_interfaces/share/crazyflie_interfaces/srv/CTRLCmdSrv.idl
[11.430s] -- Installing: /home/dlee/ros2_ws/src/sar_experiment/install/crazyflie_interfaces/share/crazyflie_interfaces/msg/ConnectionStatistics.msg
[11.430s] -- Installing: /home/dlee/ros2_ws/src/sar_experiment/install/crazyflie_interfaces/share/crazyflie_interfaces/msg/ConnectionStatisticsArray.msg
[11.430s] -- Installing: /home/dlee/ros2_ws/src/sar_experiment/install/crazyflie_interfaces/share/crazyflie_interfaces/msg/FullState.msg
[11.431s] -- Installing: /home/dlee/ros2_ws/src/sar_experiment/install/crazyflie_interfaces/share/crazyflie_interfaces/msg/LogDataGeneric.msg
[11.431s] -- Installing: /home/dlee/ros2_ws/src/sar_experiment/install/crazyflie_interfaces/share/crazyflie_interfaces/msg/Hover.msg
[11.431s] -- Installing: /home/dlee/ros2_ws/src/sar_experiment/install/crazyflie_interfaces/share/crazyflie_interfaces/msg/LogBlock.msg
[11.431s] -- Installing: /home/dlee/ros2_ws/src/sar_experiment/install/crazyflie_interfaces/share/crazyflie_interfaces/msg/Position.msg
[11.431s] -- Installing: /home/dlee/ros2_ws/src/sar_experiment/install/crazyflie_interfaces/share/crazyflie_interfaces/msg/Status.msg
[11.432s] -- Installing: /home/dlee/ros2_ws/src/sar_experiment/install/crazyflie_interfaces/share/crazyflie_interfaces/msg/TrajectoryPolynomialPiece.msg
[11.432s] -- Installing: /home/dlee/ros2_ws/src/sar_experiment/install/crazyflie_interfaces/share/crazyflie_interfaces/msg/VelocityWorld.msg
[11.432s] -- Installing: /home/dlee/ros2_ws/src/sar_experiment/install/crazyflie_interfaces/share/crazyflie_interfaces/srv/GoTo.srv
[11.432s] -- Installing: /home/dlee/ros2_ws/src/sar_experiment/install/crazyflie_interfaces/share/crazyflie_interfaces/srv/GoTo_Request.msg
[11.432s] -- Installing: /home/dlee/ros2_ws/src/sar_experiment/install/crazyflie_interfaces/share/crazyflie_interfaces/srv/GoTo_Response.msg
[11.433s] -- Installing: /home/dlee/ros2_ws/src/sar_experiment/install/crazyflie_interfaces/share/crazyflie_interfaces/srv/Land.srv
[11.433s] -- Installing: /home/dlee/ros2_ws/src/sar_experiment/install/crazyflie_interfaces/share/crazyflie_interfaces/srv/Land_Request.msg
[11.433s] -- Installing: /home/dlee/ros2_ws/src/sar_experiment/install/crazyflie_interfaces/share/crazyflie_interfaces/srv/Land_Response.msg
[11.433s] -- Installing: /home/dlee/ros2_ws/src/sar_experiment/install/crazyflie_interfaces/share/crazyflie_interfaces/srv/NotifySetpointsStop.srv
[11.433s] -- Installing: /home/dlee/ros2_ws/src/sar_experiment/install/crazyflie_interfaces/share/crazyflie_interfaces/srv/NotifySetpointsStop_Request.msg
[11.433s] -- Installing: /home/dlee/ros2_ws/src/sar_experiment/install/crazyflie_interfaces/share/crazyflie_interfaces/srv/NotifySetpointsStop_Response.msg
[11.434s] -- Installing: /home/dlee/ros2_ws/src/sar_experiment/install/crazyflie_interfaces/share/crazyflie_interfaces/srv/SetGroupMask.srv
[11.434s] -- Installing: /home/dlee/ros2_ws/src/sar_experiment/install/crazyflie_interfaces/share/crazyflie_interfaces/srv/SetGroupMask_Request.msg
[11.434s] -- Installing: /home/dlee/ros2_ws/src/sar_experiment/install/crazyflie_interfaces/share/crazyflie_interfaces/srv/SetGroupMask_Response.msg
[11.434s] -- Installing: /home/dlee/ros2_ws/src/sar_experiment/install/crazyflie_interfaces/share/crazyflie_interfaces/srv/StartTrajectory.srv
[11.434s] -- Installing: /home/dlee/ros2_ws/src/sar_experiment/install/crazyflie_interfaces/share/crazyflie_interfaces/srv/StartTrajectory_Request.msg
[11.435s] -- Installing: /home/dlee/ros2_ws/src/sar_experiment/install/crazyflie_interfaces/share/crazyflie_interfaces/srv/StartTrajectory_Response.msg
[11.435s] -- Installing: /home/dlee/ros2_ws/src/sar_experiment/install/crazyflie_interfaces/share/crazyflie_interfaces/srv/Stop.srv
[11.435s] -- Installing: /home/dlee/ros2_ws/src/sar_experiment/install/crazyflie_interfaces/share/crazyflie_interfaces/srv/Stop_Request.msg
[11.435s] -- Installing: /home/dlee/ros2_ws/src/sar_experiment/install/crazyflie_interfaces/share/crazyflie_interfaces/srv/Stop_Response.msg
[11.435s] -- Installing: /home/dlee/ros2_ws/src/sar_experiment/install/crazyflie_interfaces/share/crazyflie_interfaces/srv/Takeoff.srv
[11.436s] -- Installing: /home/dlee/ros2_ws/src/sar_experiment/install/crazyflie_interfaces/share/crazyflie_interfaces/srv/Takeoff_Request.msg
[11.436s] -- Installing: /home/dlee/ros2_ws/src/sar_experiment/install/crazyflie_interfaces/share/crazyflie_interfaces/srv/Takeoff_Response.msg
[11.436s] -- Installing: /home/dlee/ros2_ws/src/sar_experiment/install/crazyflie_interfaces/share/crazyflie_interfaces/srv/UpdateParams.srv
[11.436s] -- Installing: /home/dlee/ros2_ws/src/sar_experiment/install/crazyflie_interfaces/share/crazyflie_interfaces/srv/UpdateParams_Request.msg
[11.436s] -- Installing: /home/dlee/ros2_ws/src/sar_experiment/install/crazyflie_interfaces/share/crazyflie_interfaces/srv/UpdateParams_Response.msg
[11.437s] -- Installing: /home/dlee/ros2_ws/src/sar_experiment/install/crazyflie_interfaces/share/crazyflie_interfaces/srv/UploadTrajectory.srv
[11.437s] -- Installing: /home/dlee/ros2_ws/src/sar_experiment/install/crazyflie_interfaces/share/crazyflie_interfaces/srv/UploadTrajectory_Request.msg
[11.437s] -- Installing: /home/dlee/ros2_ws/src/sar_experiment/install/crazyflie_interfaces/share/crazyflie_interfaces/srv/UploadTrajectory_Response.msg
[11.437s] -- Installing: /home/dlee/ros2_ws/src/sar_experiment/install/crazyflie_interfaces/share/crazyflie_interfaces/srv/RemoveLogging.srv
[11.437s] -- Installing: /home/dlee/ros2_ws/src/sar_experiment/install/crazyflie_interfaces/share/crazyflie_interfaces/srv/RemoveLogging_Request.msg
[11.438s] -- Installing: /home/dlee/ros2_ws/src/sar_experiment/install/crazyflie_interfaces/share/crazyflie_interfaces/srv/RemoveLogging_Response.msg
[11.438s] -- Installing: /home/dlee/ros2_ws/src/sar_experiment/install/crazyflie_interfaces/share/crazyflie_interfaces/srv/AddLogging.srv
[11.438s] -- Installing: /home/dlee/ros2_ws/src/sar_experiment/install/crazyflie_interfaces/share/crazyflie_interfaces/srv/AddLogging_Request.msg
[11.438s] -- Installing: /home/dlee/ros2_ws/src/sar_experiment/install/crazyflie_interfaces/share/crazyflie_interfaces/srv/AddLogging_Response.msg
[11.439s] -- Installing: /home/dlee/ros2_ws/src/sar_experiment/install/crazyflie_interfaces/share/crazyflie_interfaces/srv/Arm.srv
[11.439s] -- Installing: /home/dlee/ros2_ws/src/sar_experiment/install/crazyflie_interfaces/share/crazyflie_interfaces/srv/Arm_Request.msg
[11.439s] -- Installing: /home/dlee/ros2_ws/src/sar_experiment/install/crazyflie_interfaces/share/crazyflie_interfaces/srv/Arm_Response.msg
[11.439s] -- Installing: /home/dlee/ros2_ws/src/sar_experiment/install/crazyflie_interfaces/share/crazyflie_interfaces/srv/CTRLCmdSrv.srv
[11.439s] -- Installing: /home/dlee/ros2_ws/src/sar_experiment/install/crazyflie_interfaces/share/crazyflie_interfaces/srv/CTRLCmdSrv_Request.msg
[11.440s] -- Installing: /home/dlee/ros2_ws/src/sar_experiment/install/crazyflie_interfaces/share/crazyflie_interfaces/srv/CTRLCmdSrv_Response.msg
[11.440s] -- Installing: /home/dlee/ros2_ws/src/sar_experiment/install/crazyflie_interfaces/share/ament_index/resource_index/package_run_dependencies/crazyflie_interfaces
[11.440s] -- Installing: /home/dlee/ros2_ws/src/sar_experiment/install/crazyflie_interfaces/share/ament_index/resource_index/parent_prefix_path/crazyflie_interfaces
[11.440s] -- Installing: /home/dlee/ros2_ws/src/sar_experiment/install/crazyflie_interfaces/share/crazyflie_interfaces/environment/ament_prefix_path.sh
[11.440s] -- Installing: /home/dlee/ros2_ws/src/sar_experiment/install/crazyflie_interfaces/share/crazyflie_interfaces/environment/ament_prefix_path.dsv
[11.441s] -- Installing: /home/dlee/ros2_ws/src/sar_experiment/install/crazyflie_interfaces/share/crazyflie_interfaces/environment/path.sh
[11.441s] -- Installing: /home/dlee/ros2_ws/src/sar_experiment/install/crazyflie_interfaces/share/crazyflie_interfaces/environment/path.dsv
[11.441s] -- Installing: /home/dlee/ros2_ws/src/sar_experiment/install/crazyflie_interfaces/share/crazyflie_interfaces/local_setup.bash
[11.441s] -- Installing: /home/dlee/ros2_ws/src/sar_experiment/install/crazyflie_interfaces/share/crazyflie_interfaces/local_setup.sh
[11.441s] -- Installing: /home/dlee/ros2_ws/src/sar_experiment/install/crazyflie_interfaces/share/crazyflie_interfaces/local_setup.zsh
[11.442s] -- Installing: /home/dlee/ros2_ws/src/sar_experiment/install/crazyflie_interfaces/share/crazyflie_interfaces/local_setup.dsv
[11.442s] -- Installing: /home/dlee/ros2_ws/src/sar_experiment/install/crazyflie_interfaces/share/crazyflie_interfaces/package.dsv
[11.442s] -- Installing: /home/dlee/ros2_ws/src/sar_experiment/install/crazyflie_interfaces/share/ament_index/resource_index/packages/crazyflie_interfaces
[11.442s] -- Installing: /home/dlee/ros2_ws/src/sar_experiment/install/crazyflie_interfaces/share/crazyflie_interfaces/cmake/export_crazyflie_interfaces__rosidl_generator_cExport.cmake
[11.443s] -- Installing: /home/dlee/ros2_ws/src/sar_experiment/install/crazyflie_interfaces/share/crazyflie_interfaces/cmake/export_crazyflie_interfaces__rosidl_generator_cExport-noconfig.cmake
[11.443s] -- Installing: /home/dlee/ros2_ws/src/sar_experiment/install/crazyflie_interfaces/share/crazyflie_interfaces/cmake/export_crazyflie_interfaces__rosidl_typesupport_fastrtps_cExport.cmake
[11.443s] -- Installing: /home/dlee/ros2_ws/src/sar_experiment/install/crazyflie_interfaces/share/crazyflie_interfaces/cmake/export_crazyflie_interfaces__rosidl_typesupport_fastrtps_cExport-noconfig.cmake
[11.443s] -- Installing: /home/dlee/ros2_ws/src/sar_experiment/install/crazyflie_interfaces/share/crazyflie_interfaces/cmake/export_crazyflie_interfaces__rosidl_generator_cppExport.cmake
[11.443s] -- Installing: /home/dlee/ros2_ws/src/sar_experiment/install/crazyflie_interfaces/share/crazyflie_interfaces/cmake/export_crazyflie_interfaces__rosidl_typesupport_fastrtps_cppExport.cmake
[11.444s] -- Installing: /home/dlee/ros2_ws/src/sar_experiment/install/crazyflie_interfaces/share/crazyflie_interfaces/cmake/export_crazyflie_interfaces__rosidl_typesupport_fastrtps_cppExport-noconfig.cmake
[11.444s] -- Installing: /home/dlee/ros2_ws/src/sar_experiment/install/crazyflie_interfaces/share/crazyflie_interfaces/cmake/crazyflie_interfaces__rosidl_typesupport_introspection_cExport.cmake
[11.444s] -- Installing: /home/dlee/ros2_ws/src/sar_experiment/install/crazyflie_interfaces/share/crazyflie_interfaces/cmake/crazyflie_interfaces__rosidl_typesupport_introspection_cExport-noconfig.cmake
[11.444s] -- Installing: /home/dlee/ros2_ws/src/sar_experiment/install/crazyflie_interfaces/share/crazyflie_interfaces/cmake/crazyflie_interfaces__rosidl_typesupport_cExport.cmake
[11.444s] -- Installing: /home/dlee/ros2_ws/src/sar_experiment/install/crazyflie_interfaces/share/crazyflie_interfaces/cmake/crazyflie_interfaces__rosidl_typesupport_cExport-noconfig.cmake
[11.445s] -- Installing: /home/dlee/ros2_ws/src/sar_experiment/install/crazyflie_interfaces/share/crazyflie_interfaces/cmake/crazyflie_interfaces__rosidl_typesupport_introspection_cppExport.cmake
[11.445s] -- Installing: /home/dlee/ros2_ws/src/sar_experiment/install/crazyflie_interfaces/share/crazyflie_interfaces/cmake/crazyflie_interfaces__rosidl_typesupport_introspection_cppExport-noconfig.cmake
[11.445s] -- Installing: /home/dlee/ros2_ws/src/sar_experiment/install/crazyflie_interfaces/share/crazyflie_interfaces/cmake/crazyflie_interfaces__rosidl_typesupport_cppExport.cmake
[11.445s] -- Installing: /home/dlee/ros2_ws/src/sar_experiment/install/crazyflie_interfaces/share/crazyflie_interfaces/cmake/crazyflie_interfaces__rosidl_typesupport_cppExport-noconfig.cmake
[11.446s] -- Installing: /home/dlee/ros2_ws/src/sar_experiment/install/crazyflie_interfaces/share/crazyflie_interfaces/cmake/export_crazyflie_interfaces__rosidl_generator_pyExport.cmake
[11.446s] -- Installing: /home/dlee/ros2_ws/src/sar_experiment/install/crazyflie_interfaces/share/crazyflie_interfaces/cmake/export_crazyflie_interfaces__rosidl_generator_pyExport-noconfig.cmake
[11.446s] -- Installing: /home/dlee/ros2_ws/src/sar_experiment/install/crazyflie_interfaces/share/crazyflie_interfaces/cmake/rosidl_cmake-extras.cmake
[11.446s] -- Installing: /home/dlee/ros2_ws/src/sar_experiment/install/crazyflie_interfaces/share/crazyflie_interfaces/cmake/ament_cmake_export_dependencies-extras.cmake
[11.446s] -- Installing: /home/dlee/ros2_ws/src/sar_experiment/install/crazyflie_interfaces/share/crazyflie_interfaces/cmake/ament_cmake_export_include_directories-extras.cmake
[11.447s] -- Installing: /home/dlee/ros2_ws/src/sar_experiment/install/crazyflie_interfaces/share/crazyflie_interfaces/cmake/ament_cmake_export_libraries-extras.cmake
[11.447s] -- Installing: /home/dlee/ros2_ws/src/sar_experiment/install/crazyflie_interfaces/share/crazyflie_interfaces/cmake/ament_cmake_export_targets-extras.cmake
[11.447s] -- Installing: /home/dlee/ros2_ws/src/sar_experiment/install/crazyflie_interfaces/share/crazyflie_interfaces/cmake/rosidl_cmake_export_typesupport_targets-extras.cmake
[11.447s] -- Installing: /home/dlee/ros2_ws/src/sar_experiment/install/crazyflie_interfaces/share/crazyflie_interfaces/cmake/rosidl_cmake_export_typesupport_libraries-extras.cmake
[11.447s] -- Installing: /home/dlee/ros2_ws/src/sar_experiment/install/crazyflie_interfaces/share/crazyflie_interfaces/cmake/crazyflie_interfacesConfig.cmake
[11.448s] -- Installing: /home/dlee/ros2_ws/src/sar_experiment/install/crazyflie_interfaces/share/crazyflie_interfaces/cmake/crazyflie_interfacesConfig-version.cmake
[11.448s] -- Installing: /home/dlee/ros2_ws/src/sar_experiment/install/crazyflie_interfaces/share/crazyflie_interfaces/package.xml
[11.451s] Invoked command in '/home/dlee/ros2_ws/src/sar_experiment/build/crazyflie_interfaces' returned '0': CMAKE_PREFIX_PATH=${CMAKE_PREFIX_PATH}:/home/dlee/ros2_ws/install/crazyflie_py:/opt/ros/humble /usr/bin/cmake --install /home/dlee/ros2_ws/src/sar_experiment/build/crazyflie_interfaces
